stratum,headword,sim_mw,sim_ap,sim_random,mw_minus_ap
PHIL,kAvyamImAMsA,0.4,0.0,0.0,0.4
PHIL,pIlu,0.4103,0.037,0.0,0.3732
PHIL,BUtakft,0.3333,0.0,0.0,0.3333
PHIL,JallarI,0.32,0.0,0.0,0.32
PHIL,pakti,0.2903,0.0,0.0,0.2903
PHIL,durvAsanA,0.2857,0.0,0.0,0.2857
PHIL,BAsvara,0.375,0.1,0.0,0.275
PHIL,kAkAdanI,0.2727,0.0,0.0,0.2727
PHIL,svArAj,0.25,0.0,0.0,0.25
PHIL,pradeSinI,0.25,0.0,0.0,0.25
PHIL,AtmahatyA,0.25,0.0,0.0,0.25
PHIL,vijYAnamaya,0.25,0.0,0.0,0.25
PHIL,karta,0.2308,0.0,0.0,0.2308
PHIL,aSakti,0.3333,0.1111,0.0,0.2222
PHIL,seSvara,0.2222,0.0,0.0,0.2222
PHIL,anvayin,0.2222,0.0,0.0,0.2222
PHIL,asu,0.2222,0.0,0.0,0.2222
PHIL,pratyAtmam,0.2222,0.0,0.0,0.2222
PHIL,prAsravaRa,0.2143,0.0,0.0,0.2143
VERB,GUr,0.2,0.0,0.0,0.2
VERB,maNK,0.2,0.0,0.0,0.2
PHIL,mfqAnI,0.2,0.0,0.0,0.2
PHIL,amBoja,0.2,0.0,0.0,0.2
PHIL,kAmapati,0.2,0.0,0.0,0.2
PHIL,nIrUpa,0.2,0.0,0.0,0.2
PHIL,damUnas,0.2,0.0,0.0,0.2
PHIL,nyUNKa,0.1875,0.0,0.0,0.1875
PHIL,pacata,0.3077,0.125,0.0,0.1827
VERB,pul,0.1818,0.0,0.0,0.1818
PHIL,KalevAlI,0.1818,0.0,0.0,0.1818
PHIL,pUrvaka,0.2381,0.0606,0.0,0.1775
PHIL,naBasya,0.1765,0.0,0.0,0.1765
PHIL,meya,0.2857,0.1111,0.0,0.1746
PHIL,kIwa,0.1739,0.0,0.0,0.1739
PHIL,prAvfzeRya,0.1739,0.0,0.0,0.1739
PHIL,pravartaka,0.2245,0.0513,0.0,0.1732
PHIL,BIzaRa,0.2353,0.0625,0.0,0.1728
PHIL,sODa,0.1714,0.0,0.0,0.1714
PHIL,durita,0.3684,0.2,0.0,0.1684
VERB,Blakz,0.1667,0.0,0.0,0.1667
PHIL,prasUna,0.1667,0.0,0.0,0.1667
PHIL,ASuSukzaRi,0.1667,0.0,0.0,0.1667
PHIL,vAgdevI,0.1667,0.0,0.0,0.1667
PHIL,vedAdi,0.1667,0.0,0.0,0.1667
PHIL,gati,0.1667,0.0,0.0,0.1667
PHIL,varaRaka,0.1667,0.0,0.0,0.1667
PHIL,surasarit,0.1667,0.0,0.0,0.1667
PHIL,prARamaya,0.1667,0.0,0.0,0.1667
PHIL,nIpa,0.25,0.0833,0.0,0.1667
PHIL,PAlakfzwa,0.1667,0.0,0.0,0.1667
PHIL,svatantra,0.2564,0.0909,0.0,0.1655
PHIL,ha,0.1818,0.0189,0.0278,0.163
PHIL,apavarga,0.1622,0.0,0.0,0.1622
PHIL,vAsanta,0.1852,0.025,0.0,0.1602
PHIL,satata,0.16,0.0,0.0,0.16
PHIL,kAleya,0.2593,0.1,0.0,0.1593
PHIL,surApa,0.25,0.0909,0.0,0.1591
VERB,DI,0.1579,0.0,0.0,0.1579
PHIL,pAwala,0.1579,0.0,0.0,0.1579
PHIL,mAlatI,0.1556,0.0,0.0,0.1556
PHIL,sadA,0.4545,0.3,0.0,0.1545
PHIL,BUr,0.1538,0.0,0.0,0.1538
PHIL,paYcANga,0.2143,0.0606,0.0,0.1537
PHIL,miTuna,0.2222,0.0698,0.0,0.1525
PHIL,udAna,0.1522,0.0,0.0,0.1522
PHIL,pradiv,0.1515,0.0,0.0,0.1515
PHIL,prajYAna,0.1515,0.0,0.0,0.1515
PHIL,sAMvatsarika,0.15,0.0,0.0,0.15
PHIL,bOdDa,0.15,0.0,0.0,0.15
PHIL,kAmuka,0.1489,0.0,0.0,0.1489
PHIL,padma,0.1644,0.0156,0.0,0.1488
PHIL,nema,0.2041,0.0556,0.0,0.1485
PHIL,kAhala,0.2727,0.125,0.0385,0.1477
PHIL,svarUpa,0.1449,0.0,0.0,0.1449
VERB,panT,0.1429,0.0,0.0,0.1429
VERB,karj,0.1429,0.0,0.0,0.1429
VERB,nakk,0.1429,0.0,0.0,0.1429
PHIL,eDatu,0.1429,0.0,0.0,0.1429
PHIL,AkzapAda,0.1429,0.0,0.0,0.1429
PHIL,ekaSruti,0.1429,0.0,0.0,0.1429
PHIL,tapanIya,0.1429,0.0,0.0,0.1429
PHIL,taturi,0.1429,0.0,0.0,0.1429
PHIL,jYApaka,0.1731,0.0323,0.0,0.1408
PHIL,DaruRa,0.1957,0.0556,0.0,0.1401
PHIL,vAcaMyama,0.2308,0.0909,0.0,0.1399
PHIL,gAruqa,0.1389,0.0,0.0,0.1389
PHIL,vizUcikA,0.2381,0.1,0.0,0.1381
PHIL,pratipakza,0.1379,0.0,0.0,0.1379
PHIL,hotrA,0.1364,0.0,0.0,0.1364
PHIL,cEtya,0.1364,0.0,0.0,0.1364
PHIL,kazAya,0.1633,0.0286,0.0,0.1347
PHIL,ASaya,0.1346,0.0,0.0,0.1346
PHIL,rasamaya,0.2593,0.125,0.0,0.1343
PHIL,vEkftika,0.1333,0.0,0.0,0.1333
PHIL,Uha,0.1316,0.0,0.0,0.1316
PHIL,nirUQa,0.3148,0.1842,0.0,0.1306
PHIL,trasa,0.1304,0.0,0.0,0.1304
PHIL,ISvara,0.22,0.0909,0.0,0.1291
PHIL,prayojya,0.129,0.0,0.0,0.129
PHIL,Asava,0.129,0.0,0.0,0.129
PHIL,gOrava,0.1607,0.0323,0.0,0.1285
PHIL,AhAra,0.1667,0.0385,0.0,0.1282
PHIL,vipakza,0.1277,0.0,0.0,0.1277
PHIL,sahacara,0.1935,0.0667,0.0,0.1269
PHIL,gOra,0.2338,0.1087,0.0,0.1251
VERB,tumb,0.125,0.0,0.0,0.125
VERB,Jaz,0.375,0.25,0.0,0.125
VERB,Kaq,0.125,0.0,0.0,0.125
VERB,Uz,0.125,0.0,0.0,0.125
PHIL,mudga,0.125,0.0,0.0,0.125
PHIL,ezaRa,0.125,0.0,0.0,0.125
PHIL,sIman,0.125,0.0,0.0,0.125
PHIL,nAstika,0.125,0.0,0.0,0.125
PHIL,dAha,0.125,0.0,0.0,0.125
PHIL,antarAya,0.125,0.0,0.0,0.125
PHIL,sahaBU,0.125,0.0,0.0,0.125
PHIL,devakya,0.125,0.0,0.0,0.125
PHIL,paYcataya,0.125,0.0,0.0,0.125
PHIL,aDIna,0.125,0.0,0.0,0.125
PHIL,uttarapaTika,0.125,0.0,0.0,0.125
PHIL,kevalAnvayin,0.125,0.0,0.0,0.125
PHIL,pura,0.1237,0.0,0.0,0.1237
PHIL,yugapad,0.3529,0.2308,0.0,0.1222
PHIL,paTya,0.12,0.0,0.0,0.12
PHIL,picCila,0.1935,0.0741,0.0,0.1195
PHIL,ajYa,0.1538,0.0345,0.0,0.1194
PHIL,durDI,0.2857,0.1667,0.0,0.119
VERB,Ban,0.1176,0.0,0.0,0.1176
PHIL,ApyAyana,0.1176,0.0,0.0,0.1176
PHIL,BadrakAlI,0.1176,0.0,0.0,0.1176
PHIL,madira,0.1176,0.0,0.0,0.1176
PHIL,pitrya,0.1167,0.0,0.0,0.1167
PHIL,lohita,0.1786,0.0625,0.0,0.1161
PHIL,viSezaRa,0.1154,0.0,0.0,0.1154
PHIL,rAti,0.1154,0.0,0.0,0.1154
PHIL,timira,0.1522,0.037,0.0,0.1151
PHIL,cetana,0.1429,0.0294,0.0,0.1134
PHIL,Basman,0.2,0.087,0.0,0.113
PHIL,utkawa,0.1127,0.0,0.0,0.1127
PHIL,vyAvahArika,0.1556,0.0435,0.0323,0.1121
VERB,kzamp,0.1111,0.0,0.0,0.1111
PHIL,avaBAsaka,0.1111,0.0,0.0,0.1111
PHIL,paTikft,0.1111,0.0,0.0,0.1111
PHIL,sahakfta,0.1111,0.0,0.0,0.1111
PHIL,AptADIna,0.1111,0.0,0.0,0.1111
PHIL,rAzwrI,0.1111,0.0,0.0,0.1111
PHIL,Akzepin,0.1111,0.0,0.0,0.1111
PHIL,itaratra,0.1111,0.0,0.0,0.1111
PHIL,pracaya,0.1111,0.0,0.0,0.1111
PHIL,aNkapAlI,0.3333,0.2222,0.0,0.1111
PHIL,yaTAkarma,0.1111,0.0,0.0,0.1111
PHIL,karmanASA,0.1111,0.0,0.0,0.1111
PHIL,sOvarRa,0.2778,0.1667,0.0,0.1111
PHIL,Opanizada,0.1818,0.0714,0.0,0.1104
PHIL,doza,0.1101,0.0,0.0,0.1101
PHIL,prasAdana,0.225,0.1154,0.0,0.1096
PHIL,yOvana,0.1923,0.0833,0.0,0.109
PHIL,pravara,0.1613,0.0526,0.0,0.1087
PHIL,vatsala,0.1087,0.0,0.0,0.1087
PHIL,sAraRa,0.1087,0.0,0.0,0.1087
PHIL,maKa,0.1087,0.0,0.0,0.1087
PHIL,svacCanda,0.1081,0.0,0.0,0.1081
PHIL,nAra,0.1515,0.0435,0.0,0.108
PHIL,sadyas,0.25,0.1429,0.0,0.1071
PHIL,upasTa,0.1071,0.0,0.0,0.1071
PHIL,mala,0.1818,0.075,0.0,0.1068
PHIL,vikaca,0.1481,0.0417,0.0,0.1065
VERB,Dru,0.1053,0.0,0.0,0.1053
PHIL,mahAvrata,0.1053,0.0,0.0,0.1053
PHIL,mArjita,0.1053,0.0,0.0,0.1053
PHIL,prakASa,0.197,0.0921,0.0,0.1049
PHIL,kuSa,0.1047,0.0,0.0,0.1047
PHIL,satya,0.121,0.0164,0.0,0.1046
VERB,tvakz,0.1667,0.0625,0.0,0.1042
PHIL,sOra,0.1408,0.037,0.0,0.1038
PHIL,akzara,0.1481,0.0444,0.0,0.1037
PHIL,sarvatomuKa,0.1034,0.0,0.0,0.1034
PHIL,nirvacana,0.1481,0.0455,0.0,0.1027
PHIL,vAsara,0.1923,0.0909,0.0,0.1014
PHIL,OpADika,0.1538,0.0526,0.0,0.1012
PHIL,yena,0.1481,0.0476,0.0,0.1005
PHIL,pfTivI,0.1373,0.037,0.0,0.1002
VERB,dAs,0.1,0.0,0.0,0.1
VERB,kzan,0.1,0.0,0.0,0.1
PHIL,Sepas,0.1,0.0,0.0,0.1
PHIL,prAtItika,0.1,0.0,0.0,0.1
PHIL,prakIrRaka,0.1,0.0,0.0,0.1
PHIL,dvidala,0.1,0.0,0.0,0.1
PHIL,vimohana,0.1,0.0,0.0,0.1
PHIL,nirlepa,0.1,0.0,0.0,0.1
PHIL,sajjana,0.1489,0.05,0.0,0.0989
PHIL,Sveta,0.1271,0.0286,0.0,0.0985
PHIL,nAqI,0.098,0.0,0.0,0.098
PHIL,pratisara,0.098,0.0,0.0,0.098
PHIL,snigDa,0.1795,0.082,0.0,0.0975
PHIL,sTavira,0.1429,0.0455,0.0,0.0974
PHIL,trivft,0.2222,0.125,0.0,0.0972
PHIL,maDura,0.1216,0.0244,0.0,0.0972
PHIL,maNgala,0.0971,0.0,0.0,0.0971
PHIL,asta,0.0959,0.0,0.0,0.0959
VERB,sPar,0.0952,0.0,0.0,0.0952
PHIL,pratiSruta,0.0952,0.0,0.0,0.0952
PHIL,vEzuvata,0.0952,0.0,0.0,0.0952
PHIL,avarArDya,0.2941,0.2,0.0,0.0941
PHIL,kzaya,0.0938,0.0,0.0,0.0938
PHIL,mArIca,0.0938,0.0,0.0,0.0938
PHIL,sAmagrI,0.0938,0.0,0.0,0.0938
PHIL,suDA,0.2333,0.1395,0.0323,0.0938
PHIL,upavAsa,0.0938,0.0,0.0,0.0938
PHIL,udaya,0.1287,0.0351,0.0,0.0936
PHIL,EReya,0.1765,0.0833,0.0,0.0931
PHIL,SoDana,0.1429,0.05,0.0,0.0929
VERB,aww,0.1818,0.0909,0.0,0.0909
VERB,niz,0.0909,0.0,0.0,0.0909
PHIL,apArTa,0.0909,0.0,0.0,0.0909
PHIL,SfNgagrAhikA,0.0909,0.0,0.0,0.0909
PHIL,ujjvala,0.0909,0.0,0.0,0.0909
PHIL,mfgaSiras,0.0909,0.0,0.0,0.0909
PHIL,japya,0.0909,0.0,0.0,0.0909
PHIL,vyaya,0.0909,0.0,0.0,0.0909
PHIL,avama,0.2195,0.129,0.0,0.0905
PHIL,pAraRa,0.125,0.0345,0.0,0.0905
PHIL,tAraka,0.0893,0.0,0.0,0.0893
PHIL,purohita,0.1481,0.0588,0.0,0.0893
PHIL,aBiGAta,0.0889,0.0,0.0,0.0889
PHIL,peSala,0.2222,0.1333,0.0,0.0889
PHIL,sADanatA,0.2222,0.1333,0.0,0.0889
PHIL,Sruta,0.2031,0.1143,0.0,0.0888
PHIL,namra,0.2609,0.1724,0.0,0.0885
PHIL,styAna,0.0882,0.0,0.0,0.0882
PHIL,veDas,0.1569,0.069,0.0,0.0879
PHIL,tAqana,0.1538,0.0667,0.0,0.0872
PHIL,keta,0.087,0.0,0.0,0.087
PHIL,amukta,0.087,0.0,0.0,0.087
PHIL,aDas,0.2,0.1136,0.0,0.0864
PHIL,havis,0.125,0.04,0.0,0.085
PHIL,yatna,0.0845,0.0,0.0,0.0845
PHIL,Apya,0.1463,0.0625,0.0,0.0838
VERB,jAtavedas,0.0833,0.0,0.0,0.0833
PHIL,upamardaka,0.0833,0.0,0.0,0.0833
PHIL,AdarSa,0.0833,0.0,0.0,0.0833
PHIL,viSezya,0.0833,0.0,0.0,0.0833
PHIL,uttAna,0.25,0.1667,0.0,0.0833
PHIL,nizpraBa,0.0833,0.0,0.0,0.0833
PHIL,viplava,0.0833,0.0,0.0,0.0833
PHIL,anarha,0.0833,0.0,0.0,0.0833
PHIL,buBUzA,0.0833,0.0,0.0,0.0833
PHIL,nirvicikitsa,0.0833,0.0,0.0,0.0833
PHIL,hAsya,0.1739,0.0909,0.0,0.083
PHIL,dfzad,0.2,0.1176,0.0,0.0824
PHIL,mandra,0.1622,0.08,0.0,0.0822
PHIL,sPuwa,0.1,0.0185,0.0,0.0815
PHIL,utTAna,0.0814,0.0,0.0,0.0814
VERB,kfp,0.0811,0.0,0.0,0.0811
PHIL,kAMsya,0.0811,0.0,0.0,0.0811
PHIL,dIkzA,0.16,0.0789,0.0,0.0811
PHIL,hEmana,0.1579,0.0769,0.0,0.081
VERB,aj,0.1154,0.0345,0.0,0.0809
PHIL,mOhUrtika,0.08,0.0,0.0,0.08
PHIL,Burij,0.2,0.12,0.0,0.08
PHIL,hari,0.1295,0.05,0.0,0.0795
PHIL,nakzatriya,0.2222,0.1429,0.0,0.0794
PHIL,sevya,0.1,0.0213,0.0,0.0787
PHIL,BIru,0.2326,0.1538,0.0,0.0787
PHIL,ekAnta,0.125,0.0465,0.0,0.0785
PHIL,indriya,0.0784,0.0,0.0175,0.0784
PHIL,bAla,0.129,0.0508,0.0,0.0782
PHIL,padmakara,0.3636,0.2857,0.0,0.0779
PHIL,karAla,0.1833,0.1064,0.0,0.077
VERB,Barv,0.0769,0.0,0.0,0.0769
PHIL,ADidEvika,0.0769,0.0,0.0,0.0769
PHIL,sOraBa,0.0769,0.0,0.0,0.0769
PHIL,utkarza,0.0769,0.0,0.0,0.0769
PHIL,vfzaRa,0.0769,0.0,0.0,0.0769
PHIL,GrARa,0.0769,0.0,0.0,0.0769
PHIL,sTitisTApaka,0.0769,0.0,0.0,0.0769
PHIL,Asanna,0.0769,0.0,0.0,0.0769
PHIL,lalajjihva,0.1875,0.1111,0.0,0.0764
PHIL,pAta,0.0762,0.0,0.0,0.0762
PHIL,aliNga,0.1429,0.0667,0.0,0.0762
PHIL,nizkala,0.1081,0.0323,0.0213,0.0759
PHIL,vAta,0.0755,0.0,0.0,0.0755
PHIL,nyUna,0.1228,0.0476,0.0,0.0752
VERB,wIk,0.2,0.125,0.0,0.075
PHIL,bahis,0.1395,0.0645,0.0,0.075
PHIL,param,0.1618,0.087,0.0,0.0748
VERB,mur,0.0741,0.0,0.0,0.0741
PHIL,SAkala,0.0741,0.0,0.0,0.0741
PHIL,zoqaSin,0.0741,0.0,0.0,0.0741
PHIL,kalpa,0.0909,0.0171,0.0,0.0738
PHIL,maDya,0.1286,0.0548,0.0159,0.0738
PHIL,pracaRqa,0.1081,0.0345,0.0,0.0736
VERB,iNg,0.1429,0.0714,0.0,0.0714
VERB,kzaj,0.0714,0.0,0.0,0.0714
VERB,kuq,0.0714,0.0,0.0,0.0714
PHIL,kampana,0.1714,0.1,0.0,0.0714
PHIL,taTAviDa,0.0714,0.0,0.0,0.0714
PHIL,lUtA,0.0714,0.0,0.0,0.0714
PHIL,utpAda,0.0714,0.0,0.0,0.0714
PHIL,sacetana,0.0714,0.0,0.0,0.0714
PHIL,kARqavIRA,0.0714,0.0,0.0,0.0714
PHIL,jYAnalakzaRA,0.0714,0.0,0.0,0.0714
PHIL,prARAtman,0.0714,0.0,0.0,0.0714
PHIL,rAQA,0.0714,0.0,0.0,0.0714
PHIL,kaTana,0.0714,0.0,0.0,0.0714
PHIL,vijfmBita,0.0714,0.0,0.0,0.0714
PHIL,Gana,0.152,0.0808,0.0,0.0712
PHIL,janya,0.1474,0.0769,0.0,0.0704
PHIL,SaraRa,0.0704,0.0,0.0,0.0704
PHIL,yAma,0.0702,0.0,0.0,0.0702
PHIL,viSiKa,0.0702,0.0,0.0,0.0702
PHIL,rakta,0.117,0.0469,0.0,0.0701
PHIL,deva,0.0825,0.0132,0.013,0.0693
VERB,day,0.069,0.0,0.0,0.069
PHIL,samudra,0.069,0.0,0.0,0.069
PHIL,sahakAra,0.069,0.0,0.0,0.069
PHIL,Endava,0.069,0.0,0.0,0.069
PHIL,sumanas,0.1781,0.1091,0.0,0.069
PHIL,svastika,0.0688,0.0,0.0,0.0688
PHIL,cara,0.1322,0.0635,0.0,0.0687
PHIL,sraj,0.1455,0.0769,0.0,0.0685
PHIL,jaraRa,0.1795,0.1111,0.0,0.0684
VERB,fc,0.125,0.0571,0.0,0.0679
PHIL,fc,0.125,0.0571,0.0,0.0679
PHIL,sTARu,0.0678,0.0,0.0,0.0678
PHIL,narya,0.1724,0.1053,0.0,0.0672
PHIL,nirviSeza,0.1579,0.0909,0.0,0.067
VERB,Gur,0.0667,0.0,0.0,0.0667
VERB,mluc,0.0667,0.0,0.0,0.0667
PHIL,Uma,0.0667,0.0,0.0,0.0667
PHIL,svedaja,0.1667,0.1,0.0,0.0667
PHIL,lokasidDa,0.0667,0.0,0.0,0.0667
PHIL,vAvAta,0.0667,0.0,0.0,0.0667
PHIL,acetana,0.0667,0.0,0.0,0.0667
PHIL,vipina,0.0667,0.0,0.0,0.0667
PHIL,SIta,0.1915,0.125,0.0,0.0665
PHIL,dIrGa,0.1094,0.0435,0.0,0.0659
PHIL,sTeya,0.0652,0.0,0.0,0.0652
PHIL,varUTin,0.1316,0.0667,0.0,0.0649
VERB,sriD,0.0645,0.0,0.0,0.0645
VERB,drAG,0.0645,0.0,0.0,0.0645
PHIL,ijya,0.0645,0.0,0.0,0.0645
PHIL,mImAMsA,0.08,0.0159,0.0,0.0641
PHIL,grEva,0.2308,0.1667,0.0,0.0641
VERB,tvac,0.1613,0.0976,0.0,0.0637
PHIL,tvac,0.1613,0.0976,0.0,0.0637
PHIL,BAgya,0.0633,0.0,0.0,0.0633
PHIL,vena,0.0633,0.0,0.0,0.0633
PHIL,Savas,0.1739,0.1111,0.0,0.0628
VERB,mUz,0.0625,0.0,0.0,0.0625
VERB,ven,0.0625,0.0,0.0,0.0625
PHIL,asi,0.0625,0.0,0.0,0.0625
PHIL,EtihAsika,0.0625,0.0,0.0,0.0625
PHIL,rakzas,0.0625,0.0,0.0,0.0625
PHIL,ahetu,0.0625,0.0,0.0,0.0625
PHIL,BUtikarman,0.0625,0.0,0.0,0.0625
PHIL,anavasTAna,0.0625,0.0,0.0,0.0625
PHIL,Arya,0.0882,0.026,0.0,0.0623
PHIL,AScarya,0.1622,0.1,0.0,0.0622
VERB,vip,0.0612,0.0,0.0,0.0612
VERB,hval,0.0612,0.0,0.0,0.0612
PHIL,guRa,0.0612,0.0,0.0,0.0612
PHIL,Bujizya,0.1087,0.0476,0.0,0.0611
PHIL,SyAma,0.1562,0.0952,0.0,0.061
PHIL,vidUra,0.0606,0.0,0.0,0.0606
PHIL,karmaRya,0.0606,0.0,0.0,0.0606
PHIL,BArya,0.0606,0.0,0.0,0.0606
PHIL,viDura,0.0606,0.0,0.0,0.0606
PHIL,karuRa,0.1714,0.1111,0.0,0.0603
PHIL,kUwa,0.078,0.0179,0.0,0.0602
PHIL,avaDAraRa,0.06,0.0,0.0,0.06
PHIL,avaSa,0.2308,0.1714,0.0,0.0593
PHIL,vESvAnara,0.1528,0.0938,0.0,0.059
VERB,kUR,0.0588,0.0,0.0,0.0588
VERB,guRW,0.0588,0.0,0.0,0.0588
PHIL,daBra,0.0588,0.0,0.0,0.0588
PHIL,ukTya,0.1176,0.0588,0.0,0.0588
PHIL,sAra,0.0882,0.0299,0.0,0.0584
PHIL,hrasva,0.1633,0.1053,0.0,0.058
PHIL,kArin,0.1034,0.0455,0.0,0.058
PHIL,pOruza,0.127,0.069,0.0,0.058
PHIL,kAvya,0.0787,0.0208,0.0,0.0578
PHIL,SAnta,0.1261,0.069,0.0,0.0572
PHIL,kAmika,0.0571,0.0,0.0,0.0571
PHIL,tripad,0.0571,0.0,0.0,0.0571
PHIL,vEvAhya,0.1818,0.125,0.0,0.0568
PHIL,DUrta,0.093,0.037,0.0,0.056
VERB,yam,0.0706,0.0147,0.0,0.0559
PHIL,yam,0.0706,0.0147,0.0,0.0559
PHIL,pArSvatas,0.2222,0.1667,0.0,0.0556
PHIL,mahAkula,0.1667,0.1111,0.0,0.0556
PHIL,Bara,0.0556,0.0,0.0,0.0556
PHIL,tari,0.0556,0.0,0.0,0.0556
PHIL,kArmaRa,0.0556,0.0,0.0,0.0556
PHIL,yajamAna,0.0556,0.0,0.0,0.0556
PHIL,vIRA,0.0556,0.0,0.0,0.0556
PHIL,Badra,0.1037,0.0482,0.0,0.0555
VERB,drU,0.1053,0.05,0.0,0.0553
PHIL,grAhaka,0.0545,0.0,0.0,0.0545
PHIL,miTyA,0.1579,0.1034,0.0,0.0544
VERB,paS,0.0541,0.0,0.0,0.0541
PHIL,yOgika,0.0541,0.0,0.0,0.0541
PHIL,varcasvin,0.1538,0.1,0.0,0.0538
PHIL,sTira,0.0855,0.0323,0.0,0.0532
PHIL,nivid,0.1017,0.0488,0.0,0.0529
PHIL,udAtta,0.0806,0.0278,0.0,0.0529
PHIL,vyavasTiti,0.0526,0.0,0.0,0.0526
PHIL,nirnimitta,0.0526,0.0,0.0,0.0526
PHIL,dyotaka,0.0526,0.0,0.0,0.0526
PHIL,kledana,0.0526,0.0,0.0,0.0526
PHIL,darSa,0.1,0.0476,0.0,0.0524
VERB,vI,0.0647,0.0125,0.0,0.0522
PHIL,kAlika,0.0667,0.0145,0.0,0.0522
PHIL,dakza,0.071,0.0196,0.0,0.0514
PHIL,mumukzu,0.1136,0.0625,0.0,0.0511
PHIL,tati,0.1034,0.0526,0.0,0.0508
PHIL,alasa,0.1613,0.1111,0.0556,0.0502
VERB,Dam,0.05,0.0,0.0,0.05
VERB,kad,0.05,0.0,0.0,0.05
VERB,kunT,0.05,0.0,0.0,0.05
PHIL,kad,0.05,0.0,0.0,0.05
PHIL,udvAna,0.05,0.0,0.0,0.05
PHIL,trayastriMSa,0.05,0.0,0.0,0.05
PHIL,jIva,0.08,0.0303,0.0,0.0497
VERB,Sram,0.0723,0.0227,0.0,0.0496
PHIL,Sram,0.0723,0.0227,0.0,0.0496
PHIL,OpAsana,0.1923,0.1429,0.0,0.0495
PHIL,AvApa,0.1159,0.0667,0.0,0.0493
PHIL,tarpaRa,0.0943,0.0455,0.0,0.0489
PHIL,pawu,0.16,0.1111,0.0,0.0489
PHIL,kaTA,0.163,0.1148,0.0,0.0483
PHIL,sarUpa,0.1481,0.1,0.0082,0.0481
VERB,hras,0.0476,0.0,0.0,0.0476
VERB,graT,0.0476,0.0,0.0,0.0476
PHIL,mAyika,0.0476,0.0,0.0,0.0476
PHIL,suparRa,0.1724,0.125,0.0,0.0474
PHIL,svasti,0.0909,0.0435,0.0,0.0474
PHIL,kim,0.1111,0.0645,0.0,0.0466
PHIL,sodara,0.1714,0.125,0.0,0.0464
PHIL,AhitAgni,0.1053,0.0588,0.0,0.0464
PHIL,SAlin,0.0833,0.037,0.0,0.0463
PHIL,dEva,0.1486,0.1026,0.0278,0.0461
PHIL,pratipadam,0.1707,0.125,0.0,0.0457
VERB,Band,0.0455,0.0,0.0,0.0455
VERB,tud,0.0455,0.0,0.0,0.0455
PHIL,upasarga,0.0455,0.0,0.0,0.0455
PHIL,SiKin,0.2727,0.2273,0.0,0.0455
PHIL,yaTABimata,0.0455,0.0,0.0,0.0455
PHIL,yaTezwa,0.0455,0.0,0.0,0.0455
PHIL,prayuta,0.0455,0.0,0.0,0.0455
PHIL,fSya,0.0455,0.0,0.0,0.0455
PHIL,upayAcita,0.0455,0.0,0.0,0.0455
PHIL,carya,0.0455,0.0,0.0,0.0455
PHIL,samiD,0.0455,0.0,0.0,0.0455
PHIL,mahodaya,0.1364,0.0909,0.0,0.0455
PHIL,tEjasa,0.1333,0.0882,0.0,0.0451
PHIL,guhya,0.119,0.0741,0.0,0.045
PHIL,parAvara,0.2449,0.2,0.0,0.0449
PHIL,candra,0.1143,0.0698,0.0,0.0445
VERB,u,0.0444,0.0,0.0,0.0444
VERB,viz,0.0439,0.0,0.0,0.0439
PHIL,Bedin,0.0781,0.0345,0.0,0.0436
VERB,rej,0.0435,0.0,0.0,0.0435
VERB,riP,0.0435,0.0,0.0,0.0435
PHIL,Sukriya,0.0435,0.0,0.0,0.0435
PHIL,raNka,0.0435,0.0,0.0,0.0435
PHIL,vAva,0.0435,0.0,0.0,0.0435
PHIL,liNgin,0.1139,0.0704,0.0,0.0435
PHIL,saSalya,0.0435,0.0,0.0,0.0435
PHIL,riP,0.0435,0.0,0.0,0.0435
PHIL,SAbda,0.0909,0.0476,0.0,0.0433
PHIL,upekzA,0.0909,0.0476,0.0,0.0433
PHIL,sUnfta,0.0732,0.0303,0.0,0.0429
PHIL,matsara,0.1628,0.12,0.0,0.0428
PHIL,SramaRa,0.0426,0.0,0.0,0.0426
PHIL,laGu,0.1397,0.0971,0.0,0.0426
PHIL,mADukara,0.1333,0.0909,0.0,0.0424
PHIL,lAkzA,0.1111,0.069,0.0,0.0421
PHIL,sparSana,0.1667,0.125,0.0,0.0417
PHIL,lokayAtrA,0.0417,0.0,0.0,0.0417
PHIL,viBrAj,0.0417,0.0,0.0,0.0417
PHIL,nedizWa,0.2083,0.1667,0.0,0.0417
PHIL,varRya,0.125,0.0833,0.0,0.0417
PHIL,tumula,0.0417,0.0,0.0,0.0417
PHIL,nirdoza,0.1667,0.125,0.0,0.0417
PHIL,anuBava,0.0417,0.0,0.0,0.0417
PHIL,apaTa,0.0417,0.0,0.0,0.0417
PHIL,prAyaRIya,0.0417,0.0,0.0,0.0417
PHIL,upAdAnalakzaRA,0.0417,0.0,0.0,0.0417
PHIL,yaSas,0.1525,0.1111,0.0,0.0414
PHIL,bADana,0.1,0.0588,0.0,0.0412
VERB,stim,0.1176,0.0769,0.0,0.0407
PHIL,taras,0.1053,0.0645,0.0,0.0407
VERB,stuB,0.0404,0.0,0.0,0.0404
PHIL,stuB,0.0404,0.0,0.0,0.0404
PHIL,kaluza,0.1212,0.0811,0.0,0.0401
PHIL,savikalpa,0.04,0.0,0.0,0.04
PHIL,vyagra,0.1111,0.0714,0.0,0.0397
VERB,guRq,0.1818,0.1429,0.0,0.039
PHIL,BArata,0.1014,0.0625,0.0,0.0389
VERB,rAs,0.0385,0.0,0.0,0.0385
VERB,pI,0.0385,0.0,0.0,0.0385
VERB,yaB,0.0385,0.0,0.0,0.0385
VERB,tsar,0.0385,0.0,0.0,0.0385
PHIL,tadvat,0.0385,0.0,0.0,0.0385
PHIL,pAzaRqa,0.0385,0.0,0.0,0.0385
PHIL,saMskAraka,0.0385,0.0,0.0,0.0385
PHIL,manda,0.1458,0.1077,0.0,0.0381
PHIL,ulbaRa,0.1212,0.0833,0.0,0.0379
VERB,luq,0.1,0.0625,0.0,0.0375
PHIL,meDA,0.1163,0.0789,0.027,0.0373
PHIL,samUQa,0.0667,0.0294,0.0,0.0373
VERB,can,0.037,0.0,0.0,0.037
PHIL,vEkArika,0.037,0.0,0.0,0.037
PHIL,mohana,0.0366,0.0,0.0,0.0366
VERB,jap,0.0364,0.0,0.0,0.0364
PHIL,nizad,0.0364,0.0,0.0,0.0364
PHIL,yavAgU,0.1316,0.0952,0.0,0.0363
PHIL,upamA,0.0875,0.0517,0.0,0.0358
VERB,cAy,0.0357,0.0,0.0,0.0357
PHIL,hfdayaMgama,0.0833,0.0476,0.0,0.0357
PHIL,kzepa,0.0357,0.0,0.0,0.0357
PHIL,nitarAm,0.0769,0.0417,0.0,0.0353
PHIL,sTUla,0.1351,0.1,0.0,0.0351
PHIL,Slezman,0.0938,0.0588,0.0,0.0349
PHIL,nIcEs,0.0889,0.0541,0.0,0.0348
VERB,jU,0.0824,0.0476,0.0,0.0347
PHIL,sadfSa,0.0345,0.0,0.0,0.0345
PHIL,vyaBicArin,0.0615,0.027,0.0,0.0345
PHIL,pUjA,0.1176,0.0833,0.0,0.0343
PHIL,ka,0.0446,0.0104,0.0,0.0342
VERB,SrA,0.0339,0.0,0.0,0.0339
PHIL,raYjana,0.0926,0.0588,0.0,0.0338
PHIL,sOmya,0.0723,0.0385,0.0,0.0338
PHIL,svecCA,0.1765,0.1429,0.0,0.0336
PHIL,samAna,0.087,0.0536,0.0,0.0334
VERB,Sriz,0.0333,0.0,0.0,0.0333
PHIL,pratIkAra,0.0333,0.0,0.0,0.0333
PHIL,SUlin,0.0333,0.0,0.0,0.0333
PHIL,BErava,0.033,0.0,0.0,0.033
VERB,SuB,0.0775,0.0448,0.0,0.0327
PHIL,lOkika,0.1754,0.1429,0.0,0.0326
VERB,Cur,0.0323,0.0,0.0,0.0323
VERB,Svas,0.0323,0.0,0.0,0.0323
VERB,truw,0.0323,0.0,0.0,0.0323
PHIL,bADya,0.0323,0.0,0.0,0.0323
PHIL,lIna,0.0323,0.0,0.0,0.0323
PHIL,nIla,0.125,0.093,0.0,0.032
PHIL,vimuKa,0.0845,0.0526,0.0,0.0319
PHIL,vIta,0.0317,0.0,0.0,0.0317
PHIL,vAgurA,0.1429,0.1111,0.0,0.0317
PHIL,Sakya,0.0758,0.0444,0.0,0.0313
VERB,hlAd,0.0312,0.0,0.0,0.0312
VERB,vyuz,0.0312,0.0,0.0,0.0312
PHIL,DArA,0.128,0.0968,0.0,0.0312
PHIL,vyavasTA,0.0752,0.044,0.0,0.0312
PHIL,Buvas,0.0312,0.0,0.0,0.0312
VERB,SrI,0.1179,0.0872,0.0128,0.0307
PHIL,upAdeya,0.0833,0.0526,0.0,0.0307
VERB,saG,0.0303,0.0,0.0,0.0303
PHIL,KAta,0.0303,0.0,0.0,0.0303
PHIL,priyAKya,0.3636,0.3333,0.0,0.0303
VERB,dAS,0.0702,0.04,0.0,0.0302
PHIL,Ardra,0.225,0.1951,0.0,0.0299
PHIL,pfzWatas,0.1333,0.1034,0.0,0.0299
VERB,kamp,0.0652,0.0357,0.0,0.0295
PHIL,kamp,0.0652,0.0357,0.0303,0.0295
VERB,rih,0.0294,0.0,0.0,0.0294
PHIL,bArhaspatya,0.0294,0.0,0.0,0.0294
PHIL,mantavya,0.0294,0.0,0.0,0.0294
PHIL,hanta,0.0294,0.0,0.0,0.0294
PHIL,Srotriya,0.0294,0.0,0.0,0.0294
PHIL,vikala,0.0656,0.0364,0.0,0.0292
PHIL,prasaNgin,0.129,0.1,0.0,0.029
PHIL,kanizWa,0.14,0.1111,0.0,0.0289
PHIL,nirAkAra,0.0545,0.0256,0.0,0.0289
VERB,cakAs,0.0286,0.0,0.0,0.0286
PHIL,vedya,0.0286,0.0,0.0,0.0286
PHIL,navaviDa,0.0909,0.0625,0.0,0.0284
PHIL,bahu,0.1023,0.0738,0.0,0.0284
PHIL,hiMsra,0.0638,0.0357,0.0,0.0281
PHIL,mAnasa,0.1471,0.119,0.0,0.028
PHIL,Bogin,0.1549,0.127,0.0,0.0279
VERB,druR,0.25,0.2222,0.0,0.0278
VERB,lul,0.0278,0.0,0.0,0.0278
VERB,Cad,0.0278,0.0,0.0,0.0278
PHIL,modaka,0.0278,0.0,0.0,0.0278
PHIL,dvezya,0.1111,0.0833,0.0,0.0278
PHIL,prameya,0.0278,0.0,0.0,0.0278
PHIL,aho,0.0408,0.013,0.0,0.0278
PHIL,Cad,0.0278,0.0,0.0,0.0278
PHIL,BAgin,0.0526,0.025,0.0,0.0276
PHIL,jaWara,0.1429,0.1154,0.0,0.0275
VERB,gras,0.0886,0.0612,0.0,0.0274
VERB,rad,0.08,0.0526,0.0,0.0274
PHIL,gras,0.0886,0.0612,0.0,0.0274
PHIL,pOruzeya,0.1143,0.087,0.0,0.0273
PHIL,kAmam,0.0667,0.0394,0.0,0.0273
VERB,naw,0.0938,0.0667,0.0,0.0271
PHIL,kApAlika,0.027,0.0,0.0,0.027
PHIL,kubera,0.027,0.0,0.0,0.027
PHIL,sAmanta,0.027,0.0,0.0,0.027
PHIL,viBu,0.0795,0.0526,0.0,0.0269
PHIL,udvega,0.0513,0.0244,0.0,0.0269
PHIL,prAkfta,0.0652,0.0385,0.0,0.0268
PHIL,drava,0.098,0.0714,0.0,0.0266
VERB,As,0.0474,0.021,0.0,0.0264
PHIL,As,0.0474,0.021,0.0,0.0264
VERB,vaj,0.0263,0.0,0.0,0.0263
VERB,hary,0.0263,0.0,0.0,0.0263
VERB,BfS,0.0263,0.0,0.0222,0.0263
VERB,sUrkz,0.0256,0.0,0.0,0.0256
PHIL,niHSreyasa,0.1923,0.1667,0.0,0.0256
VERB,raMh,0.025,0.0,0.0,0.025
VERB,svar,0.0769,0.0519,0.0,0.025
VERB,rup,0.025,0.0,0.0,0.025
VERB,kzu,0.025,0.0,0.0,0.025
PHIL,uddeSya,0.125,0.1,0.0,0.025
PHIL,svar,0.0769,0.0519,0.0,0.025
VERB,mArg,0.1186,0.0938,0.0,0.0249
PHIL,nanu,0.0462,0.0213,0.0,0.0249
PHIL,pariplava,0.0833,0.0588,0.0,0.0245
VERB,sap,0.0244,0.0,0.0,0.0244
PHIL,vivekin,0.0244,0.0,0.0,0.0244
VERB,waNk,0.0909,0.0667,0.0,0.0242
VERB,lih,0.0241,0.0,0.0,0.0241
VERB,cint,0.093,0.069,0.0,0.0241
PHIL,cint,0.093,0.069,0.0,0.0241
PHIL,lih,0.0241,0.0,0.0,0.0241
VERB,vyaT,0.0517,0.0278,0.0,0.0239
PHIL,tAra,0.1176,0.0938,0.0,0.0239
VERB,GaMz,0.1667,0.1429,0.0,0.0238
PHIL,prajA,0.1429,0.119,0.0,0.0238
PHIL,rOdra,0.1449,0.1212,0.0,0.0237
VERB,riS,0.0233,0.0,0.0,0.0233
PHIL,AhArya,0.0426,0.0196,0.0,0.0229
VERB,aYc,0.0227,0.0,0.0,0.0227
PHIL,prasTa,0.0227,0.0,0.0,0.0227
PHIL,praRayin,0.12,0.0976,0.0,0.0224
PHIL,pratipuruzam,0.2222,0.2,0.1667,0.0222
PHIL,jaqa,0.0986,0.0769,0.0,0.0217
PHIL,aye,0.0769,0.0556,0.0,0.0214
PHIL,uBayatra,0.3846,0.3636,0.0,0.021
VERB,niS,0.0625,0.0417,0.0,0.0208
VERB,miT,0.0208,0.0,0.0,0.0208
PHIL,sukft,0.1316,0.1111,0.0,0.0205
VERB,cyut,0.0204,0.0,0.0,0.0204
PHIL,upAnah,0.1111,0.0909,0.0,0.0202
PHIL,viPala,0.1111,0.0909,0.0,0.0202
PHIL,jawin,0.1111,0.0909,0.0213,0.0202
PHIL,samavAyin,0.1034,0.0833,0.0,0.0201
PHIL,pratIpa,0.1,0.08,0.0,0.02
PHIL,kfttikA,0.0192,0.0,0.0,0.0192
PHIL,Urva,0.0625,0.0435,0.0,0.019
PHIL,udBU,0.0189,0.0,0.0,0.0189
VERB,sac,0.0885,0.0698,0.0,0.0187
PHIL,e,0.0185,0.0,0.0,0.0185
PHIL,saMyat,0.0741,0.0556,0.0,0.0185
PHIL,durdina,0.2,0.1818,0.0,0.0182
PHIL,sarvatra,0.2,0.1818,0.0,0.0182
PHIL,vyAkula,0.0476,0.0294,0.0,0.0182
PHIL,pakzas,0.3182,0.3,0.0,0.0182
PHIL,dIkzita,0.0682,0.05,0.0,0.0182
PHIL,karmin,0.0526,0.0345,0.0,0.0181
PHIL,budDa,0.0526,0.0345,0.0,0.0181
VERB,Siz,0.0179,0.0,0.0,0.0179
PHIL,Siz,0.0179,0.0,0.0,0.0179
PHIL,prakriyA,0.0946,0.0769,0.0,0.0177
PHIL,tAmasa,0.0652,0.0476,0.0,0.0176
PHIL,pratyanIka,0.1176,0.1,0.0,0.0176
VERB,viD,0.0469,0.0294,0.0,0.0175
PHIL,sPurita,0.0175,0.0,0.0,0.0175
VERB,dah,0.087,0.0698,0.0,0.0172
PHIL,sTAvara,0.0972,0.08,0.0,0.0172
PHIL,dah,0.087,0.0698,0.0,0.0172
VERB,raB,0.0312,0.0143,0.0,0.017
PHIL,raB,0.0312,0.0143,0.0,0.017
VERB,vas,0.0393,0.0225,0.0,0.0168
PHIL,kAraka,0.0476,0.0308,0.0,0.0168
PHIL,rahasya,0.0882,0.0714,0.0,0.0168
PHIL,vas,0.0393,0.0225,0.0,0.0168
PHIL,pravaRa,0.0833,0.0667,0.0,0.0167
PHIL,prabala,0.0857,0.069,0.0,0.0167
VERB,las,0.0164,0.0,0.0,0.0164
PHIL,praRI,0.0164,0.0,0.0,0.0164
VERB,mah,0.0481,0.0317,0.0,0.0163
PHIL,udBawa,0.0714,0.0556,0.0,0.0159
PHIL,svArTa,0.1228,0.1071,0.0,0.0157
PHIL,vyavasTita,0.0154,0.0,0.0,0.0154
PHIL,SradDA,0.082,0.0667,0.0,0.0153
VERB,ruj,0.0706,0.0556,0.0,0.015
PHIL,kuRWa,0.1579,0.1429,0.0,0.015
VERB,yat,0.0149,0.0,0.0,0.0149
VERB,prez,0.0149,0.0,0.0,0.0149
PHIL,purastAt,0.2,0.1852,0.0,0.0148
VERB,hi,0.0147,0.0,0.0,0.0147
PHIL,hi,0.0147,0.0,0.0,0.0147
VERB,gu,0.0145,0.0,0.0,0.0145
PHIL,rUpa,0.0145,0.0,0.0,0.0145
VERB,pan,0.0769,0.0625,0.0,0.0144
PHIL,sADaka,0.0429,0.0286,0.0,0.0143
PHIL,DArin,0.1026,0.0882,0.0,0.0143
PHIL,SoBana,0.0595,0.0455,0.0,0.0141
PHIL,nirvARa,0.101,0.087,0.0,0.0141
PHIL,sattA,0.125,0.1111,0.0,0.0139
PHIL,adya,0.125,0.1111,0.0,0.0139
VERB,lal,0.0408,0.027,0.0,0.0138
VERB,ric,0.0486,0.0349,0.0,0.0137
PHIL,ric,0.0486,0.0349,0.0,0.0137
PHIL,pUrva,0.1258,0.1121,0.013,0.0137
VERB,kan,0.0741,0.0606,0.0,0.0135
VERB,sUd,0.0702,0.0571,0.0,0.013
VERB,Guz,0.0408,0.0278,0.0,0.013
PHIL,sUd,0.0702,0.0571,0.0,0.013
PHIL,Siras,0.1215,0.1087,0.0,0.0128
PHIL,kArmuka,0.0652,0.0526,0.0,0.0126
VERB,sfj,0.0125,0.0,0.0,0.0125
VERB,kzi,0.0469,0.0345,0.0,0.0124
PHIL,ISa,0.0426,0.0303,0.0,0.0123
PHIL,vara,0.0629,0.0506,0.0,0.0123
VERB,ac,0.0408,0.0286,0.0,0.0122
VERB,prI,0.0122,0.0,0.0,0.0122
PHIL,prI,0.0122,0.0,0.0,0.0122
PHIL,viparyaya,0.0122,0.0,0.0,0.0122
PHIL,apUrva,0.0667,0.0545,0.0,0.0121
VERB,snu,0.037,0.025,0.0,0.012
VERB,sev,0.0119,0.0,0.0,0.0119
PHIL,kazaRa,0.0833,0.0714,0.0,0.0119
PHIL,rasasidDa,0.0952,0.0833,0.0,0.0119
VERB,kuc,0.0938,0.082,0.0,0.0118
PHIL,kuc,0.0938,0.082,0.0208,0.0118
VERB,puw,0.05,0.0385,0.0,0.0115
VERB,banD,0.069,0.0576,0.0,0.0114
PHIL,ucCiKa,0.1364,0.125,0.0,0.0114
PHIL,ced,0.0114,0.0,0.0,0.0114
VERB,svid,0.0284,0.0172,0.0,0.0111
VERB,div,0.0731,0.062,0.0,0.011
PHIL,div,0.0731,0.062,0.0,0.011
PHIL,sujana,0.1538,0.1429,0.0,0.011
PHIL,janana,0.122,0.1111,0.0,0.0108
PHIL,vyApin,0.0541,0.0435,0.0,0.0106
PHIL,kva,0.1462,0.1356,0.0,0.0106
PHIL,sAvitra,0.04,0.0294,0.0,0.0106
PHIL,prakASaka,0.0962,0.0857,0.0,0.0104
VERB,vlI,0.0517,0.0417,0.0,0.0101
VERB,muz,0.0408,0.0308,0.0,0.01
VERB,uz,0.0625,0.0526,0.0,0.0099
VERB,tyaj,0.0094,0.0,0.0,0.0094
VERB,gup,0.0417,0.0323,0.0,0.0094
PHIL,gup,0.0417,0.0323,0.0,0.0094
PHIL,tyaj,0.0094,0.0,0.0,0.0094
PHIL,sarvAtman,0.24,0.2308,0.0,0.0092
PHIL,pUrvApara,0.1628,0.1538,0.0,0.0089
VERB,tul,0.1558,0.1471,0.0,0.0088
PHIL,jYAnin,0.1667,0.1579,0.0,0.0088
PHIL,tul,0.1558,0.1471,0.0,0.0088
VERB,carv,0.08,0.0714,0.0,0.0086
PHIL,amA,0.08,0.0714,0.0,0.0086
PHIL,velA,0.1532,0.1447,0.0,0.0085
PHIL,parisaMKyA,0.0323,0.0238,0.0,0.0084
PHIL,tucCa,0.05,0.0417,0.0,0.0083
PHIL,BAvika,0.05,0.0417,0.0,0.0083
PHIL,samrAj,0.0417,0.0333,0.0,0.0083
PHIL,kalyARa,0.0761,0.0682,0.0,0.0079
PHIL,praTamagarBa,0.2222,0.2143,0.0,0.0079
VERB,f,0.0078,0.0,0.0,0.0078
PHIL,SiKaRqin,0.04,0.0323,0.0,0.0077
PHIL,manas,0.1067,0.0992,0.0,0.0076
PHIL,gORa,0.0789,0.0714,0.0,0.0075
PHIL,vizayaka,0.125,0.1176,0.0,0.0074
PHIL,yukta,0.0072,0.0,0.0,0.0072
PHIL,yAjya,0.1071,0.1,0.0,0.0071
PHIL,sTita,0.0066,0.0,0.0,0.0066
PHIL,drazwavya,0.1429,0.1364,0.0,0.0065
PHIL,mudrA,0.1092,0.1031,0.0,0.0062
PHIL,tfzRA,0.16,0.1538,0.0,0.0062
PHIL,gaBIra,0.0484,0.0426,0.0,0.0058
PHIL,vAjin,0.1327,0.1273,0.0,0.0054
PHIL,Aruh,0.0167,0.0114,0.0,0.0053
PHIL,sAkANkza,0.1053,0.1,0.0196,0.0053
VERB,Dvan,0.0658,0.0606,0.0,0.0052
PHIL,Dvan,0.0658,0.0606,0.0,0.0052
VERB,sAD,0.0255,0.0204,0.0,0.0051
PHIL,sAD,0.0255,0.0204,0.0,0.0051
VERB,ru,0.0726,0.0678,0.0,0.0048
PHIL,sva,0.0547,0.05,0.0,0.0047
PHIL,pratipad,0.0368,0.0325,0.0,0.0043
VERB,SaMs,0.0426,0.0385,0.0,0.0041
PHIL,pAtana,0.0476,0.0435,0.0,0.0041
PHIL,SaMs,0.0426,0.0385,0.0,0.0041
PHIL,paScima,0.1579,0.1538,0.0,0.004
PHIL,jyotis,0.1527,0.1486,0.0,0.004
PHIL,vartman,0.098,0.0943,0.0,0.0037
PHIL,icCA,0.087,0.0833,0.0,0.0036
PHIL,rudra,0.038,0.0345,0.0,0.0035
PHIL,prAjApatya,0.0588,0.0556,0.0476,0.0033
PHIL,sakft,0.1143,0.1111,0.0,0.0032
PHIL,kavi,0.0508,0.0476,0.0,0.0032
VERB,mad,0.014,0.0109,0.0,0.0031
PHIL,AsTA,0.1139,0.1111,0.0,0.0028
VERB,ram,0.0472,0.0444,0.0,0.0027
PHIL,ram,0.0472,0.0444,0.0,0.0027
PHIL,buDa,0.0652,0.0625,0.0,0.0027
VERB,duz,0.0488,0.0462,0.0,0.0026
PHIL,advaya,0.0741,0.0714,0.0,0.0026
PHIL,vArtta,0.0526,0.05,0.0,0.0026
PHIL,surUpa,0.0741,0.0714,0.0,0.0026
PHIL,duz,0.0488,0.0462,0.0,0.0026
PHIL,SEla,0.1455,0.1429,0.0,0.0026
VERB,hA,0.0141,0.0118,0.0,0.0023
PHIL,hA,0.0141,0.0118,0.0,0.0023
PHIL,anukUla,0.0588,0.0566,0.0,0.0022
VERB,Sap,0.0656,0.0641,0.0,0.0015
VERB,gA,0.04,0.0385,0.0,0.0015
PHIL,Sap,0.0656,0.0641,0.0,0.0015
PHIL,jAta,0.0563,0.0548,0.0,0.0015
PHIL,rUkza,0.0423,0.0408,0.0,0.0014
VERB,kft,0.0722,0.0714,0.0,0.0007
VERB,gam,0.0719,0.0714,0.0,0.0005
PHIL,gam,0.0719,0.0714,0.0,0.0005
VERB,snA,0.0367,0.0364,0.0,0.0003
VERB,gaRq,0.0,0.0,0.0,0.0
VERB,tuqq,0.0,0.0,0.0,0.0
VERB,Kel,0.0,0.0,0.0,0.0
VERB,peR,0.0,0.0,0.0,0.0
VERB,piz,0.0,0.0,0.0,0.0
VERB,vyay,0.0,0.0,0.0,0.0
VERB,valh,0.0,0.0,0.0,0.0
VERB,toq,0.0,0.0,0.0,0.0
VERB,sas,0.0,0.0,0.0,0.0
VERB,nft,0.0,0.0,0.0,0.0
VERB,BAm,0.0,0.0,0.0,0.0
VERB,rE,0.0,0.0,0.0,0.0
VERB,drAq,0.0,0.0,0.0,0.0
VERB,tfp,0.0,0.0,0.0,0.0
VERB,klav,0.0,0.0,0.0,0.0
VERB,muj,0.0,0.0,0.0,0.0
VERB,gah,0.0,0.0,0.0,0.0
VERB,klu,0.0,0.0,0.0,0.0
VERB,garv,0.0,0.0,0.0,0.0
VERB,bAq,0.0,0.0,0.0,0.0
VERB,maR,0.0,0.0,0.0,0.0
VERB,pinv,0.0,0.0,0.0,0.0
VERB,gaYj,0.0,0.0,0.0,0.0
VERB,yut,0.0,0.0,0.0,0.0
VERB,klind,0.0,0.0,0.0,0.0
VERB,caYc,0.0,0.0,0.0,0.0
VERB,maz,0.0,0.0,0.0,0.0
VERB,cah,0.0,0.0,0.0,0.0
VERB,caz,0.0,0.0,0.0,0.0
VERB,KaYj,0.0,0.0,0.0,0.0
VERB,jaz,0.0,0.0,0.0,0.0
VERB,aq,0.0,0.0,0.0,0.0
VERB,ciw,0.0,0.0,0.0,0.0
VERB,gaD,0.0,0.0,0.0,0.0
VERB,Bez,0.0,0.0,0.0,0.0
VERB,puMs,0.0,0.0,0.0,0.0
VERB,yez,0.0,0.0,0.0,0.0
VERB,BUz,0.0,0.0,0.0,0.0
VERB,bus,0.0,0.0,0.0,0.0
VERB,BrAS,0.0,0.0,0.0,0.0
VERB,mAh,0.0,0.0,0.1111,0.0
VERB,hikk,0.0,0.0,0.0,0.0
VERB,DvaR,0.0,0.0,0.0,0.0
VERB,luw,0.0,0.0,0.0,0.0
VERB,mAn,0.0,0.0,0.0,0.0
VERB,olaRq,0.0,0.0,0.0,0.0
VERB,mIv,0.0,0.0,0.0,0.0
VERB,Bal,0.0,0.0,0.0,0.0
VERB,KaRq,0.0,0.0,0.0,0.0
VERB,mreq,0.0,0.0,0.0,0.0
VERB,jaw,0.0,0.0,0.0,0.0
VERB,mArj,0.0,0.0,0.0,0.0
VERB,galB,0.0,0.0,0.0,0.0
VERB,GaR,0.0,0.0,0.0,0.0
VERB,maT,0.0,0.0,0.0,0.0
VERB,tuR,0.0,0.0,0.0,0.0
VERB,kzad,0.0,0.0,0.0,0.0
VERB,aNG,0.0,0.0,0.0,0.0
VERB,svap,0.0,0.0,0.0,0.0
VERB,INK,0.0,0.0,0.0,0.0
VERB,ez,0.0,0.0,0.0,0.0
VERB,mac,0.0,0.0,0.0,0.0
VERB,kziv,0.0,0.0,0.0,0.0
VERB,pez,0.0,0.0,0.0,0.0
VERB,tip,0.0,0.0,0.0,0.0
VERB,pust,0.0,0.0,0.0,0.0
VERB,SuD,0.0,0.0,0.0,0.0
VERB,Tuq,0.25,0.25,0.0,0.0
VERB,makz,0.0,0.0,0.0,0.0
VERB,GiRR,0.0,0.0,0.0,0.0
VERB,Kow,0.0,0.0,0.0,0.0
VERB,rah,0.0,0.0,0.0,0.0
VERB,bil,0.0,0.0,0.0,0.0
VERB,cur,0.0,0.0,0.0,0.0
VERB,Ij,0.0,0.0,0.0,0.0
VERB,cuq,0.0,0.0,0.0,0.0
VERB,mavy,0.0,0.0,0.0,0.0
VERB,kand,0.0,0.0,0.0,0.0
VERB,tUq,0.0,0.0,0.0,0.0
VERB,vIj,0.0,0.0,0.0,0.0
VERB,jam,0.0,0.0,0.0,0.0
VERB,al,0.0,0.0,0.0,0.0
VERB,tuq,0.0,0.0,0.0,0.0
VERB,sPur,0.0,0.0,0.0,0.0
VERB,nAs,0.0,0.0,0.0,0.0
VERB,liK,0.0,0.0,0.0,0.0
VERB,sKal,0.0,0.0,0.0,0.0
VERB,pUy,0.0,0.0,0.0,0.0
VERB,qip,0.0,0.0,0.0,0.0
VERB,Scut,0.0,0.0,0.0,0.0
VERB,qamb,0.0,0.0,0.0,0.0
VERB,vruq,0.0,0.0,0.0,0.0
VERB,vfD,0.0,0.0,0.0,0.0
VERB,ard,0.0,0.0,0.0,0.0
VERB,wip,0.0,0.0,0.0,0.0
VERB,kuw,0.0,0.0,0.0,0.0
VERB,raRv,0.0,0.0,0.0,0.0
VERB,tuS,0.0,0.0,0.0,0.0
VERB,BraR,0.0,0.0,0.0,0.0
VERB,Draj,0.0,0.0,0.0,0.0
VERB,dinv,0.0,0.0,0.0,0.0
VERB,DaR,0.0,0.0,0.0,0.0
VERB,gep,0.0,0.0,0.0,0.0
VERB,kIl,0.0,0.0,0.0,0.0
VERB,kuT,0.0,0.0,0.0,0.0
VERB,si,0.0,0.0,0.0,0.0
VERB,kzud,0.0,0.0,0.0,0.0
VERB,kUrd,0.0,0.0,0.0,0.0
VERB,kaRW,0.0,0.0,0.0,0.0
VERB,kak,0.0,0.0,0.0,0.0
VERB,Kaw,0.0,0.0,0.0,0.0
VERB,katr,0.0,0.0,0.0,0.0
VERB,nuq,0.0,0.0,0.0,0.0
VERB,jul,0.0,0.0,0.0,0.0
VERB,vyac,0.0,0.0,0.0,0.0
VERB,drek,0.0,0.0,0.0,0.0
VERB,qap,0.0,0.0,0.0,0.0
VERB,Kaz,0.0,0.0,0.0,0.0
VERB,Karj,0.0,0.0,0.0,0.0
VERB,kUl,0.0,0.0,0.0,0.0
VERB,purv,0.1429,0.1429,0.0,0.0
VERB,iK,0.0,0.0,0.0,0.0
VERB,Dras,0.0,0.0,0.0,0.0
VERB,durv,0.0,0.0,0.0,0.0
VERB,Pal,0.0,0.0,0.0,0.0
VERB,DIkz,0.0,0.0,0.0,0.0
VERB,aBr,0.0,0.0,0.0,0.0
VERB,riNg,0.0,0.0,0.0,0.0
VERB,nikz,0.0,0.0,0.0,0.0
VERB,iw,0.0,0.0,0.0,0.0
VERB,sraMs,0.0,0.0,0.0,0.0
VERB,Jam,0.0,0.0,0.0,0.0
VERB,Turv,0.0,0.0,0.0,0.0
VERB,hrez,0.0,0.0,0.0,0.0
VERB,cam,0.0,0.0,0.0303,0.0
VERB,tuz,0.0,0.0,0.0,0.0
VERB,kzRu,0.0,0.0,0.0,0.0
VERB,cel,0.0,0.0,0.0,0.0
VERB,kaS,0.0,0.0,0.0,0.0
VERB,dad,0.0,0.0,0.0,0.0
VERB,caRq,0.0,0.0,0.0,0.0
VERB,ciri,0.0,0.0,0.0,0.0
VERB,vAh,0.0,0.0,0.0,0.0
VERB,az,0.4,0.4,0.0,0.0
VERB,riB,0.0,0.0,0.0,0.0
VERB,glas,0.0,0.0,0.0,0.0
VERB,rakz,0.0,0.0,0.0,0.0
VERB,puT,0.0,0.0,0.0,0.0
VERB,cuqq,0.0,0.0,0.0,0.0
VERB,ant,0.0,0.0,0.0,0.0
VERB,sPaw,0.0,0.0,0.0,0.0
VERB,mruc,0.0,0.0,0.0,0.0
VERB,sPul,0.0,0.0,0.0,0.0
VERB,druq,0.0,0.0,0.0,0.0
VERB,ned,0.0,0.0,0.0,0.0
VERB,Suc,0.0,0.0,0.0,0.0
VERB,pfc,0.0,0.0,0.0,0.0
VERB,trOk,0.0,0.0,0.0,0.0
VERB,taw,0.0,0.0,0.0,0.0
VERB,loc,0.0,0.0,0.0,0.0
VERB,raP,0.0,0.0,0.0,0.0
VERB,kumb,0.0,0.0,0.0,0.0
VERB,kard,0.0,0.0,0.0,0.0
VERB,tuh,0.0,0.0,0.0,0.0
VERB,Diz,0.0,0.0,0.0,0.0
VERB,tvaNg,0.0,0.0,0.0,0.0
VERB,SIk,0.0,0.0,0.0,0.0
VERB,gluc,0.0,0.0,0.0,0.0
VERB,bad,0.0,0.0,0.0,0.0
VERB,DUrv,0.0,0.0,0.0,0.0
VERB,SiNG,0.0,0.0,0.0,0.0
VERB,had,0.0,0.0,0.0,0.0
VERB,tep,0.0,0.0,0.0,0.0
VERB,KuRq,0.0,0.0,0.0,0.0
VERB,liNg,0.0,0.0,0.0,0.0
VERB,tay,0.0,0.0,0.0,0.0
VERB,Jaw,0.0,0.0,0.0,0.0
VERB,rez,0.0,0.0,0.0,0.0
VERB,qam,0.0,0.0,0.0,0.0
VERB,hez,0.0,0.0,0.0,0.0
VERB,Nu,0.0,0.0,0.0,0.0
VERB,daMs,0.0,0.0,0.0,0.0
VERB,DUS,0.0,0.0,0.0,0.0
VERB,varD,0.0,0.0,0.0,0.0
VERB,vand,0.0,0.0,0.0,0.0
VERB,Pull,0.0,0.0,0.0,0.0
VERB,kac,0.0,0.0,0.0,0.0
VERB,cikk,0.0,0.0,0.0,0.0
VERB,at,0.0,0.0,0.0,0.0
VERB,bunD,0.0,0.0,0.0,0.0
VERB,hrAd,0.0,0.0,0.0,0.0
VERB,miS,0.0,0.0,0.0,0.0
VERB,guq,0.0,0.0,0.0,0.0
VERB,kzmAy,0.0,0.0,0.0,0.0
VERB,Gamb,0.0,0.0,0.0,0.0
VERB,kaW,0.0,0.0,0.0,0.0
VERB,Sri,0.0,0.0,0.0,0.0
VERB,luRw,0.0,0.0,0.0,0.0
VERB,kab,0.0,0.0,0.0,0.0
VERB,sarj,0.0,0.0,0.0,0.0
VERB,rUz,0.0,0.0,0.0,0.0
VERB,kIw,0.0,0.0,0.0,0.0
VERB,kuww,0.0,0.0,0.0625,0.0
VERB,jaYj,0.0,0.0,0.0,0.0
VERB,kzvel,0.0,0.0,0.0,0.0
VERB,tuw,0.0,0.0,0.0,0.0
VERB,kmar,0.0,0.0,0.0,0.0
VERB,jyut,0.0,0.0,0.0,0.0
VERB,guP,0.0,0.0,0.0,0.0
VERB,maYj,0.0,0.0,0.0,0.0
VERB,lap,0.0,0.0,0.0,0.0
VERB,dih,0.0,0.0,0.0,0.0
VERB,DrA,0.0,0.0,0.0,0.0
VERB,SAs,0.0,0.0,0.0,0.0
VERB,pUR,0.0,0.0,0.0,0.0
VERB,cuR,0.0,0.0,0.0,0.0
VERB,tuRq,0.0,0.0,0.0,0.0
VERB,cUR,0.0,0.0,0.0,0.0
VERB,vfR,0.0,0.0,0.0,0.0
VERB,trand,0.0,0.0,0.0,0.0
VERB,amb,0.0,0.0,0.0,0.0
VERB,GUrR,0.0,0.0,0.0,0.0
VERB,vell,0.0,0.0,0.0,0.0
VERB,Kuj,0.0,0.0,0.0,0.0
VERB,pru,0.0,0.0,0.037,0.0
VERB,tvaYc,0.0,0.0,0.0,0.0
VERB,knUy,0.0,0.0,0.0,0.0
VERB,jUz,0.0,0.0,0.0,0.0
VERB,dimp,0.0,0.0,0.0,0.0
VERB,trup,0.0,0.0,0.0,0.0
VERB,GuR,0.0,0.0,0.0,0.0
VERB,taRq,0.0,0.0,0.0,0.0
VERB,mrad,0.0,0.0,0.0,0.0
VERB,pUl,0.0,0.0,0.0,0.0
VERB,skand,0.0,0.0,0.0,0.0
VERB,Koq,0.0,0.0,0.0,0.0
VERB,lozw,0.0,0.0,0.0,0.0
VERB,vij,0.0,0.0,0.0,0.0
VERB,culump,0.0,0.0,0.0,0.0
VERB,mnA,0.0,0.0,0.0,0.0
VERB,buw,0.0,0.0,0.0,0.0
VERB,Dukz,0.0,0.0,0.0,0.0
VERB,jvar,0.0,0.0,0.0,0.0
VERB,gurv,0.0,0.0,0.0,0.0
VERB,vft,0.0,0.0,0.0,0.0
VERB,BaRq,0.0,0.0,0.0,0.0
VERB,oK,0.0,0.0,0.0,0.0
VERB,Sliz,0.0,0.0,0.0,0.0
VERB,raNG,0.0,0.0,0.0,0.0
VERB,vezw,0.0,0.0,0.0,0.0
VERB,has,0.0,0.0,0.0,0.0
VERB,cand,0.0,0.0,0.0,0.0
VERB,Ku,0.0,0.0,0.0,0.0
VERB,uYC,0.0,0.0,0.0,0.0
VERB,Sal,0.0,0.0,0.0,0.0
VERB,das,0.0,0.0,0.0,0.0
VERB,marc,0.0,0.0,0.0,0.0
VERB,Garb,0.0,0.0,0.0,0.0
VERB,Su,0.0,0.0,0.0,0.0
VERB,and,0.0,0.0,0.0,0.0
VERB,Jarc,0.0,0.0,0.0,0.0
VERB,cul,0.0,0.0,0.0,0.0
VERB,puq,0.0,0.0,0.0,0.0
VERB,jut,0.0,0.0,0.0,0.0
VERB,Kaj,0.0,0.0,0.0,0.0
VERB,rap,0.0,0.0,0.0,0.0
VERB,gev,0.0,0.0,0.0,0.0
VERB,vfkz,0.0,0.0,0.0,0.0
VERB,taYc,0.0,0.0,0.0,0.0
VERB,kleS,0.0,0.0,0.0,0.0
VERB,cill,0.0,0.0,0.0,0.0
VERB,SaS,0.0,0.0,0.0,0.0
VERB,maS,0.0,0.0,0.0,0.0
VERB,biw,0.0,0.0,0.0,0.0
VERB,vaRw,0.0,0.0,0.0,0.0
VERB,glev,0.0,0.0,0.0,0.0
VERB,Int,0.0,0.0,0.0,0.0
VERB,tund,0.0,0.0,0.0,0.0
VERB,tarj,0.0,0.0,0.0,0.0
VERB,gard,0.0,0.0,0.0,0.0
VERB,picc,0.0,0.0,0.0,0.0
VERB,puR,0.0,0.0,0.0,0.0
VERB,nizk,0.0,0.0,0.0,0.0
VERB,karR,0.0,0.0,0.0,0.0
VERB,oR,0.0,0.0,0.0,0.0
VERB,juNg,0.0,0.0,0.0,0.0
VERB,cad,0.0,0.0,0.0,0.0
VERB,tus,0.0,0.0,0.0,0.0
VERB,sam,0.0,0.0,0.0,0.0
VERB,GuRR,0.0,0.0,0.0,0.0
VERB,nay,0.0,0.0,0.0,0.0
VERB,kAs,0.0,0.0,0.0,0.0
VERB,niMs,0.0,0.0,0.0,0.0
VERB,cil,0.0,0.0,0.0,0.0
VERB,taNg,0.0,0.0,0.0,0.0
VERB,Barts,0.0,0.0,0.0,0.0
VERB,sru,0.0,0.0,0.0,0.0
VERB,ind,0.0,0.0,0.0,0.0
VERB,piw,0.0,0.0,0.0,0.0
VERB,murv,0.0,0.0,0.0,0.0
VERB,cyus,0.0,0.0,0.0,0.0
VERB,jUr,0.0,0.0,0.0,0.0
VERB,taNk,0.0,0.0,0.0,0.0
VERB,Brej,0.0,0.0,0.0,0.0
VERB,gruc,0.0,0.0,0.0,0.0
VERB,Dakk,0.0,0.0,0.0,0.0
VERB,kag,0.0,0.0,0.0,0.0
VERB,pus,0.0,0.0,0.0,0.0
VERB,Kac,0.0,0.0,0.0,0.0
VERB,kep,0.0,0.0,0.0,0.0
VERB,Gu,0.0,0.0,0.0,0.0
VERB,lAYC,0.0,0.0,0.0,0.0
VERB,kur,0.0,0.0,0.0,0.0
VERB,knas,0.0,0.0,0.0,0.0
VERB,anuruD,0.0,0.0,0.0,0.0
VERB,dul,0.0,0.0,0.0,0.0
VERB,Uy,0.0,0.0,0.0,0.0
VERB,jarj,0.0,0.0,0.0,0.0
VERB,wval,0.0,0.0,0.0,0.0
VERB,kaww,0.0,0.0,0.0,0.0
VERB,kel,0.0,0.0,0.0,0.0
VERB,sPUrj,0.0,0.0,0.0,0.0
VERB,kUq,0.0,0.0,0.0,0.0
VERB,vrIq,0.0,0.0,0.0,0.0
VERB,guj,0.0,0.0,0.0,0.0
VERB,arG,0.0,0.0,0.0,0.0
VERB,bul,0.0,0.0,0.0,0.0
VERB,gaj,0.0,0.0,0.0,0.0
VERB,pard,0.0,0.0,0.0,0.0
VERB,pas,0.0,0.0,0.0,0.0
VERB,tIv,0.25,0.25,0.0,0.0
VERB,jiz,0.0,0.0,0.0,0.0
VERB,aRW,0.0,0.0,0.0,0.0
VERB,Kard,0.0,0.0,0.0,0.0
VERB,hrIC,0.0,0.0,0.0,0.0
VERB,hiRq,0.0,0.0,0.0,0.0
VERB,jri,0.0,0.0,0.0,0.0
VERB,kuj,0.0,0.0,0.0,0.0
VERB,vaYc,0.0,0.0,0.0,0.0
VERB,yAc,0.0,0.0,0.0,0.0
VERB,Dikz,0.0,0.0,0.0,0.0
VERB,mud,0.0,0.0,0.0,0.0
VERB,DraR,0.0,0.0,0.0,0.0
VERB,Karv,0.0,0.0,0.0,0.0
VERB,kAYc,0.0,0.0,0.0,0.0
VERB,kU,0.0,0.0,0.0,0.0
VERB,bid,0.0,0.0,0.0,0.0
VERB,barh,0.0,0.0,0.0,0.0
PHIL,prARaBakza,0.0,0.0,0.0,0.0
PHIL,Agantavya,0.0,0.0,0.0,0.0
PHIL,mnA,0.0,0.0,0.0,0.0
PHIL,BAgalakzaRA,0.0,0.0,0.0,0.0
PHIL,sAvayava,0.0,0.0,0.0,0.0
PHIL,pArameSvara,0.0,0.0,0.0,0.0
PHIL,pUrvavartin,0.0,0.0,0.0,0.0
PHIL,vij,0.0,0.0,0.0,0.0
PHIL,anIhA,0.0,0.0,0.0,0.0
PHIL,nirupaplava,0.0,0.0,0.0,0.0
PHIL,tundila,0.0,0.0,0.0,0.0
PHIL,pArvaRa,0.1667,0.1667,0.0,0.0
PHIL,brAhmya,0.0,0.0,0.0,0.0
PHIL,ApannasattvA,0.2,0.2,0.0,0.0
PHIL,varRanIya,0.0,0.0,0.0,0.0
PHIL,kzaRika,0.0,0.0,0.0,0.0
PHIL,sItA,0.0,0.0,0.0,0.0
PHIL,unmATin,0.0,0.0,0.0,0.0
PHIL,qam,0.0,0.0,0.0,0.0
PHIL,saDarmacAriRI,0.0,0.0,0.0,0.0
PHIL,ahnAya,0.0,0.0,0.0,0.0
PHIL,guj,0.0,0.0,0.0,0.0
PHIL,smartavya,0.0,0.0,0.0,0.0
PHIL,galB,0.0,0.0,0.0,0.0
PHIL,pravaRatA,0.0,0.0,0.0,0.0
PHIL,dvArin,0.0,0.0,0.0,0.0
PHIL,loc,0.0,0.0,0.0,0.0
PHIL,AcCad,0.0,0.0,0.0,0.0
PHIL,uparaYjaka,0.0,0.0,0.0,0.0
PHIL,jAyA,0.0,0.0,0.0,0.0
PHIL,SaraRya,0.0,0.0,0.0,0.0
PHIL,mAnaDana,0.0,0.0,0.0,0.0
PHIL,SuD,0.0,0.0,0.0,0.0
PHIL,vAhas,0.0,0.0,0.0,0.0
PHIL,paripanTin,0.0,0.0,0.0,0.0
PHIL,nizprakAraka,0.0,0.0,0.0,0.0
PHIL,kfte,0.0,0.0,0.0,0.0
PHIL,vikarAla,0.0,0.0,0.0,0.0
PHIL,sUta,0.0,0.0,0.0,0.0
PHIL,yaTAkAmin,0.0,0.0,0.0,0.0
PHIL,SrAdDika,0.0,0.0,0.0,0.0
PHIL,lap,0.0,0.0,0.0,0.0
PHIL,dURASa,0.0,0.0,0.0,0.0
PHIL,lAYC,0.0,0.0,0.0,0.0
PHIL,pratikartavya,0.0,0.0,0.0,0.0
PHIL,anISvara,0.0,0.0,0.0,0.0
PHIL,mandamati,0.0,0.0,0.0,0.0
PHIL,Asic,0.0,0.0,0.0,0.0
PHIL,jyut,0.0,0.0,0.0,0.0
PHIL,karAlita,0.0,0.0,0.0,0.0
PHIL,lohitiman,0.0,0.0,0.0,0.0
PHIL,dUzita,0.0,0.0,0.0,0.0
PHIL,balikarman,0.0,0.0,0.0,0.0
PHIL,Sal,0.0,0.0,0.0,0.0
PHIL,paratA,0.0,0.0,0.0,0.0
PHIL,tyAjya,0.0,0.0,0.0,0.0
PHIL,rayi,0.0,0.0,0.0,0.0
PHIL,durBAgya,0.0,0.0,0.0,0.0
PHIL,manogrAhya,0.0,0.0,0.0,0.0
PHIL,aviDavA,0.0,0.0,0.0,0.0
PHIL,aGala,0.0,0.0,0.0,0.0
PHIL,avasTA,0.0,0.0,0.0,0.0
PHIL,satyavAdin,0.0,0.0,0.0,0.0
PHIL,badarikA,0.0,0.0,0.0,0.0
PHIL,hahA,0.0,0.0,0.0,0.0
PHIL,pracyAvuka,0.0,0.0,0.0,0.0
PHIL,upapad,0.0,0.0,0.0,0.0
PHIL,apekzaRIya,0.0,0.0,0.0,0.0
PHIL,KawinI,0.0,0.0,0.0,0.0
PHIL,sakriya,0.0,0.0,0.0,0.0
PHIL,ASaNkin,0.0,0.0,0.0,0.0
PHIL,brahmahatyA,0.0,0.0,0.0,0.0
PHIL,dUzaRa,0.0,0.0,0.0,0.0
PHIL,abuDa,0.0,0.0,0.0,0.0
PHIL,yAtayAman,0.0,0.0,0.0,0.0
PHIL,apaGAtaka,0.0,0.0,0.0,0.0
PHIL,triMSat,0.0,0.0,0.0,0.0
PHIL,kavozRa,0.0,0.0,0.0,0.0
PHIL,vyavasTApaka,0.0,0.0,0.0,0.0
PHIL,staB,0.0,0.0,0.0,0.0
PHIL,svap,0.0,0.0,0.0,0.0
PHIL,nirvicAra,0.0,0.0,0.0,0.0
PHIL,sPUrj,0.0,0.0,0.0,0.0
PHIL,dfQaprahArin,0.0,0.0,0.0,0.0
PHIL,sukarman,0.1667,0.1667,0.0,0.0
PHIL,prAyika,0.0,0.0,0.0,0.0
PHIL,mAhAvratI,0.0,0.0,0.0,0.0
PHIL,pannaga,0.0,0.0,0.0,0.0
PHIL,duHsTita,0.0,0.0,0.0,0.0
PHIL,aBiGAtaka,0.0,0.0,0.0,0.0
PHIL,avaDAtavya,0.0,0.0,0.0,0.0
PHIL,saMjYin,0.0,0.0,0.0,0.0
PHIL,anuBU,0.0,0.0,0.0,0.0
PHIL,bahvfca,0.0,0.0,0.0,0.0
PHIL,anavacCinna,0.0,0.0,0.0,0.0
PHIL,paripAwala,0.0,0.0,0.0,0.0
PHIL,tuz,0.0,0.0,0.0,0.0
PHIL,udBijja,0.0,0.0,0.0,0.0
PHIL,sarvajanIna,0.0,0.0,0.0,0.0
PHIL,kiMvadanti,0.0,0.0,0.0,0.0
PHIL,AsTeya,0.0,0.0,0.0,0.0
PHIL,skAnda,0.0,0.0,0.0,0.0
PHIL,tarkavidyA,0.0,0.0,0.0,0.0
PHIL,yAdfSa,0.0,0.0,0.0,0.0
PHIL,svaryAta,0.0,0.0,0.0,0.0
PHIL,kuzWin,0.0,0.0,0.0,0.0
PHIL,sru,0.0,0.0,0.0,0.0
PHIL,pacCas,0.0,0.0,0.0,0.0
PHIL,praDAnaka,0.0,0.0,0.0,0.0
PHIL,alepaka,0.0,0.0,0.0,0.0
PHIL,rUz,0.0,0.0,0.0,0.0
PHIL,vyatirekin,0.0,0.0,0.0,0.0
PHIL,Kalati,0.0,0.0,0.0,0.0
PHIL,praBAvanA,0.0,0.0,0.0,0.0
PHIL,vEyAsika,0.0,0.0,0.0,0.0
PHIL,sarj,0.0,0.0,0.0,0.0
PHIL,aByagra,0.0,0.0,0.0,0.0
PHIL,viSvaTA,0.0,0.0,0.0,0.0
PHIL,vedavid,0.0,0.0,0.0,0.0
PHIL,nirvitarka,0.0,0.0,0.0,0.0
PHIL,upekzaRIya,0.0,0.0,0.0,0.0
PHIL,kiMvadantI,0.0,0.0,0.0,0.0
PHIL,ukTaSas,0.0,0.0,0.0,0.0
PHIL,jAlma,0.0,0.0,0.0,0.0
PHIL,Barts,0.0,0.0,0.0,0.0
PHIL,visaMzWula,0.0,0.0,0.0,0.0
PHIL,pAYcadaSya,0.0,0.0,0.0,0.0
PHIL,ekEka,0.0,0.0,0.0,0.0
PHIL,cam,0.0,0.0,0.0,0.0
PHIL,raktiman,0.0,0.0,0.0,0.0
PHIL,INK,0.0,0.0,0.0,0.0
PHIL,saMsTa,0.0,0.0,0.0,0.0
PHIL,caRqAla,0.0,0.0,0.0,0.0
PHIL,nirapekzita,0.0,0.0,0.0,0.0
PHIL,arcya,0.0,0.0,0.0,0.0
PHIL,sudAs,0.0,0.0,0.0,0.0
PHIL,lakzaRalakzaRA,0.0,0.0,0.0,0.0
PHIL,sTapati,0.0714,0.0714,0.0,0.0
PHIL,hiMsya,0.0,0.0,0.0,0.0
PHIL,dih,0.0,0.0,0.0,0.0
PHIL,GUrR,0.0,0.0,0.0,0.0
PHIL,devakarman,0.2222,0.2222,0.0,0.0
PHIL,nirupama,0.0,0.0,0.0,0.0
PHIL,apAvft,0.0,0.0,0.0,0.0
PHIL,apUrvatA,0.0,0.0,0.0,0.0
PHIL,vinud,0.0,0.0,0.0,0.0
PHIL,si,0.0,0.0,0.0,0.0
PHIL,liK,0.0,0.0,0.0,0.0
PHIL,kalpanIya,0.0,0.0,0.0,0.0
PHIL,niratiSaya,0.0,0.0,0.0,0.0
PHIL,kzayin,0.0,0.0,0.0,0.0
PHIL,ulleKin,0.0,0.0,0.0,0.0
PHIL,paratantra,0.0909,0.0909,0.0,0.0
PHIL,barh,0.0,0.0,0.0,0.0
PHIL,kAmarUpin,0.0,0.0,0.0,0.0
PHIL,eDas,0.0,0.0,0.0,0.0
PHIL,laBya,0.0,0.0,0.0,0.0
PHIL,OpacArika,0.0,0.0,0.0,0.0
PHIL,Bos,0.0,0.0,0.0,0.0
PHIL,Bftya,0.0,0.0,0.0,0.0
PHIL,anuSAyin,0.0,0.0,0.0,0.0
PHIL,SElasAra,0.0,0.0,0.0,0.0
PHIL,karmAtman,0.0,0.0,0.0,0.0
PHIL,Betavya,0.0,0.0,0.0,0.0
PHIL,vedikA,0.0,0.0,0.0,0.0
PHIL,ASrayin,0.0,0.0,0.0,0.0
PHIL,pratiprati,0.0,0.0,0.0,0.0
PHIL,mayoBU,0.0,0.0,0.0,0.0
PHIL,muktAvalI,0.0,0.0,0.0,0.0
PHIL,AvaSyaka,0.0,0.0,0.0,0.0
PHIL,kazAyita,0.0,0.0,0.0,0.0
PHIL,pASuka,0.1429,0.1429,0.0,0.0
PHIL,cinmaya,0.0,0.0,0.0,0.0
PHIL,he,0.0,0.0,0.0,0.0
PHIL,mud,0.0,0.0,0.0,0.0
PHIL,kilAsin,0.0,0.0,0.0,0.0
PHIL,sraMs,0.0,0.0,0.0,0.0
PHIL,sadAtana,0.0,0.0,0.0,0.0
PHIL,veman,0.0,0.0,0.0,0.0
PHIL,havya,0.0,0.0,0.0,0.0
PHIL,saMsfp,0.0,0.0,0.0,0.0
PHIL,vIrakAma,0.0,0.0,0.0,0.0
PHIL,kirmIrita,0.0,0.0,0.0,0.0
PHIL,vEDasa,0.0,0.0,0.0,0.0
PHIL,muKara,0.0,0.0,0.0,0.0
PHIL,sajuz,0.0,0.0,0.0,0.0
PHIL,tfp,0.0,0.0,0.0,0.0
PHIL,aBinetavya,0.0,0.0,0.0,0.0
PHIL,anyaTAsidDa,0.0,0.0,0.0,0.0
PHIL,vand,0.0,0.0,0.0,0.0
PHIL,upakArya,0.0,0.0,0.0,0.0
PHIL,upalamBaka,0.0,0.0,0.0,0.0
PHIL,EzAvIra,0.0,0.0,0.0,0.0
PHIL,videha,0.0,0.0,0.0,0.0
PHIL,pAratrika,0.0,0.0,0.0,0.0
PHIL,cAndramasa,0.0,0.0,0.0,0.0
PHIL,tAlu,0.0,0.0,0.0,0.0
PHIL,mAYjizWa,0.0,0.0,0.0,0.0
PHIL,anvIkzA,0.0,0.0,0.0,0.0
PHIL,sahakArin,0.0,0.0,0.0,0.0
PHIL,ekaviDa,0.3333,0.3333,0.0,0.0
PHIL,duzprajYa,0.0,0.0,0.0,0.0
PHIL,yaTApraDAnam,0.0,0.0,0.0,0.0
PHIL,pratipAdya,0.0,0.0,0.0,0.0
PHIL,mADyaMdina,0.0,0.0,0.0,0.0
PHIL,vAcAla,0.0,0.0,0.0,0.0
PHIL,pravacanIya,0.0,0.0,0.0,0.0
PHIL,praSaMsaka,0.0,0.0,0.0,0.0
PHIL,puMs,0.0,0.0,0.0,0.0
PHIL,dvEpa,0.125,0.125,0.0,0.0
PHIL,vartin,0.0,0.0,0.0,0.0
PHIL,ekadeSin,0.1111,0.1111,0.0,0.0
PHIL,vazaw,0.0,0.0,0.0,0.0
PHIL,SAs,0.0,0.0,0.0,0.0
PHIL,DOreya,0.0,0.0,0.0,0.0
PHIL,Arhata,0.0,0.0,0.0,0.0
PHIL,nizkriya,0.0,0.0,0.0,0.0
PHIL,nAmaka,0.0,0.0,0.0,0.0
PHIL,yATAkAmI,0.0,0.0,0.0,0.0
PHIL,Odayika,0.0,0.0,0.0,0.0
PHIL,dviviDa,0.0,0.0,0.0,0.0
PHIL,boDya,0.0,0.0,0.0,0.0
PHIL,ArDuka,0.0,0.0,0.0,0.0
PHIL,vidiS,0.0,0.0,0.0,0.0
PHIL,atala,0.0,0.0,0.0,0.0
PHIL,piz,0.0,0.0,0.0,0.0
PHIL,SarvARI,0.0,0.0,0.0,0.0
VERB,rAD,0.0163,0.0164,0.0,-0.0001
PHIL,sArTa,0.0317,0.0323,0.0,-0.0005
PHIL,arunDatI,0.0233,0.0238,0.0,-0.0006
PHIL,vikawa,0.0725,0.0732,0.0,-0.0007
PHIL,vESezika,0.0548,0.0556,0.0,-0.0008
VERB,Gaww,0.1455,0.1463,0.0118,-0.0009
PHIL,purARa,0.0333,0.0345,0.0,-0.0011
VERB,mA,0.0338,0.0351,0.0,-0.0013
PHIL,mA,0.0338,0.0351,0.0,-0.0013
PHIL,vyAdiS,0.0541,0.0556,0.0,-0.0015
VERB,brU,0.0724,0.0741,0.0,-0.0017
VERB,vyaD,0.0227,0.0244,0.0,-0.0017
PHIL,vyaD,0.0227,0.0244,0.0,-0.0017
PHIL,brU,0.0724,0.0741,0.0,-0.0017
VERB,daG,0.1034,0.1053,0.0,-0.0018
PHIL,grAhya,0.0165,0.0185,0.0,-0.002
VERB,saMvid,0.0714,0.0741,0.0,-0.0026
PHIL,saMvid,0.0714,0.0741,0.0,-0.0026
PHIL,vakra,0.0851,0.0877,0.0,-0.0026
VERB,DAv,0.0703,0.0735,0.0,-0.0032
PHIL,DAv,0.0703,0.0735,0.0,-0.0032
PHIL,uru,0.1186,0.122,0.0,-0.0033
PHIL,turI,0.0556,0.0588,0.0,-0.0033
PHIL,jagat,0.0988,0.102,0.0192,-0.0033
VERB,car,0.0933,0.0968,0.0143,-0.0034
PHIL,DIra,0.0641,0.0676,0.0,-0.0035
VERB,yu,0.0191,0.0227,0.0,-0.0036
VERB,Bid,0.0655,0.0692,0.0,-0.0037
VERB,KyA,0.0476,0.0513,0.0,-0.0037
VERB,ud,0.0175,0.0213,0.0,-0.0037
PHIL,Bid,0.0655,0.0692,0.0,-0.0037
PHIL,praboDana,0.0588,0.0625,0.0,-0.0037
PHIL,ud,0.0175,0.0213,0.0,-0.0037
VERB,Sas,0.0417,0.0455,0.0,-0.0038
PHIL,Sas,0.0417,0.0455,0.0,-0.0038
PHIL,dyotana,0.1212,0.125,0.0,-0.0038
PHIL,vfTA,0.0299,0.0339,0.0,-0.004
PHIL,codana,0.087,0.0909,0.0,-0.004
VERB,jYA,0.0741,0.0781,0.0,-0.0041
VERB,dIp,0.0385,0.0426,0.0,-0.0041
PHIL,hatASa,0.0435,0.0476,0.0,-0.0041
VERB,Sam,0.0758,0.08,0.0,-0.0042
PHIL,Sam,0.0758,0.08,0.0,-0.0042
VERB,gal,0.0465,0.0508,0.0,-0.0043
PHIL,gal,0.0465,0.0508,0.0,-0.0043
PHIL,pUrRa,0.0526,0.0571,0.0,-0.0045
VERB,Ih,0.0208,0.0256,0.0,-0.0048
PHIL,viSva,0.0537,0.0588,0.0,-0.0051
VERB,gad,0.0816,0.087,0.0,-0.0053
PHIL,gad,0.0816,0.087,0.0,-0.0053
PHIL,viroDin,0.0536,0.0588,0.0,-0.0053
VERB,sPuw,0.0309,0.0364,0.0,-0.0054
PHIL,sPuw,0.0309,0.0364,0.0,-0.0054
VERB,garh,0.0714,0.0769,0.0,-0.0055
PHIL,vicikitsA,0.0714,0.0769,0.0,-0.0055
VERB,Iz,0.0222,0.0278,0.0,-0.0056
PHIL,Sizwa,0.1194,0.125,0.0,-0.0056
VERB,jinv,0.0469,0.0526,0.0,-0.0058
PHIL,jinv,0.0469,0.0526,0.0,-0.0058
PHIL,praTama,0.0926,0.0984,0.0,-0.0058
PHIL,sIDu,0.1053,0.1111,0.0,-0.0058
PHIL,annamaya,0.0909,0.0968,0.0,-0.0059
VERB,val,0.0395,0.0455,0.0,-0.006
PHIL,AKyA,0.0423,0.0484,0.0,-0.0061
VERB,plu,0.0075,0.0137,0.0,-0.0062
PHIL,parvan,0.253,0.2593,0.0,-0.0062
PHIL,nirantara,0.1228,0.129,0.0,-0.0062
VERB,ruh,0.0844,0.0909,0.0,-0.0065
PHIL,tAraRa,0.0435,0.05,0.0,-0.0065
VERB,gur,0.0204,0.027,0.0,-0.0066
PHIL,yaTA,0.0367,0.0435,0.0,-0.0068
VERB,ruD,0.0263,0.0333,0.0,-0.007
PHIL,ruD,0.0263,0.0333,0.0,-0.007
VERB,SraT,0.0185,0.0256,0.0,-0.0071
VERB,valg,0.025,0.0323,0.0,-0.0073
PHIL,valg,0.025,0.0323,0.0,-0.0073
PHIL,saMDya,0.0238,0.0312,0.0,-0.0074
VERB,nAT,0.0147,0.0222,0.0,-0.0075
PHIL,kuSala,0.0714,0.0789,0.0,-0.0075
PHIL,nAT,0.0147,0.0222,0.0,-0.0075
VERB,van,0.0252,0.0328,0.0,-0.0076
PHIL,AnvIkzikI,0.0833,0.0909,0.0,-0.0076
PHIL,avastu,0.0833,0.0909,0.0,-0.0076
PHIL,SamyA,0.0638,0.0714,0.0,-0.0076
PHIL,trikakud,0.0476,0.0556,0.0,-0.0079
VERB,BaYj,0.0333,0.0417,0.0,-0.0083
PHIL,kIlita,0.0417,0.05,0.0,-0.0083
PHIL,nivartana,0.0658,0.0741,0.0,-0.0083
PHIL,tejas,0.1522,0.1606,0.0116,-0.0084
VERB,SramB,0.0227,0.0312,0.0,-0.0085
VERB,laNG,0.0513,0.06,0.0,-0.0087
PHIL,saMskfta,0.0746,0.0833,0.0,-0.0087
PHIL,niyAmaka,0.027,0.0357,0.0,-0.0087
PHIL,sAhasika,0.0256,0.0345,0.0,-0.0088
PHIL,sabrahmacArin,0.0625,0.0714,0.0,-0.0089
VERB,nu,0.0351,0.0441,0.0,-0.009
VERB,lup,0.0167,0.0256,0.0,-0.009
VERB,viS,0.0481,0.0571,0.0,-0.009
PHIL,nu,0.0351,0.0441,0.0,-0.009
PHIL,viS,0.0481,0.0571,0.0,-0.009
PHIL,lup,0.0167,0.0256,0.0,-0.009
PHIL,tad,0.0237,0.0328,0.0,-0.0091
VERB,druh,0.03,0.0392,0.0,-0.0092
VERB,gAD,0.0435,0.0526,0.0,-0.0092
VERB,ci,0.0368,0.046,0.0,-0.0092
PHIL,Darmin,0.1852,0.1944,0.0,-0.0093
PHIL,taTA,0.0451,0.0545,0.0,-0.0094
VERB,lip,0.0089,0.0185,0.0,-0.0096
PHIL,sAMgrAmika,0.1154,0.125,0.0,-0.0096
VERB,ruc,0.0566,0.0667,0.0,-0.0101
VERB,luW,0.0244,0.0345,0.0,-0.0101
PHIL,ruc,0.0566,0.0667,0.0,-0.0101
PHIL,luW,0.0244,0.0345,0.0,-0.0101
VERB,muc,0.0214,0.0319,0.0,-0.0105
VERB,paT,0.0263,0.037,0.0,-0.0107
VERB,daMS,0.0115,0.0222,0.0,-0.0107
PHIL,vicakzaRa,0.1143,0.125,0.0,-0.0107
PHIL,paT,0.0263,0.037,0.0,-0.0107
PHIL,trARa,0.1429,0.1538,0.0,-0.011
VERB,kUj,0.0222,0.0333,0.0,-0.0111
PHIL,parApara,0.2162,0.2273,0.0,-0.0111
PHIL,narman,0.0556,0.0667,0.0,-0.0111
PHIL,ASA,0.0909,0.102,0.0,-0.0111
PHIL,praSamana,0.0556,0.0667,0.0,-0.0111
VERB,Bram,0.0482,0.0594,0.0,-0.0112
VERB,siD,0.0178,0.029,0.0,-0.0112
PHIL,Bram,0.0482,0.0594,0.0,-0.0112
VERB,yas,0.0137,0.025,0.0,-0.0113
PHIL,rUpya,0.1316,0.1429,0.0,-0.0113
VERB,vaS,0.0208,0.0323,0.0,-0.0114
PHIL,ekarUpa,0.0385,0.05,0.0,-0.0115
PHIL,vyAKyA,0.0385,0.05,0.0,-0.0115
VERB,kal,0.0596,0.0714,0.0,-0.0118
PHIL,Candas,0.0448,0.0566,0.0,-0.0118
PHIL,kal,0.0596,0.0714,0.0,-0.0118
PHIL,hIna,0.0667,0.0784,0.0,-0.0118
VERB,kil,0.0714,0.0833,0.0,-0.0119
PHIL,upari,0.0603,0.0725,0.0,-0.0121
VERB,jyA,0.0543,0.0667,0.0,-0.0123
PHIL,ADiBOtika,0.1053,0.1176,0.0,-0.0124
VERB,dal,0.0588,0.0714,0.0,-0.0126
VERB,muw,0.0588,0.0714,0.0,-0.0126
VERB,ad,0.0541,0.0667,0.0,-0.0126
PHIL,dal,0.0588,0.0714,0.0,-0.0126
PHIL,saMkzipta,0.04,0.0526,0.0,-0.0126
PHIL,bIBatsa,0.04,0.0526,0.0,-0.0126
VERB,vic,0.013,0.0256,0.0093,-0.0127
PHIL,Palin,0.1176,0.1304,0.0,-0.0128
PHIL,prekzA,0.0893,0.102,0.0,-0.0128
VERB,as,0.0347,0.0476,0.0,-0.0129
PHIL,as,0.0347,0.0476,0.0,-0.0129
VERB,mil,0.0571,0.0702,0.0,-0.013
PHIL,pUrvya,0.2727,0.2857,0.0,-0.013
PHIL,mil,0.0571,0.0702,0.0,-0.013
PHIL,prayuj,0.024,0.037,0.0,-0.013
VERB,i,0.0069,0.02,0.0,-0.0131
VERB,Uh,0.0303,0.0435,0.0,-0.0132
PHIL,varam,0.06,0.0732,0.0,-0.0132
PHIL,Uh,0.0303,0.0435,0.0,-0.0132
PHIL,vyasta,0.0312,0.0444,0.0,-0.0132
PHIL,virAj,0.0545,0.0678,0.0,-0.0133
VERB,ruz,0.011,0.0244,0.0,-0.0134
VERB,lajj,0.0455,0.0588,0.0,-0.0134
PHIL,Avis,0.0455,0.0588,0.0,-0.0134
PHIL,vastu,0.1294,0.1429,0.0,-0.0134
PHIL,vikriyA,0.0455,0.0588,0.0,-0.0134
PHIL,svarAj,0.0606,0.0741,0.0,-0.0135
VERB,diS,0.0364,0.05,0.0,-0.0136
PHIL,vitta,0.0816,0.0952,0.0,-0.0136
PHIL,diS,0.0364,0.05,0.0,-0.0136
PHIL,SUnya,0.0645,0.0781,0.0,-0.0136
PHIL,suBaga,0.0864,0.1,0.0,-0.0136
VERB,pA,0.0068,0.0204,0.0,-0.0137
PHIL,vyApta,0.0196,0.0333,0.0,-0.0137
PHIL,pA,0.0068,0.0204,0.0,-0.0137
VERB,jarc,0.1111,0.125,0.0,-0.0139
VERB,SiYj,0.0526,0.0667,0.0,-0.014
PHIL,peya,0.0769,0.0909,0.0,-0.014
PHIL,alam,0.0526,0.0667,0.0336,-0.014
PHIL,Bakta,0.0676,0.0816,0.0,-0.0141
VERB,cumb,0.1034,0.1176,0.0,-0.0142
VERB,yA,0.0777,0.092,0.0,-0.0143
VERB,Buj,0.0057,0.02,0.0,-0.0143
VERB,kruYc,0.0968,0.1111,0.0,-0.0143
PHIL,yA,0.0777,0.092,0.0,-0.0143
PHIL,zazWa,0.0968,0.1111,0.0,-0.0143
PHIL,dos,0.069,0.0833,0.0,-0.0144
PHIL,parANmuKa,0.125,0.1395,0.0,-0.0145
PHIL,mfdu,0.1633,0.1778,0.0,-0.0145
VERB,tas,0.0476,0.0625,0.0,-0.0149
VERB,praT,0.0128,0.0278,0.0,-0.015
PHIL,sUkzma,0.1183,0.1333,0.0,-0.0151
VERB,tu,0.0641,0.0794,0.0,-0.0153
PHIL,pratyenas,0.0435,0.0588,0.0,-0.0153
PHIL,vrajyA,0.0435,0.0588,0.0,-0.0153
PHIL,unnI,0.0192,0.0345,0.0,-0.0153
VERB,aw,0.0323,0.0476,0.0,-0.0154
VERB,Baj,0.0132,0.0286,0.0,-0.0154
VERB,mi,0.055,0.0704,0.0,-0.0154
PHIL,mi,0.055,0.0704,0.0,-0.0154
PHIL,Baj,0.0132,0.0286,0.0,-0.0154
VERB,DA,0.0075,0.023,0.0,-0.0155
PHIL,lakzman,0.0645,0.08,0.0,-0.0155
PHIL,DA,0.0075,0.023,0.0417,-0.0155
PHIL,ityAdi,0.04,0.0556,0.0,-0.0156
PHIL,kzetrajYa,0.037,0.0526,0.0,-0.0156
PHIL,tawasTa,0.0278,0.0435,0.0,-0.0157
PHIL,om,0.0446,0.0606,0.0,-0.016
PHIL,pratizWA,0.0994,0.1154,0.0,-0.016
PHIL,pratimA,0.1429,0.1591,0.0,-0.0162
PHIL,bahula,0.2836,0.3,0.0,-0.0164
VERB,vAS,0.012,0.0286,0.0,-0.0165
PHIL,uSij,0.16,0.1765,0.0,-0.0165
PHIL,Astika,0.2143,0.2308,0.0,-0.0165
VERB,tviz,0.0723,0.0893,0.0,-0.017
PHIL,avAntara,0.0455,0.0625,0.0,-0.017
VERB,Sak,0.0597,0.0769,0.0,-0.0172
VERB,kuR,0.0417,0.0588,0.0,-0.0172
PHIL,Sak,0.0597,0.0769,0.0,-0.0172
PHIL,vandya,0.0417,0.0588,0.0,-0.0172
PHIL,tarala,0.0877,0.1053,0.0,-0.0175
VERB,paR,0.0476,0.0652,0.0,-0.0176
VERB,iz,0.0457,0.0634,0.0,-0.0177
PHIL,dfS,0.0349,0.0526,0.0,-0.0177
PHIL,raSanA,0.0732,0.0909,0.0,-0.0177
VERB,ganD,0.125,0.1429,0.0,-0.0179
VERB,nal,0.125,0.1429,0.0,-0.0179
VERB,an,0.0488,0.0667,0.0,-0.0179
VERB,pIl,0.125,0.1429,0.0,-0.0179
PHIL,prAtipada,0.125,0.1429,0.0,-0.0179
PHIL,saMjanana,0.3571,0.375,0.0,-0.0179
PHIL,mandara,0.082,0.1,0.0,-0.018
VERB,bAD,0.0579,0.0759,0.0,-0.0181
VERB,parz,0.0588,0.0769,0.0,-0.0181
PHIL,nirvIrya,0.0588,0.0769,0.0,-0.0181
VERB,spfS,0.0187,0.037,0.0,-0.0183
VERB,dA,0.0085,0.027,0.0,-0.0185
VERB,yuj,0.0417,0.0602,0.0,-0.0185
VERB,tuj,0.0,0.0185,0.0,-0.0185
PHIL,dA,0.0085,0.027,0.0,-0.0185
PHIL,yuj,0.0417,0.0602,0.0,-0.0185
VERB,san,0.0526,0.0714,0.0,-0.0188
PHIL,san,0.0526,0.0714,0.0,-0.0188
PHIL,vanamAlA,0.0526,0.0714,0.0,-0.0188
VERB,SaNk,0.0182,0.037,0.0,-0.0189
PHIL,SaNk,0.0182,0.037,0.0,-0.0189
VERB,krIq,0.0351,0.0541,0.0,-0.019
VERB,Gaw,0.0709,0.09,0.0,-0.0191
VERB,ras,0.0597,0.0789,0.0,-0.0192
VERB,dam,0.0179,0.037,0.0,-0.0192
PHIL,dam,0.0179,0.037,0.0,-0.0192
VERB,sTA,0.007,0.0263,0.0,-0.0193
VERB,kaj,0.0714,0.0909,0.0,-0.0195
VERB,lag,0.0463,0.0658,0.0,-0.0195
PHIL,lampawa,0.0714,0.0909,0.0,-0.0195
PHIL,ArAt,0.1053,0.125,0.0,-0.0197
VERB,vac,0.0675,0.0875,0.0,-0.02
PHIL,vac,0.0675,0.0875,0.0,-0.02
VERB,nad,0.0617,0.082,0.0,-0.0202
VERB,kzip,0.0413,0.0615,0.0,-0.0202
PHIL,Suzka,0.0909,0.1111,0.0,-0.0202
PHIL,nirISvara,0.0909,0.1111,0.0,-0.0202
PHIL,tuhina,0.0909,0.1111,0.0,-0.0202
PHIL,gfhya,0.051,0.0714,0.0,-0.0204
VERB,spaS,0.0128,0.0333,0.0,-0.0205
PHIL,spaS,0.0128,0.0333,0.0,-0.0205
PHIL,guRakarman,0.1333,0.1538,0.0,-0.0205
PHIL,tridaRqin,0.0606,0.0811,0.0,-0.0205
PHIL,dakziRA,0.0282,0.0488,0.0,-0.0206
VERB,Ap,0.0149,0.0357,0.0,-0.0208
VERB,Pakk,0.1667,0.1875,0.0,-0.0208
PHIL,udAratA,0.0625,0.0833,0.0833,-0.0208
PHIL,nizWa,0.0,0.0208,0.0,-0.0208
PHIL,tretA,0.0625,0.0833,0.0,-0.0208
VERB,BAs,0.0753,0.0962,0.0,-0.0209
PHIL,BAs,0.0753,0.0962,0.0,-0.0209
PHIL,BUmikA,0.1154,0.1364,0.0,-0.021
VERB,ah,0.0789,0.1,0.0,-0.0211
VERB,vah,0.0088,0.0299,0.0,-0.0211
PHIL,saguRa,0.0345,0.0556,0.0,-0.0211
PHIL,vah,0.0088,0.0299,0.0,-0.0211
VERB,lakz,0.0263,0.0476,0.0,-0.0213
PHIL,traya,0.05,0.0714,0.0,-0.0214
PHIL,CAndasa,0.1364,0.1579,0.0,-0.0215
PHIL,vAma,0.0088,0.0303,0.0,-0.0215
PHIL,sAkzAt,0.0976,0.119,0.0,-0.0215
PHIL,upaSaya,0.037,0.0588,0.0,-0.0218
VERB,Dan,0.069,0.0909,0.0,-0.0219
PHIL,izumAtra,0.2,0.2222,0.0,-0.0222
VERB,sah,0.0069,0.0294,0.0,-0.0225
PHIL,sah,0.0069,0.0294,0.0,-0.0225
VERB,katT,0.0606,0.0833,0.0,-0.0227
VERB,tvar,0.0328,0.0556,0.0,-0.0228
PHIL,pratirUpa,0.12,0.1429,0.0,-0.0229
PHIL,apariSeza,0.0769,0.1,0.0,-0.0231
PHIL,Cadman,0.0769,0.1,0.0,-0.0231
PHIL,bahuDA,0.1852,0.2083,0.0,-0.0231
VERB,man,0.0206,0.0439,0.0,-0.0232
VERB,sic,0.0306,0.0541,0.0,-0.0234
PHIL,sic,0.0306,0.0541,0.0,-0.0234
PHIL,apekzA,0.0732,0.0968,0.0,-0.0236
VERB,BraMS,0.012,0.0357,0.0,-0.0237
PHIL,sahas,0.0645,0.0882,0.0,-0.0237
PHIL,pAriRAmika,0.1429,0.1667,0.0,-0.0238
PHIL,smArta,0.15,0.1739,0.0,-0.0239
PHIL,pratijYA,0.028,0.0519,0.0,-0.0239
VERB,kzar,0.0411,0.0652,0.0,-0.0241
VERB,kzuB,0.0159,0.04,0.0,-0.0241
VERB,ubj,0.0286,0.0526,0.0,-0.0241
PHIL,kzuB,0.0159,0.04,0.0,-0.0241
VERB,dIkz,0.0508,0.075,0.0333,-0.0242
PHIL,variman,0.087,0.1111,0.0,-0.0242
PHIL,sTAnIya,0.087,0.1111,0.0,-0.0242
PHIL,pracala,0.0667,0.0909,0.0,-0.0242
PHIL,sa,0.0249,0.0492,0.0,-0.0243
VERB,mih,0.0556,0.08,0.0,-0.0244
PHIL,kftya,0.04,0.0645,0.0,-0.0245
PHIL,kuwila,0.0755,0.1,0.0,-0.0245
PHIL,nEmittika,0.0588,0.0833,0.0,-0.0245
VERB,vA,0.0439,0.0685,0.0,-0.0246
PHIL,vA,0.0439,0.0685,0.0,-0.0246
PHIL,eka,0.06,0.0847,0.0,-0.0247
VERB,uc,0.0227,0.0476,0.0,-0.0249
PHIL,tAmra,0.0357,0.0606,0.0,-0.0249
VERB,cup,0.1,0.125,0.0,-0.025
PHIL,SiKA,0.1444,0.1695,0.0,-0.025
VERB,yaj,0.0083,0.0333,0.0,-0.0251
PHIL,yaj,0.0083,0.0333,0.0,-0.0251
PHIL,sama,0.0648,0.0899,0.0,-0.0251
VERB,vap,0.0159,0.0411,0.0,-0.0252
PHIL,sevA,0.1081,0.1333,0.0,-0.0252
PHIL,raktAmbara,0.1176,0.1429,0.0,-0.0252
PHIL,vap,0.0159,0.0411,0.0,-0.0252
VERB,ujJ,0.0857,0.1111,0.0,-0.0254
VERB,vam,0.0633,0.0889,0.0,-0.0256
PHIL,UrDva,0.0682,0.0938,0.0,-0.0256
PHIL,vam,0.0633,0.0889,0.0,-0.0256
VERB,smi,0.0125,0.0385,0.0,-0.026
VERB,vid,0.0547,0.0808,0.0,-0.0261
PHIL,vid,0.0547,0.0808,0.0,-0.0261
PHIL,nirmA,0.0192,0.0455,0.0,-0.0262
VERB,nI,0.0239,0.0505,0.0,-0.0266
PHIL,SoRa,0.0566,0.0833,0.0,-0.0267
PHIL,udBid,0.0377,0.0645,0.0,-0.0268
PHIL,SAkinI,0.05,0.0769,0.0,-0.0269
PHIL,sAttvika,0.0147,0.0417,0.0,-0.027
PHIL,sADu,0.0511,0.0784,0.0,-0.0273
PHIL,duHKa,0.0694,0.0968,0.0312,-0.0273
PHIL,Seza,0.0677,0.0952,0.0,-0.0275
VERB,pad,0.0421,0.0698,0.0,-0.0277
PHIL,pad,0.0421,0.0698,0.0,-0.0277
PHIL,pratiBA,0.093,0.1207,0.0,-0.0277
VERB,Baw,0.0556,0.0833,0.0,-0.0278
VERB,paw,0.0556,0.0833,0.0,-0.0278
VERB,drAK,0.0833,0.1111,0.0,-0.0278
VERB,pIq,0.0,0.0278,0.0,-0.0278
PHIL,pIq,0.0,0.0278,0.0,-0.0278
PHIL,yakzin,0.0833,0.1111,0.0,-0.0278
PHIL,paw,0.0556,0.0833,0.0,-0.0278
VERB,buD,0.0427,0.0706,0.0,-0.0279
PHIL,buD,0.0427,0.0706,0.0,-0.0279
PHIL,anumA,0.0435,0.0714,0.0,-0.028
PHIL,brahmacArin,0.0196,0.0476,0.0,-0.028
VERB,kup,0.029,0.0571,0.0,-0.0282
VERB,mfd,0.0217,0.05,0.0,-0.0283
PHIL,cAkzuza,0.0133,0.0417,0.0,-0.0283
PHIL,kAyaka,0.0625,0.0909,0.0,-0.0284
VERB,kvaR,0.027,0.0556,0.0,-0.0285
VERB,Dor,0.0714,0.1,0.0,-0.0286
VERB,tim,0.0714,0.1,0.0,-0.0286
VERB,kaq,0.0714,0.1,0.0,-0.0286
VERB,kliS,0.0213,0.05,0.0,-0.0287
PHIL,kliS,0.0213,0.05,0.0,-0.0287
PHIL,sarva,0.0482,0.0769,0.0,-0.0287
VERB,kas,0.0238,0.0526,0.0,-0.0288
VERB,Suz,0.0167,0.0455,0.0,-0.0288
PHIL,UrDvajAnu,0.125,0.1538,0.0,-0.0288
VERB,dyut,0.0753,0.1042,0.0,-0.0289
PHIL,dyut,0.0753,0.1042,0.0,-0.0289
VERB,paW,0.1013,0.1304,0.0,-0.0292
VERB,yup,0.0233,0.0526,0.0,-0.0294
PHIL,saMkula,0.0588,0.0882,0.0,-0.0294
PHIL,DyAna,0.0233,0.0526,0.0,-0.0294
PHIL,darSana,0.0847,0.1143,0.0256,-0.0295
VERB,tap,0.119,0.1486,0.0,-0.0296
PHIL,tap,0.119,0.1486,0.0,-0.0296
PHIL,nAman,0.0561,0.0857,0.0,-0.0296
VERB,dru,0.0508,0.0806,0.0133,-0.0298
VERB,nud,0.1034,0.1333,0.0,-0.0299
VERB,BA,0.0451,0.075,0.0,-0.0299
VERB,tark,0.0339,0.0638,0.0,-0.0299
PHIL,tark,0.0339,0.0638,0.0,-0.0299
PHIL,mAnin,0.098,0.1282,0.0,-0.0302
VERB,kAS,0.0577,0.0882,0.0,-0.0305
VERB,Ir,0.0725,0.1029,0.0,-0.0305
PHIL,viSAla,0.0806,0.1111,0.0,-0.0305
VERB,jeh,0.087,0.1176,0.0,-0.0307
PHIL,Avft,0.1,0.1311,0.0,-0.0311
VERB,cakz,0.025,0.0566,0.0,-0.0316
VERB,glep,0.1111,0.1429,0.0,-0.0317
PHIL,dUrasaMsTa,0.1111,0.1429,0.0,-0.0317
PHIL,kevalavyatirekin,0.1111,0.1429,0.0,-0.0317
VERB,daB,0.0423,0.0741,0.0,-0.0318
PHIL,arUpa,0.0588,0.0909,0.0,-0.0321
VERB,rud,0.0426,0.075,0.0,-0.0324
VERB,sTag,0.1212,0.1538,0.0,-0.0326
VERB,sku,0.02,0.0526,0.0,-0.0326
VERB,kram,0.0629,0.0957,0.0,-0.0328
PHIL,kram,0.0629,0.0957,0.0,-0.0328
VERB,BrAj,0.0147,0.0476,0.0,-0.0329
PHIL,paramezWin,0.0976,0.1304,0.0,-0.0329
VERB,cukk,0.1667,0.2,0.0,-0.0333
PHIL,kOsalya,0.1333,0.1667,0.0,-0.0333
PHIL,pANkta,0.1,0.1333,0.0,-0.0333
PHIL,DyA,0.0667,0.1,0.0,-0.0333
VERB,cezw,0.1029,0.1364,0.0,-0.0334
PHIL,cezw,0.1029,0.1364,0.0,-0.0334
PHIL,nirvEra,0.0435,0.0769,0.0,-0.0334
VERB,BU,0.0757,0.1092,0.0,-0.0335
PHIL,BU,0.0757,0.1092,0.0,-0.0335
VERB,stu,0.0094,0.0435,0.0,-0.034
PHIL,stu,0.0094,0.0435,0.0,-0.034
VERB,juq,0.0909,0.125,0.0,-0.0341
VERB,kuRq,0.0909,0.125,0.0,-0.0341
PHIL,Askra,0.0909,0.125,0.0,-0.0341
VERB,drANkz,0.0769,0.1111,0.0,-0.0342
PHIL,lokagATA,0.0769,0.1111,0.0,-0.0342
VERB,cak,0.0833,0.1176,0.0,-0.0343
VERB,laB,0.0221,0.0566,0.0,-0.0345
PHIL,laB,0.0221,0.0566,0.0,-0.0345
VERB,mrakz,0.0606,0.0952,0.0,-0.0346
PHIL,aBitas,0.1875,0.2222,0.0,-0.0347
PHIL,kriyA,0.1081,0.1429,0.0,-0.0347
PHIL,sADya,0.0403,0.075,0.0,-0.0347
VERB,arh,0.0412,0.0761,0.0,-0.0348
VERB,GrA,0.0164,0.0513,0.0,-0.0349
VERB,duh,0.0544,0.0893,0.0,-0.0349
PHIL,duh,0.0544,0.0893,0.0,-0.0349
VERB,tAy,0.0417,0.0769,0.0,-0.0353
VERB,pUj,0.0417,0.0769,0.0,-0.0353
PHIL,rajasvala,0.2,0.2353,0.0,-0.0353
PHIL,viSoka,0.027,0.0625,0.0,-0.0355
PHIL,daRqin,0.0435,0.0789,0.0,-0.0355
VERB,turv,0.0476,0.0833,0.0,-0.0357
VERB,laj,0.0476,0.0833,0.0,-0.0357
VERB,ag,0.25,0.2857,0.0,-0.0357
PHIL,suhita,0.1071,0.1429,0.0,-0.0357
PHIL,vivakzu,0.25,0.2857,0.0,-0.0357
PHIL,pratyakza,0.0976,0.1333,0.0,-0.0358
PHIL,vAdin,0.1404,0.1765,0.0,-0.0361
VERB,mUl,0.1304,0.1667,0.0,-0.0362
VERB,miz,0.0377,0.0741,0.0,-0.0363
PHIL,miz,0.0377,0.0741,0.0,-0.0363
VERB,ukz,0.0405,0.0769,0.0,-0.0364
PHIL,caturTa,0.0222,0.0588,0.0,-0.0366
VERB,Gas,0.0465,0.0833,0.0,-0.0368
VERB,Di,0.0256,0.0625,0.0,-0.0369
VERB,cit,0.0522,0.0891,0.0,-0.0369
VERB,naB,0.0541,0.0909,0.0,-0.0369
PHIL,Di,0.0256,0.0625,0.0,-0.0369
PHIL,saptaka,0.0345,0.0714,0.0,-0.0369
PHIL,cit,0.0522,0.0891,0.0,-0.0369
VERB,kANkz,0.0806,0.1176,0.0,-0.037
VERB,DU,0.05,0.087,0.0,-0.037
PHIL,kANkz,0.0806,0.1176,0.0,-0.037
PHIL,pravftta,0.013,0.05,0.0,-0.037
VERB,cud,0.051,0.0882,0.0,-0.0372
PHIL,yaTAsuKam,0.0625,0.1,0.0,-0.0375
PHIL,nizaNgin,0.0625,0.1,0.0,-0.0375
VERB,glah,0.1053,0.1429,0.0,-0.0376
PHIL,aRu,0.1163,0.1538,0.0,-0.0376
VERB,rAj,0.0504,0.0882,0.0,-0.0378
VERB,SlaT,0.0455,0.0833,0.125,-0.0379
PHIL,sAMsidDika,0.0455,0.0833,0.0,-0.0379
VERB,kUw,0.087,0.125,0.0,-0.038
VERB,vad,0.0314,0.0694,0.0,-0.038
PHIL,Dfzwi,0.0526,0.0909,0.0,-0.0383
VERB,nand,0.0,0.0385,0.0,-0.0385
PHIL,saptadaSan,0.0,0.0385,0.0,-0.0385
PHIL,vihvala,0.0,0.0385,0.0,-0.0385
VERB,juz,0.0592,0.0978,0.0,-0.0386
PHIL,juz,0.0592,0.0978,0.0,-0.0386
PHIL,asUyA,0.1111,0.15,0.0,-0.0389
PHIL,yAmya,0.0444,0.0833,0.0,-0.0389
VERB,rac,0.0395,0.0784,0.0,-0.039
PHIL,rac,0.0395,0.0784,0.0,-0.039
PHIL,ayana,0.1139,0.1529,0.0,-0.039
PHIL,parArTa,0.0545,0.0938,0.0,-0.0392
PHIL,loha,0.1957,0.2353,0.0,-0.0396
VERB,lA,0.0714,0.1111,0.0,-0.0397
VERB,cap,0.0714,0.1111,0.0,-0.0397
VERB,su,0.0083,0.048,0.0,-0.0397
PHIL,kAlpanika,0.0714,0.1111,0.0,-0.0397
PHIL,su,0.0083,0.048,0.0,-0.0397
VERB,Kid,0.0333,0.0732,0.0,-0.0398
PHIL,Kid,0.0333,0.0732,0.0,-0.0398
PHIL,dvezin,0.0435,0.0833,0.0,-0.0399
VERB,PaR,0.0,0.04,0.0,-0.04
PHIL,Bitti,0.122,0.1622,0.0,-0.0402
PHIL,bAhya,0.0455,0.0857,0.0,-0.0403
VERB,krand,0.0426,0.0833,0.0,-0.0408
VERB,snih,0.046,0.087,0.0,-0.041
VERB,nam,0.0339,0.075,0.0,-0.0411
VERB,Cid,0.0177,0.0588,0.0,-0.0411
PHIL,nam,0.0339,0.075,0.0,-0.0411
PHIL,kaTanIya,0.0588,0.1,0.0,-0.0412
PHIL,SuSrUzA,0.0588,0.1,0.0,-0.0412
PHIL,virahin,0.0588,0.1,0.0,-0.0412
VERB,Sikz,0.0253,0.0667,0.0,-0.0414
PHIL,Sikz,0.0253,0.0667,0.0,-0.0414
VERB,ak,0.125,0.1667,0.0,-0.0417
VERB,pras,0.0833,0.125,0.0,-0.0417
VERB,kaz,0.0,0.0417,0.0,-0.0417
VERB,kiw,0.125,0.1667,0.0,-0.0417
PHIL,SudDa,0.0769,0.1186,0.0,-0.0417
PHIL,tARqavita,0.3333,0.375,0.0,-0.0417
PHIL,prAgagra,0.0833,0.125,0.0,-0.0417
PHIL,supeSas,0.0833,0.125,0.0,-0.0417
PHIL,kaz,0.0,0.0417,0.0,-0.0417
VERB,tij,0.0351,0.0769,0.0,-0.0418
VERB,nas,0.0137,0.0556,0.0,-0.0419
VERB,tam,0.0556,0.0976,0.0,-0.042
PHIL,tam,0.0556,0.0976,0.0,-0.042
PHIL,vilAsin,0.069,0.1111,0.0,-0.0421
VERB,sad,0.042,0.0843,0.0244,-0.0424
PHIL,sad,0.042,0.0843,0.0,-0.0424
VERB,vraj,0.0265,0.069,0.0,-0.0425
VERB,vraSc,0.0408,0.0833,0.0,-0.0425
PHIL,dUra,0.1154,0.1579,0.0,-0.0425
PHIL,vraj,0.0265,0.069,0.0,-0.0425
VERB,dI,0.0385,0.0811,0.0,-0.0426
VERB,cakk,0.1,0.1429,0.0,-0.0429
VERB,KAd,0.0571,0.1,0.0,-0.0429
PHIL,prAtyakzika,0.1,0.1429,0.0,-0.0429
PHIL,KAd,0.0571,0.1,0.0,-0.0429
PHIL,pragAQa,0.1389,0.1818,0.0,-0.0429
PHIL,SrezWin,0.0571,0.1,0.0,-0.0429
PHIL,unneya,0.1,0.1429,0.0,-0.0429
PHIL,paripArSva,0.1,0.1429,0.0,-0.0429
VERB,naS,0.031,0.0741,0.0,-0.0431
PHIL,maDyareKA,0.0476,0.0909,0.0,-0.0433
VERB,tras,0.0,0.0435,0.0,-0.0435
VERB,kzam,0.0354,0.0789,0.0,-0.0435
PHIL,lAkzaRika,0.0,0.0435,0.0,-0.0435
VERB,hiMs,0.0278,0.0714,0.0,-0.0437
VERB,kam,0.0517,0.0959,0.0,-0.0442
PHIL,nirukta,0.0667,0.1111,0.0,-0.0444
PHIL,kati,0.0508,0.0952,0.0,-0.0444
VERB,spand,0.0423,0.087,0.0,-0.0447
VERB,Sad,0.0423,0.087,0.0,-0.0447
VERB,luYc,0.0385,0.0833,0.0,-0.0449
VERB,paRq,0.08,0.125,0.0,-0.045
VERB,lamb,0.0405,0.0857,0.0,-0.0452
PHIL,lamb,0.0405,0.0857,0.0,-0.0452
PHIL,vAstu,0.05,0.0952,0.0,-0.0452
VERB,lU,0.0135,0.0588,0.0,-0.0453
PHIL,lU,0.0135,0.0588,0.0,-0.0453
VERB,tan,0.0281,0.0735,0.0,-0.0454
VERB,IS,0.0746,0.12,0.0,-0.0454
PHIL,IS,0.0746,0.12,0.0,-0.0454
PHIL,tan,0.0281,0.0735,0.0,-0.0454
VERB,hrI,0.0169,0.0625,0.0,-0.0456
PHIL,vyakta,0.0508,0.0968,0.0,-0.0459
PHIL,nAnA,0.0732,0.119,0.0,-0.0459
PHIL,SilA,0.0968,0.1429,0.0,-0.0461
VERB,paz,0.1538,0.2,0.0,-0.0462
VERB,sU,0.0407,0.087,0.0,-0.0463
VERB,caw,0.0645,0.1111,0.0,-0.0466
PHIL,SAva,0.0303,0.0769,0.0,-0.0466
VERB,dviz,0.0814,0.1282,0.0,-0.0468
PHIL,dviz,0.0814,0.1282,0.0,-0.0468
VERB,cyu,0.1125,0.1596,0.0,-0.0471
VERB,krI,0.0563,0.1034,0.0,-0.0471
PHIL,cyu,0.1125,0.1596,0.0,-0.0471
VERB,Ikz,0.0615,0.1087,0.0,-0.0472
VERB,riz,0.0337,0.0811,0.0,-0.0474
PHIL,nikfti,0.0526,0.1,0.0,-0.0474
VERB,cat,0.0294,0.0769,0.0,-0.0475
PHIL,jAtIya,0.0357,0.0833,0.0,-0.0476
PHIL,nirvAta,0.2857,0.3333,0.0,-0.0476
PHIL,niKila,0.2857,0.3333,0.0,-0.0476
VERB,sparD,0.0189,0.0667,0.0,-0.0478
VERB,arc,0.0444,0.0926,0.0,-0.0481
VERB,gaq,0.0769,0.125,0.0,-0.0481
VERB,kzviq,0.0208,0.069,0.0,-0.0481
PHIL,nirduHKa,0.0769,0.125,0.0,-0.0481
PHIL,viviDa,0.0769,0.125,0.0,-0.0481
VERB,muh,0.024,0.0723,0.0,-0.0483
PHIL,muh,0.024,0.0723,0.0,-0.0483
PHIL,vErAja,0.0426,0.0909,0.0,-0.0484
VERB,yuD,0.0686,0.1176,0.0,-0.049
PHIL,locana,0.1176,0.1667,0.0,-0.049
PHIL,samarTa,0.1216,0.1707,0.0,-0.0491
PHIL,yAvanmAtra,0.2174,0.2667,0.0,-0.0493
VERB,nah,0.0235,0.0732,0.0,-0.0496
PHIL,nah,0.0235,0.0732,0.0,-0.0496
VERB,Cam,0.2,0.25,0.0,-0.05
VERB,drAh,0.2,0.25,0.0,-0.05
VERB,klIb,0.05,0.1,0.0,-0.05
VERB,nard,0.05,0.1,0.0,-0.05
PHIL,PakkikA,0.0,0.05,0.0,-0.05
PHIL,jIvAtman,0.2,0.25,0.0,-0.05
PHIL,ekatAna,0.2,0.25,0.0,-0.05
PHIL,Orva,0.0408,0.0909,0.0,-0.0501
VERB,hnu,0.0164,0.0667,0.0,-0.0503
PHIL,duranta,0.0968,0.1471,0.0,-0.0503
PHIL,hnu,0.0164,0.0667,0.0,-0.0503
PHIL,gfhameDa,0.0606,0.1111,0.0,-0.0505
PHIL,preman,0.1667,0.2174,0.0,-0.0507
VERB,piYj,0.0526,0.1034,0.0,-0.0508
VERB,Sru,0.0117,0.0625,0.0,-0.0508
PHIL,dozA,0.0741,0.125,0.0,-0.0509
PHIL,taTAgata,0.0741,0.125,0.0,-0.0509
VERB,kuRW,0.1364,0.1875,0.0,-0.0511
PHIL,grAmIRa,0.0541,0.1053,0.0,-0.0512
PHIL,spfhA,0.1304,0.1818,0.0,-0.0514
VERB,pil,0.0909,0.1429,0.0,-0.0519
PHIL,anAdi,0.0909,0.1429,0.0,-0.0519
PHIL,apramAda,0.0909,0.1429,0.0,-0.0519
VERB,Bakz,0.0349,0.087,0.0,-0.0521
VERB,qI,0.0476,0.1,0.0,-0.0524
PHIL,pradeya,0.0385,0.0909,0.0,-0.0524
VERB,DvaMs,0.0459,0.0984,0.0,-0.0525
VERB,aYj,0.0308,0.0833,0.0,-0.0526
VERB,ji,0.0702,0.1228,0.0,-0.0526
PHIL,ji,0.0702,0.1228,0.0,-0.0526
PHIL,aYj,0.0308,0.0833,0.0,-0.0526
VERB,jIv,0.0685,0.1212,0.0,-0.0527
PHIL,jIv,0.0685,0.1212,0.0,-0.0527
VERB,svad,0.0833,0.1364,0.0,-0.053
VERB,han,0.0537,0.1068,0.0,-0.0531
PHIL,han,0.0537,0.1068,0.0,-0.0531
VERB,lI,0.012,0.0652,0.0,-0.0532
PHIL,lI,0.012,0.0652,0.0,-0.0532
VERB,takz,0.0667,0.12,0.0,-0.0533
PHIL,prARAntika,0.08,0.1333,0.0,-0.0533
PHIL,kapAlin,0.1132,0.1667,0.0,-0.0535
VERB,kzur,0.0714,0.125,0.0,-0.0536
PHIL,zawkarman,0.015,0.069,0.0,-0.0539
VERB,maNG,0.1333,0.1875,0.0,-0.0542
PHIL,BAvya,0.029,0.0833,0.0,-0.0543
PHIL,nitya,0.0308,0.0851,0.0,-0.0543
VERB,SlAG,0.1053,0.16,0.0,-0.0547
VERB,eD,0.0784,0.1333,0.0,-0.0549
PHIL,Una,0.0357,0.0909,0.0,-0.0552
VERB,bund,0.1111,0.1667,0.0,-0.0556
VERB,kland,0.0556,0.1111,0.0,-0.0556
VERB,tak,0.0,0.0556,0.0,-0.0556
VERB,Gar,0.0,0.0556,0.0,-0.0556
PHIL,dehayAtrA,0.1667,0.2222,0.0,-0.0556
PHIL,vyAvartaka,0.0556,0.1111,0.0,-0.0556
PHIL,mAyAvin,0.0556,0.1111,0.0,-0.0556
PHIL,pravAhin,0.0,0.0556,0.0,-0.0556
PHIL,ekarAj,0.1667,0.2222,0.0,-0.0556
VERB,BAz,0.0513,0.1071,0.0,-0.0559
PHIL,BAz,0.0513,0.1071,0.0,-0.0559
VERB,akz,0.0385,0.0952,0.0,-0.0568
PHIL,puratas,0.125,0.1818,0.0,-0.0568
VERB,UrRu,0.0263,0.0833,0.0,-0.057
VERB,tuB,0.1429,0.2,0.0,-0.0571
PHIL,aBirAma,0.1429,0.2,0.0,-0.0571
PHIL,mardana,0.1333,0.1905,0.0,-0.0571
VERB,pac,0.1235,0.1809,0.0,-0.0573
PHIL,napAt,0.0847,0.1429,0.0,-0.0581
VERB,Brez,0.0417,0.1,0.0,-0.0583
VERB,raw,0.025,0.0833,0.0,-0.0583
PHIL,raw,0.025,0.0833,0.0,-0.0583
PHIL,suhfd,0.0526,0.1111,0.0,-0.0585
PHIL,pUrvedyus,0.0952,0.1538,0.0,-0.0586
PHIL,sahAyatA,0.0588,0.1176,0.0,-0.0588
VERB,kall,0.0833,0.1429,0.0,-0.0595
VERB,ruW,0.0833,0.1429,0.0,-0.0595
PHIL,EndrajAlika,0.0833,0.1429,0.0,-0.0595
PHIL,vANmanas,0.0833,0.1429,0.0,-0.0595
PHIL,Izat,0.0357,0.0952,0.0,-0.0595
PHIL,ekAdaSaka,0.0833,0.1429,0.0,-0.0595
PHIL,cArin,0.1136,0.1739,0.0,-0.0603
PHIL,senA,0.0877,0.1481,0.0,-0.0604
VERB,av,0.02,0.0806,0.0,-0.0606
VERB,kruD,0.0441,0.1053,0.0,-0.0611
PHIL,cAru,0.1053,0.1667,0.0,-0.0614
VERB,hu,0.0385,0.1,0.0,-0.0615
PHIL,hu,0.0385,0.1,0.0,-0.0615
VERB,du,0.1233,0.1852,0.0,-0.0619
PHIL,tapasvin,0.0488,0.1111,0.0,-0.0623
PHIL,vasu,0.0948,0.1571,0.0238,-0.0624
PHIL,catuzpAd,0.0,0.0625,0.0,-0.0625
VERB,vAYC,0.02,0.0833,0.0,-0.0633
VERB,jal,0.0417,0.1053,0.0,-0.0636
VERB,jalp,0.0233,0.087,0.0,-0.0637
PHIL,Endriya,0.1176,0.1818,0.0,-0.0642
VERB,SI,0.019,0.0833,0.0,-0.0643
VERB,piS,0.0508,0.1154,0.0,-0.0645
PHIL,tamas,0.0854,0.15,0.0,-0.0646
VERB,kuz,0.093,0.1579,0.0,-0.0649
PHIL,viSvakarman,0.026,0.0909,0.0,-0.0649
PHIL,durAcAra,0.0526,0.1176,0.0,-0.065
PHIL,paritas,0.1111,0.1765,0.0,-0.0654
PHIL,upakAraka,0.0345,0.1,0.0,-0.0655
VERB,aMh,0.0455,0.1111,0.0,-0.0657
PHIL,Atmaka,0.0455,0.1111,0.0,-0.0657
VERB,jUrv,0.0769,0.1429,0.0,-0.0659
PHIL,saKi,0.0769,0.1429,0.0,-0.0659
PHIL,rUpin,0.1481,0.2143,0.0,-0.0661
VERB,riNK,0.0588,0.125,0.0,-0.0662
PHIL,Saktitas,0.0588,0.125,0.0,-0.0662
PHIL,jEminIya,0.0588,0.125,0.0,-0.0662
VERB,Iq,0.0667,0.1333,0.0,-0.0667
PHIL,anupadam,0.1,0.1667,0.0,-0.0667
PHIL,upAMSu,0.1429,0.2105,0.0,-0.0677
VERB,BI,0.019,0.087,0.0,-0.0679
PHIL,BI,0.019,0.087,0.0,-0.0679
VERB,laz,0.0217,0.0909,0.0,-0.0692
VERB,bal,0.0556,0.125,0.0,-0.0694
PHIL,sarvajYa,0.0556,0.125,0.0,-0.0694
VERB,garj,0.0328,0.1026,0.0,-0.0698
PHIL,gariman,0.0833,0.1538,0.0,-0.0705
PHIL,prastAvanA,0.0682,0.1389,0.0,-0.0707
VERB,pU,0.0959,0.1667,0.0,-0.0708
VERB,saYj,0.0244,0.0952,0.0,-0.0708
PHIL,pU,0.0959,0.1667,0.0,-0.0708
PHIL,yaTAyaTam,0.0625,0.1333,0.0,-0.0708
VERB,mas,0.0714,0.1429,0.0,-0.0714
PHIL,vAcin,0.0714,0.1429,0.0,-0.0714
PHIL,nivartaka,0.0,0.0714,0.0,-0.0714
PHIL,pfTak,0.0682,0.1395,0.0,-0.0714
VERB,gAh,0.0615,0.1333,0.0,-0.0718
PHIL,gAh,0.0615,0.1333,0.0,-0.0718
VERB,nij,0.0278,0.1,0.0,-0.0722
VERB,kaR,0.0857,0.1579,0.0,-0.0722
VERB,tur,0.0455,0.1176,0.0,-0.0722
PHIL,nij,0.0278,0.1,0.0,-0.0722
VERB,rA,0.0476,0.12,0.0,-0.0724
PHIL,rA,0.0476,0.12,0.0,-0.0724
VERB,pat,0.0335,0.1064,0.0,-0.0729
VERB,jval,0.0769,0.15,0.0,-0.0731
PHIL,vEyAGra,0.1765,0.25,0.0,-0.0735
PHIL,aDiraTa,0.1765,0.25,0.0,-0.0735
VERB,Bikz,0.0213,0.0952,0.0,-0.074
VERB,stan,0.037,0.1111,0.0,-0.0741
VERB,zWiv,0.0167,0.0909,0.0,-0.0742
PHIL,zWiv,0.0167,0.0909,0.0,-0.0742
PHIL,CawA,0.0435,0.1176,0.0,-0.0742
PHIL,ekadevata,0.125,0.2,0.0,-0.075
PHIL,navaDA,0.125,0.2,0.0,-0.075
PHIL,vispazwa,0.125,0.2,0.0,-0.075
PHIL,saMgamaka,0.0909,0.1667,0.0,-0.0758
PHIL,drAk,0.0909,0.1667,0.0,-0.0758
PHIL,zAwkOSika,0.0909,0.1667,0.0,-0.0758
VERB,sPAy,0.0571,0.1333,0.0,-0.0762
PHIL,palAy,0.0345,0.1111,0.0,-0.0766
VERB,raD,0.0658,0.1429,0.0,-0.0771
VERB,tard,0.0606,0.1379,0.0,-0.0773
PHIL,mADyama,0.0476,0.125,0.0,-0.0774
VERB,puz,0.0588,0.1364,0.0,-0.0775
PHIL,puz,0.0588,0.1364,0.0,-0.0775
VERB,taq,0.0758,0.1538,0.0,-0.0781
PHIL,taq,0.0758,0.1538,0.0244,-0.0781
VERB,svan,0.0385,0.1176,0.0,-0.0792
VERB,tfz,0.1081,0.1875,0.0,-0.0794
VERB,Kan,0.0241,0.1034,0.0,-0.0794
VERB,lok,0.0455,0.125,0.0,-0.0795
PHIL,lok,0.0455,0.125,0.0,-0.0795
PHIL,anukUlatA,0.0,0.08,0.0,-0.08
PHIL,vAcaka,0.0625,0.1429,0.0,-0.0804
PHIL,svatas,0.0444,0.125,0.0,-0.0806
VERB,cal,0.0442,0.125,0.0,-0.0808
VERB,jan,0.0699,0.1509,0.0,-0.081
VERB,jas,0.0488,0.1304,0.0,-0.0817
VERB,luB,0.0515,0.1333,0.0,-0.0818
PHIL,pArSvavartin,0.1,0.1818,0.0,-0.0818
VERB,pluz,0.0606,0.1429,0.0,-0.0823
VERB,jur,0.0714,0.1538,0.0,-0.0824
PHIL,yaSasvin,0.1176,0.2,0.0,-0.0824
PHIL,grIvA,0.0714,0.1538,0.0,-0.0824
PHIL,tadvid,0.1176,0.2,0.0,-0.0824
PHIL,nAndImuKa,0.0286,0.1111,0.0,-0.0825
PHIL,rEvata,0.0175,0.1,0.0,-0.0825
PHIL,SrAdDa,0.0171,0.1,0.0,-0.0829
VERB,Guq,0.25,0.3333,0.0,-0.0833
VERB,klid,0.0278,0.1111,0.0,-0.0833
VERB,ramB,0.0833,0.1667,0.0,-0.0833
VERB,yakz,0.0,0.0833,0.0,-0.0833
VERB,cuww,0.1667,0.25,0.0,-0.0833
PHIL,udGAwana,0.0417,0.125,0.0,-0.0833
PHIL,avidyAmaya,0.1667,0.25,0.0,-0.0833
PHIL,paNgutA,0.25,0.3333,0.0,-0.0833
PHIL,kAraRatA,0.1667,0.25,0.0,-0.0833
VERB,pruz,0.0217,0.1053,0.0,-0.0835
VERB,Baz,0.0588,0.1429,0.0,-0.084
VERB,uB,0.0588,0.1429,0.0,-0.084
PHIL,uB,0.0588,0.1429,0.0,-0.084
PHIL,lipsA,0.0588,0.1429,0.0,-0.084
PHIL,anAdara,0.0588,0.1429,0.0,-0.084
PHIL,nibanDin,0.1875,0.2727,0.0,-0.0852
VERB,Guw,0.0476,0.1333,0.0,-0.0857
PHIL,paYcaka,0.0962,0.1818,0.0,-0.0857
PHIL,usra,0.0476,0.1333,0.0,-0.0857
VERB,Si,0.025,0.1111,0.0,-0.0861
PHIL,Eqa,0.08,0.1667,0.0,-0.0867
PHIL,maDyasTa,0.2093,0.2963,0.0,-0.087
PHIL,mAtsya,0.0556,0.1429,0.0,-0.0873
PHIL,vAYCA,0.0556,0.1429,0.0,-0.0873
PHIL,uqqAmara,0.1111,0.2,0.0,-0.0889
PHIL,sajjIBU,0.1111,0.2,0.0,-0.0889
PHIL,bahirmanas,0.1111,0.2,0.0,-0.0889
PHIL,triguRa,0.1282,0.2174,0.0,-0.0892
VERB,kzIj,0.0769,0.1667,0.0,-0.0897
VERB,kzap,0.0682,0.1579,0.0,-0.0897
VERB,maRq,0.0,0.0909,0.0,-0.0909
VERB,baMh,0.0,0.0909,0.0,-0.0909
PHIL,pratyAyaka,0.0,0.0909,0.0,-0.0909
PHIL,nirASraya,0.0,0.0909,0.0,-0.0909
PHIL,maRq,0.0,0.0909,0.0,-0.0909
PHIL,pativratA,0.0,0.0909,0.0,-0.0909
PHIL,ftviya,0.0323,0.125,0.0,-0.0927
PHIL,pratyagra,0.1379,0.2308,0.0,-0.0928
VERB,carc,0.027,0.12,0.0,-0.093
PHIL,vyoman,0.1404,0.2353,0.0,-0.0949
PHIL,SozaRa,0.0857,0.1818,0.0,-0.0961
VERB,dAn,0.1538,0.25,0.0,-0.0962
PHIL,unmATa,0.1538,0.25,0.0,-0.0962
VERB,Kad,0.125,0.2222,0.0,-0.0972
VERB,klam,0.0323,0.1304,0.0,-0.0982
PHIL,urvarA,0.0833,0.1818,0.0,-0.0985
PHIL,saras,0.1739,0.2727,0.0,-0.0988
VERB,piW,0.0,0.1,0.0,-0.1
VERB,buq,0.1,0.2,0.0,-0.1
VERB,QOk,0.0,0.1,0.0,-0.1
PHIL,avadAta,0.15,0.25,0.0,-0.1
PHIL,kAlIna,0.1,0.2,0.0,-0.1
PHIL,jIvin,0.1,0.2,0.0,-0.1
PHIL,upasaMhArin,0.1,0.2,0.0,-0.1
PHIL,tUzRIm,0.0,0.1,0.0,-0.1
PHIL,saptan,0.0429,0.1429,0.0,-0.1
PHIL,bahuviDa,0.1,0.2,0.0,-0.1
PHIL,jara,0.0606,0.1613,0.0,-0.1007
PHIL,nirjantu,0.1818,0.2857,0.0,-0.1039
PHIL,sAparADa,0.0625,0.1667,0.0,-0.1042
PHIL,gnA,0.1176,0.2222,0.0,-0.1046
VERB,kaRq,0.0769,0.1818,0.0,-0.1049
PHIL,aByanujYA,0.0769,0.1818,0.0,-0.1049
PHIL,aBinna,0.08,0.1852,0.0,-0.1052
VERB,mfD,0.037,0.1429,0.0,-0.1058
VERB,Bas,0.0698,0.1765,0.0,-0.1067
VERB,jaB,0.0182,0.125,0.0,-0.1068
VERB,kaqq,0.1429,0.25,0.0,-0.1071
PHIL,unmuKara,0.1429,0.25,0.0,-0.1071
PHIL,vijigIzu,0.0357,0.1429,0.0,-0.1071
PHIL,pAwaliman,0.1429,0.25,0.0,-0.1071
PHIL,asattva,0.1429,0.25,0.0,-0.1071
PHIL,kUwasTa,0.0851,0.1923,0.0,-0.1072
VERB,kaw,0.0588,0.1667,0.0,-0.1078
VERB,mIl,0.0308,0.1395,0.0,-0.1088
PHIL,mIl,0.0308,0.1395,0.0,-0.1088
VERB,bukk,0.0909,0.2,0.0,-0.1091
PHIL,vAsanAmaya,0.0909,0.2,0.0,-0.1091
PHIL,pratyakzapramA,0.0714,0.1818,0.0,-0.1104
VERB,gUrd,0.0,0.1111,0.0,-0.1111
PHIL,nAvanIta,0.1111,0.2222,0.0,-0.1111
PHIL,SArIraka,0.0,0.1111,0.0,-0.1111
VERB,kruS,0.0408,0.1538,0.0,-0.113
PHIL,kruS,0.0408,0.1538,0.0,-0.113
PHIL,vAr,0.087,0.2,0.0,-0.113
VERB,kraT,0.1364,0.25,0.0,-0.1136
PHIL,grAmakAma,0.25,0.3636,0.0,-0.1136
PHIL,pOrRamAsa,0.1081,0.2222,0.0,-0.1141
PHIL,rAkA,0.1463,0.2609,0.0,-0.1145
PHIL,janaka,0.0851,0.2,0.0,-0.1149
PHIL,SayyA,0.0667,0.1818,0.0,-0.1152
PHIL,paYcatA,0.2414,0.3571,0.0,-0.1158
VERB,dakz,0.1111,0.2273,0.0,-0.1162
VERB,DUr,0.0833,0.2,0.0,-0.1167
PHIL,prARaBft,0.1333,0.25,0.0,-0.1167
PHIL,daSaviDa,0.0833,0.2,0.0,-0.1167
PHIL,saMvat,0.0244,0.1429,0.0,-0.1185
PHIL,BUyizWa,0.1136,0.2326,0.0,-0.1189
PHIL,Ehika,0.1667,0.2857,0.0,-0.119
VERB,guD,0.0625,0.1818,0.0,-0.1193
PHIL,sukftin,0.1154,0.2353,0.0,-0.1199
PHIL,dESika,0.1515,0.2727,0.0,-0.1212
PHIL,daSA,0.1096,0.2308,0.0,-0.1212
PHIL,avataraRikA,0.2308,0.3529,0.0,-0.1222
VERB,il,0.0652,0.1875,0.0,-0.1223
VERB,drA,0.0435,0.1667,0.0,-0.1232
PHIL,pratyAsanna,0.0435,0.1667,0.0,-0.1232
PHIL,azwaka,0.0909,0.2143,0.0,-0.1234
PHIL,aSeza,0.1111,0.2353,0.0,-0.1242
VERB,kzmIl,0.125,0.25,0.0,-0.125
VERB,aNg,0.0,0.125,0.0,-0.125
VERB,til,0.0,0.125,0.0,-0.125
VERB,trap,0.0,0.125,0.0,-0.125
VERB,must,0.125,0.25,0.0,-0.125
VERB,mANkz,0.125,0.25,0.0,-0.125
VERB,jarts,0.0,0.125,0.0,-0.125
VERB,tUl,0.0,0.125,0.0,-0.125
VERB,gavez,0.0417,0.1667,0.0,-0.125
PHIL,kzetravid,0.0417,0.1667,0.0,-0.125
PHIL,sadApuzpa,0.0,0.125,0.0,-0.125
PHIL,guRatA,0.0,0.125,0.0,-0.125
PHIL,rudrARI,0.125,0.25,0.0,-0.125
PHIL,nEsargika,0.0,0.125,0.0,-0.125
PHIL,paYcAvayava,0.0,0.125,0.0,-0.125
PHIL,dviDA,0.125,0.25,0.0,-0.125
PHIL,niranumAna,0.125,0.25,0.0,-0.125
PHIL,paricCedya,0.0,0.125,0.0,-0.125
PHIL,ADikArika,0.04,0.1667,0.0,-0.1267
PHIL,prAyaSas,0.2353,0.3636,0.0,-0.1283
PHIL,vimala,0.0806,0.2105,0.0667,-0.1299
PHIL,viparyasta,0.05,0.1818,0.0,-0.1318
PHIL,OraBra,0.1176,0.25,0.0,-0.1324
VERB,maNg,0.2,0.3333,0.0,-0.1333
VERB,arb,0.2,0.3333,0.0,-0.1333
VERB,krap,0.0,0.1333,0.0,-0.1333
PHIL,nASaka,0.0667,0.2,0.0,-0.1333
PHIL,puRyajita,0.2,0.3333,0.0,-0.1333
PHIL,IrzyA,0.2,0.3333,0.0,-0.1333
PHIL,kOmAra,0.1159,0.25,0.0,-0.1341
PHIL,roman,0.1143,0.25,0.0,-0.1357
VERB,pur,0.1136,0.25,0.0,-0.1364
VERB,kruq,0.0625,0.2,0.0,-0.1375
VERB,nakz,0.0833,0.2222,0.0,-0.1389
PHIL,OzaDa,0.0833,0.2222,0.0,-0.1389
PHIL,prAgudaYc,0.1111,0.25,0.0,-0.1389
PHIL,sakartfka,0.1111,0.25,0.0,-0.1389
PHIL,asuramAyA,0.1111,0.25,0.0,-0.1389
PHIL,svavaSa,0.1111,0.25,0.0,-0.1389
PHIL,roha,0.0909,0.2308,0.0,-0.1399
PHIL,bAQa,0.0588,0.2,0.0,-0.1412
VERB,pis,0.1304,0.2727,0.0,-0.1423
VERB,caR,0.0,0.1429,0.0,-0.1429
VERB,cuw,0.1429,0.2857,0.0,-0.1429
PHIL,mfdula,0.2857,0.4286,0.0,-0.1429
PHIL,durvaca,0.0,0.1429,0.0,-0.1429
PHIL,vAcya,0.0556,0.2,0.0,-0.1444
PHIL,tApaka,0.1875,0.3333,0.0,-0.1458
VERB,dram,0.0526,0.2,0.0,-0.1474
PHIL,virUpAkza,0.0189,0.1667,0.0,-0.1478
VERB,arj,0.0377,0.1857,0.0,-0.148
PHIL,marut,0.1019,0.25,0.0,-0.1481
PHIL,purAvid,0.1,0.25,0.0,-0.15
VERB,kvaT,0.0476,0.2,0.0,-0.1524
PHIL,BAsaka,0.0476,0.2,0.0,-0.1524
PHIL,patnISAlA,0.0,0.1538,0.0,-0.1538
VERB,ej,0.0455,0.2,0.0,-0.1545
PHIL,parovaram,0.2727,0.4286,0.0,-0.1558
VERB,jakz,0.0238,0.1818,0.0,-0.158
VERB,maMh,0.0909,0.25,0.0,-0.1591
PHIL,mamatA,0.0385,0.2,0.0,-0.1615
PHIL,viBA,0.0667,0.2308,0.0,-0.1641
VERB,GagG,0.1667,0.3333,0.0,-0.1667
VERB,kuk,0.1667,0.3333,0.0,-0.1667
VERB,Bruq,0.1667,0.3333,0.0,-0.1667
VERB,Kaww,0.1667,0.3333,0.0,-0.1667
VERB,arv,0.3333,0.5,0.0,-0.1667
PHIL,annAda,0.1667,0.3333,0.0,-0.1667
PHIL,citrin,0.1,0.2667,0.0,-0.1667
PHIL,pUzan,0.0333,0.2,0.0,-0.1667
PHIL,sOrya,0.0333,0.2,0.0,-0.1667
PHIL,nirmiTya,0.1667,0.3333,0.0,-0.1667
PHIL,sarvadA,0.1667,0.3333,0.0,-0.1667
PHIL,vidvezin,0.0,0.1667,0.0,-0.1667
VERB,BaR,0.0625,0.2308,0.0,-0.1683
VERB,mid,0.0182,0.1875,0.0,-0.1693
PHIL,sanAtana,0.0286,0.2,0.0,-0.1714
VERB,aR,0.0769,0.25,0.0,-0.1731
PHIL,pORqarIka,0.125,0.3,0.0,-0.175
PHIL,jAtakarman,0.1579,0.3333,0.0,-0.1754
VERB,cIv,0.0714,0.25,0.0,-0.1786
PHIL,svABAvika,0.1538,0.3333,0.0,-0.1795
VERB,cUz,0.1053,0.2857,0.0,-0.1805
PHIL,kOSa,0.1053,0.2857,0.0,-0.1805
PHIL,azwANga,0.069,0.25,0.0,-0.181
VERB,bis,0.1176,0.3,0.0,-0.1824
VERB,tik,0.0667,0.25,0.0,-0.1833
VERB,SraR,0.0667,0.25,0.0,-0.1833
PHIL,mahAhavis,0.1,0.2857,0.0,-0.1857
PHIL,tarhi,0.1,0.2857,0.0,-0.1857
PHIL,nava,0.0769,0.2667,0.0,-0.1897
VERB,gez,0.1429,0.3333,0.0,-0.1905
VERB,puRw,0.1429,0.3333,0.0,-0.1905
VERB,karv,0.1429,0.3333,0.0,-0.1905
VERB,mIm,0.1429,0.3333,0.0,-0.1905
PHIL,piDAyaka,0.1429,0.3333,0.0,-0.1905
PHIL,AcCAdaka,0.1429,0.3333,0.0,-0.1905
PHIL,Avaraka,0.1429,0.3333,0.0,-0.1905
VERB,Svit,0.0588,0.25,0.0,-0.1912
PHIL,nirAbADa,0.0455,0.24,0.0,-0.1945
PHIL,ozWya,0.1765,0.375,0.0,-0.1985
VERB,Kal,0.0,0.2,0.0,-0.2
VERB,tev,0.0,0.2,0.0,-0.2
VERB,daD,0.2,0.4,0.0,-0.2
VERB,Kiw,0.0,0.2,0.0,-0.2
VERB,cIk,0.0,0.2,0.0,-0.2
VERB,daNG,0.0,0.2,0.0,-0.2
PHIL,zoqaSaka,0.1333,0.3333,0.0,-0.2
PHIL,BEkza,0.1333,0.3333,0.0,-0.2
PHIL,jina,0.093,0.3,0.0,-0.207
PHIL,mahi,0.1923,0.4,0.0,-0.2077
VERB,piMs,0.125,0.3333,0.0,-0.2083
VERB,GaRw,0.125,0.3333,0.0,-0.2083
VERB,kuMS,0.125,0.3333,0.0,-0.2083
VERB,traMs,0.125,0.3333,0.0,-0.2083
PHIL,brahmayoni,0.0385,0.25,0.0,-0.2115
PHIL,ekatra,0.12,0.3333,0.0,-0.2133
VERB,BrI,0.0323,0.25,0.0,-0.2177
PHIL,mOYja,0.1818,0.4,0.0,-0.2182
VERB,kaK,0.1111,0.3333,0.0,-0.2222
VERB,kaMs,0.1111,0.3333,0.0,-0.2222
VERB,plus,0.1111,0.3333,0.0,-0.2222
PHIL,KAqga,0.1111,0.3333,0.0,-0.2222
PHIL,paYcavft,0.1111,0.3333,0.0,-0.2222
PHIL,DAnvana,0.1111,0.3333,0.0,-0.2222
PHIL,kzmA,0.1111,0.3333,0.0,-0.2222
PHIL,mahartvij,0.0588,0.2857,0.0,-0.2269
PHIL,sutAra,0.2273,0.4545,0.0,-0.2273
VERB,prA,0.0217,0.25,0.0,-0.2283
VERB,dyu,0.0476,0.2778,0.0,-0.2302
VERB,naj,0.1,0.3333,0.0,-0.2333
PHIL,grAvan,0.2667,0.5,0.0,-0.2333
VERB,kzal,0.0952,0.3333,0.0,-0.2381
VERB,kaYc,0.0833,0.3333,0.0,-0.25
PHIL,jijYAsA,0.0,0.25,0.0,-0.25
PHIL,pratigrAhaka,0.0,0.25,0.0,-0.25
PHIL,trayastriMSat,0.0,0.25,0.0,-0.25
PHIL,tadarTa,0.0833,0.3333,0.0,-0.25
PHIL,dvitra,0.0,0.25,0.0,-0.25
PHIL,dAkziRa,0.0833,0.3333,0.0,-0.25
PHIL,paYcaDA,0.0,0.25,0.0,-0.25
VERB,taMs,0.0465,0.3,0.0,-0.2535
VERB,mU,0.0769,0.3333,0.0,-0.2564
PHIL,devatA,0.2692,0.5333,0.0,-0.2641
PHIL,yAmuna,0.0645,0.3333,0.0,-0.2688
VERB,marv,0.125,0.4,0.0,-0.275
VERB,kev,0.125,0.4,0.0,-0.275
VERB,jaMs,0.125,0.4,0.0,-0.275
VERB,plev,0.2222,0.5,0.0,-0.2778
VERB,Irzy,0.0476,0.3333,0.0,-0.2857
PHIL,apramARa,0.0769,0.3636,0.0,-0.2867
VERB,guh,0.0426,0.3333,0.0,-0.2908
VERB,Byas,0.0345,0.3333,0.0,-0.2989
VERB,maK,0.2,0.5,0.0,-0.3
VERB,Kur,0.2,0.5,0.0,-0.3
PHIL,sahasrAkza,0.0909,0.4,0.0,-0.3091
VERB,Cuq,0.0,0.3333,0.0,-0.3333
VERB,pel,0.0,0.3333,0.0,-0.3333
VERB,kUp,0.1667,0.5,0.0,-0.3333
VERB,glez,0.0,0.3333,0.0,-0.3333
VERB,valB,0.1667,0.5,0.0,-0.3333
VERB,mav,0.0,0.3333,0.0,-0.3333
PHIL,janmavartman,0.0,0.3333,0.0,-0.3333
PHIL,patkAzin,0.1667,0.5,0.0,-0.3333
VERB,vakz,0.0488,0.4,0.0,-0.3512
VERB,plakz,0.1429,0.5,0.0,-0.3571
VERB,parv,0.1429,0.5,0.0,-0.3571
VERB,gud,0.1429,0.5,0.0,-0.3571
VERB,klaT,0.1429,0.5,0.0,-0.3571
VERB,nIv,0.1429,0.5,0.0,-0.3571
VERB,mall,0.1429,0.5,0.0,-0.3571
VERB,Kew,0.1429,0.5,0.0,-0.3571
PHIL,kaTAvaSeza,0.1429,0.5,0.0,-0.3571
VERB,pi,0.125,0.5,0.0,-0.375
PHIL,Syeta,0.125,0.5,0.0,-0.375
PHIL,maDunAqI,0.125,0.5,0.0,-0.375
VERB,psA,0.1143,0.5,0.0,-0.3857
PHIL,triviDa,0.1111,0.5,0.0,-0.3889
VERB,kzuD,0.1053,0.5,0.0,-0.3947
VERB,mal,0.1,0.5,0.0,-0.4
VERB,tup,0.1,0.5,0.0,-0.4
PHIL,svacCatA,0.0,0.4,0.0,-0.4
PHIL,samakAlam,0.0,0.4,0.0,-0.4
VERB,Caz,0.25,0.6667,0.0,-0.4167
VERB,tUR,0.0833,0.5,0.0,-0.4167
PHIL,vidviz,0.0385,0.5,0.0,-0.4615
VERB,pal,0.0,0.5,0.0,-0.5
VERB,wal,0.0,0.5,0.0,-0.5
PHIL,piNgAkza,0.0,0.5,0.0,-0.5
VERB,knaT,0.125,0.6667,0.0,-0.5417
PHIL,kAmadeva,0.087,0.6667,0.0,-0.5797
PHIL,apaBaya,0.1667,0.75,0.0,-0.5833
PHIL,dvitIyin,0.0769,0.6667,0.0,-0.5897
PHIL,pratigfham,0.4,1.0,0.0,-0.6
VERB,maNk,0.0556,0.6667,0.0,-0.6111
VERB,may,0.3333,1.0,0.0,-0.6667
PHIL,triRava,0.0625,0.75,0.0,-0.6875
VERB,maBr,0.25,1.0,0.0,-0.75
VERB,jez,0.25,1.0,0.0,-0.75
VERB,Pel,0.25,1.0,0.0,-0.75
VERB,jaj,0.25,1.0,0.0,-0.75
VERB,jim,0.25,1.0,0.0,-0.75
VERB,plI,0.2,1.0,0.0,-0.8
VERB,marb,0.2,1.0,0.0,-0.8
VERB,narb,0.2,1.0,0.0,-0.8
VERB,pay,0.2,1.0,0.0,-0.8
PHIL,kiMvid,0.2,1.0,0.0,-0.8
VERB,makk,0.1667,1.0,0.0,-0.8333
VERB,uK,0.1667,1.0,0.0,-0.8333
VERB,cUr,0.1667,1.0,0.0,-0.8333
VERB,mask,0.1667,1.0,0.0,-0.8333
VERB,paMS,0.125,1.0,0.0,-0.875
VERB,jiri,0.125,1.0,0.0,-0.875
VERB,plih,0.1111,1.0,0.0,-0.8889
VERB,nez,0.1,1.0,0.0,-0.9
VERB,Cup,0.0909,1.0,0.0,-0.9091
PHIL,dvyaNgula,0.0909,1.0,0.0,-0.9091
VERB,Dvaj,0.0769,1.0,0.0,-0.9231
PHIL,navaka,0.0667,1.0,0.0,-0.9333
VERB,parp,0.0,1.0,0.0,-1.0
VERB,wik,0.0,1.0,0.0,-1.0
VERB,Jyu,0.0,1.0,0.0,-1.0
VERB,tIk,0.0,1.0,0.0,-1.0
VERB,bamb,0.0,1.0,0.0,-1.0
VERB,pes,0.0,1.0,0.0,-1.0
PHIL,zawcatvAriMSat,0.0,1.0,0.0,-1.0
