headword_slp1,cited_verse,category,delta,n_loci
devavrata,2,corroborated,-3,6
nimnagA,27,corroborated,-2,1
BArata,28,corroborated,-2,249
smar,32,corroborated,-2,13
mahAvrata,57,corroborated,0,5
mahApraBAva,59,corroborated,0,2
yama,68,corroborated,0,32
marzaRIya,70,corroborated,0,2
SirastrARa,74,corroborated,0,4
rOkma,76,corroborated,0,1
gAtrAvaraRa,79,corroborated,0,1
mahIpa,82,corroborated,0,11
samfdDimant,85,corroborated,0,1
pAtana,94,corroborated,0,15
praharaRa,100,corroborated,-1,5
trAsa,108,corroborated,0,15
pratizWA,117,corroborated,0,9
rAjapura,119,corroborated,0,1
utkala,122,corroborated,0,1
mekala,122,corroborated,0,1
nAyaka,143,corroborated,-1,2
vESezika,148,corroborated,1,1
Darmendra,160,corroborated,0,1
sOraBeya,163,corroborated,0,1
sEnApatya,174,corroborated,0,3
gAnDAraka,180,corroborated,0,2
prapakza,180,corroborated,0,2
prapakza,182,corroborated,0,2
malada,183,corroborated,0,1
pariveza,207,corroborated,0,3
rukmaraTa,253,corroborated,-2,15
dUrezupAtin,264,corroborated,0,1
pAraga,264,corroborated,0,6
visarpaRa,272,corroborated,0,3
pAtana,273,corroborated,0,15
sEnDava,276,corroborated,0,121
hrezin,276,corroborated,0,1
vihvala,277,corroborated,0,4
rukmaraTa,279,corroborated,0,15
Suzmin,286,corroborated,0,6
timi,294,corroborated,0,1
pratIpa,300,corroborated,0,7
SUnya,302,corroborated,0,7
cakzurhan,316,corroborated,-1,2
mantraDArin,365,corroborated,0,1
sikatA,370,corroborated,0,3
tyaktar,378,corroborated,0,1
vyapASraya,379,corroborated,0,4
govinda,382,corroborated,0,16
jamBa,386,corroborated,0,3
pIWa,386,corroborated,0,1
pralamba,386,corroborated,0,1
vEvAhika,392,corroborated,0,1
sOBa,395,corroborated,0,25
daSeraka,397,corroborated,0,2
cola,398,corroborated,0,1
yavana,399,corroborated,0,11
makarAvAsa,400,corroborated,0,1
paYcajana,401,corroborated,0,8
pAYcajanya,401,corroborated,0,12
vidUraTa,408,corroborated,0,1
samIka,409,corroborated,0,8
pratyanIka,417,corroborated,0,1
viparyAsa,424,corroborated,0,2
duScintya,433,corroborated,-1,1
jIvagrAham,439,corroborated,0,3
sujAta,445,corroborated,0,1
sAntara,452,corroborated,0,5
grahaRa,458,corroborated,0,8
nigraha,462,corroborated,0,6
sAntara,462,corroborated,0,5
sAntara,465,corroborated,-1,5
SucisaMkzaya,499,corroborated,0,1
rOdra,502,corroborated,0,25
sutara,508,corroborated,0,1
Sakuni,516,corroborated,0,17
nimeza,568,corroborated,0,2
vikoSa,573,corroborated,0,3
puzkala,578,corroborated,0,8
sacakzus,582,corroborated,0,2
maRqala,595,corroborated,1,12
viBAvasu,602,corroborated,0,1
maRqala,608,corroborated,0,12
nAkuli,625,corroborated,0,7
SatAnIka,625,corroborated,0,10
kAlasUrya,633,corroborated,0,3
SoRahaya,637,corroborated,0,2
saMprepsu,647,corroborated,0,1
siMhasena,650,corroborated,0,2
paYcASat,652,corroborated,0,17
vyAGradatta,652,corroborated,3,1
vyAGradatta,655,corroborated,0,1
viSasana,661,corroborated,0,2
Sibira,673,corroborated,0,12
SUnya,679,corroborated,0,7
vinikAra,685,corroborated,0,1
putrin,696,corroborated,0,2
lokya,696,corroborated,0,1
pratijYA,699,corroborated,0,40
saMSaptaka,711,corroborated,0,8
satyajit,716,corroborated,1,4
sTAtavya,717,corroborated,0,1
dOryoDana,720,corroborated,0,5
rudra,755,corroborated,0,26
nArAyaRa,759,corroborated,0,16
pratilakzaRa,762,corroborated,0,1
Brukuwi,762,corroborated,0,1
vicaraRa,779,corroborated,0,16
drumavant,782,corroborated,0,2
rudra,787,corroborated,0,26
yoga,793,corroborated,1,5
suparRa,795,corroborated,1,9
siMhala,798,corroborated,0,1
haMsapaTa,798,corroborated,1,1
pArSva,800,corroborated,2,9
somadatta,800,corroborated,0,25
Sakuna,802,corroborated,1,19
BUmiMjaya,804,corroborated,1,1
cUqAmaRi,826,corroborated,0,1
SArada,832,corroborated,0,7
saMplava,833,corroborated,0,1
viSasana,840,corroborated,0,2
vicakra,846,corroborated,0,2
sacakra,846,corroborated,0,1
nimajjana,897,corroborated,0,1
trAtavya,908,corroborated,0,1
cEtraseni,916,corroborated,0,1
suvarcas,916,corroborated,0,4
senAbindu,916,corroborated,0,1
maRqalIBU,933,corroborated,0,2
droRamaya,936,corroborated,0,1
nirASa,936,corroborated,0,7
rAjata,1030,corroborated,0,11
saBApati,1085,corroborated,0,1
sutasoma,1087,corroborated,0,3
prativinDya,1092,corroborated,0,4
drORAyani,1095,corroborated,-1,3
purujit,1103,corroborated,0,1
sOmadatti,1116,corroborated,0,15
vfzasena,1121,corroborated,-1,39
saYj,1127,corroborated,1,327
govfza,1132,corroborated,-2,5
Bram,1151,corroborated,2,4
Brama,1154,corroborated,-1,4
sapakza,1163,corroborated,0,3
Sliz,1168,corroborated,-1,4
ruciparvan,1177,corroborated,1,1
pratigaja,1199,corroborated,0,3
Sreyaskara,1207,corroborated,0,1
vAsavi,1209,corroborated,0,13
sukalpita,1216,corroborated,0,1
dvEDIBU,1229,corroborated,0,2
parvata,1242,corroborated,0,52
vAsavi,1250,corroborated,0,13
mftyusAt,1254,corroborated,0,1
saYj,1257,corroborated,0,327
pAkaSAsani,1263,corroborated,0,5
vyaBra,1264,corroborated,0,1
parvateSvara,1266,corroborated,0,2
sudfzwa,1269,corroborated,0,2
tURIra,1271,corroborated,0,2
jagat,1285,corroborated,-3,21
saMpAta,1355,corroborated,0,7
GUrR,1358,corroborated,0,1
sunasa,1368,corroborated,0,4
pratiGAta,1373,corroborated,0,4
vivarman,1386,corroborated,0,2
muzwiyudDa,1399,corroborated,0,2
SAsana,1408,corroborated,0,8
durnivAra,1411,corroborated,0,3
vipAwa,1433,corroborated,1,2
candravarman,1437,corroborated,1,1
sAtyaka,1441,corroborated,3,217
sukalila,1447,corroborated,0,1
pramodana,1451,corroborated,0,1
rajasvala,1454,corroborated,1,3
durdfSa,1470,corroborated,1,2
durBida,1471,corroborated,1,4
nipAtana,1479,corroborated,0,4
nEBftya,1487,corroborated,0,1
pratirUpya,1487,corroborated,0,1
sPIta,1489,corroborated,0,1
durDara,1493,corroborated,0,32
nivartana,1506,corroborated,0,6
SESupAli,1511,corroborated,0,1
durBida,1514,corroborated,0,4
prativAraRa,1517,corroborated,0,1
Beda,1520,corroborated,0,2
dvAra,1526,corroborated,0,4
sarvatomuKa,1527,corroborated,0,2
vara,1529,corroborated,0,163
suBadra,1533,corroborated,0,10
zoqaSa,1544,corroborated,1,6
hAyana,1546,corroborated,1,38
yuyutsA,1550,corroborated,0,25
hUMkAra,1555,corroborated,0,2
marmajYa,1558,corroborated,0,2
vivaSa,1559,corroborated,0,2
paYcAsya,1565,corroborated,0,2
pArvatIya,1574,corroborated,0,8
vAnAyu,1574,corroborated,0,2
lalitTa,1610,corroborated,3,2
vfndAraka,1610,corroborated,3,4
triveRu,1626,corroborated,0,3
cakragoptar,1627,corroborated,0,1
sADvasa,1638,corroborated,0,1
Darmin,1663,corroborated,3,1
paramaka,1761,corroborated,0,3
vasAtIya,1789,corroborated,2,3
dUrapAtin,1791,corroborated,2,1
vasAtIya,1792,corroborated,-1,3
rukmaraTa,1811,corroborated,2,15
jIvagrAham,1816,corroborated,-2,3
rukmaraTa,1816,corroborated,2,15
pratipatti,1835,corroborated,2,1
nirutsAha,1836,corroborated,2,11
vizvagvAta,1842,corroborated,2,2
sudfzwa,1847,corroborated,2,2
vfndAraka,1872,corroborated,1,4
dvAviMSati,1878,corroborated,1,1
candraketu,1899,corroborated,0,1
meGavega,1899,corroborated,0,1
suvarcas,1899,corroborated,0,4
sUryaBAs,1900,corroborated,0,1
duHsamIkzya,1928,corroborated,0,1
vasAtIya,1934,corroborated,0,3
vyAyAma,1939,corroborated,0,2
dAva,1942,corroborated,0,1
nirjIva,1954,corroborated,0,1
SiSuka,1959,corroborated,0,1
glAni,1968,corroborated,-1,2
vapA,1976,corroborated,-1,2
puras,1993,corroborated,0,6
puraskArya,1993,corroborated,0,1
Bojya,1993,corroborated,0,3
saMbADa,1994,corroborated,0,3
salokatA,2002,corroborated,0,2
niraBImAna,2019,corroborated,1,1
SravaRIya,2028,corroborated,0,1
saMhAra,2042,corroborated,0,9
niHSeza,2057,corroborated,0,3
susvara,2071,corroborated,0,1
vicAraRa,2082,corroborated,0,16
padma,2089,corroborated,0,3
nanda,2092,corroborated,0,2
paYcagaNga,2095,corroborated,0,1
vetasaka,2095,corroborated,0,1
niScezwa,2096,corroborated,0,4
gokarRa,2098,corroborated,0,1
nEmiza,2098,corroborated,0,1
malaya,2098,corroborated,0,1
nandana,2127,corroborated,-2,2
SravaRa,2128,corroborated,-2,2
SrAvaRa,2128,corroborated,-2,2
SEbya,2138,corroborated,0,5
sfYjaya,2138,corroborated,0,56
yaTepsayA,2147,corroborated,0,1
nizWa,2149,corroborated,0,5
saptapada,2149,corroborated,0,1
sTAla,2159,corroborated,0,2
suvarRazWIvin,2163,corroborated,0,1
sava,2172,corroborated,0,12
hEma,2172,corroborated,0,3
yajYavAwa,2173,corroborated,0,2
parivezwar,2176,corroborated,0,1
puRyaduh,2181,corroborated,0,1
suhotra,2184,corroborated,0,1
parivatsara,2188,corroborated,0,2
pOrava,2196,corroborated,-3,13
nawa,2199,corroborated,-3,3
gANga,2215,corroborated,0,6
sikatA,2215,corroborated,0,3
vanita,2226,corroborated,0,1
viviDa,2231,corroborated,0,27
nirargala,2232,corroborated,0,1
sahavAsa,2236,corroborated,0,1
dIrGAyus,2238,corroborated,0,1
SyAma,2243,corroborated,0,8
rAma,2246,corroborated,0,13
cayana,2249,corroborated,0,1
BagIraTa,2249,corroborated,0,4
caturyuj,2251,corroborated,0,1
samudraga,2256,corroborated,0,4
dilIpa,2263,corroborated,0,3
cazAla,2266,corroborated,0,1
pracazAla,2266,corroborated,0,1
hiraRmaya,2266,corroborated,0,5
dfQaDanvan,2268,corroborated,1,4
yuvanASva,2274,corroborated,0,1
sUnutA,2274,corroborated,0,1
yOvanASva,2279,corroborated,0,2
gaya,2281,corroborated,0,12
bfhadraTa,2281,corroborated,0,1
suDanvan,2281,corroborated,0,3
nfga,2282,corroborated,0,1
nAhuza,2292,corroborated,-1,3
yayAti,2292,corroborated,-1,3
prAjya,2294,corroborated,-2,1
devayAna,2297,corroborated,-1,1
pUru,2301,corroborated,-1,18
SaraRa,2306,corroborated,0,56
pfTumfdvIkA,2309,corroborated,0,1
modaka,2309,corroborated,0,1
SazkulI,2309,corroborated,0,1
pAna,2312,corroborated,0,4
pAnapa,2312,corroborated,0,1
mAdanIya,2312,corroborated,0,1
vArkza,2329,corroborated,0,1
gaya,2334,corroborated,-1,12
parisaMvatsara,2341,corroborated,-1,2
sOvarRa,2344,corroborated,-2,13
paScAt,2349,corroborated,-2,3
brahmasaras,2353,corroborated,-2,1
rantideva,2356,corroborated,0,4
sUda,2356,corroborated,0,12
parivezaka,2357,corroborated,0,1
nizka,2361,corroborated,0,5
yajYopakaraRa,2366,corroborated,0,1
sTAla,2367,corroborated,0,2
Barata,2377,corroborated,0,249
manaHSilA,2379,corroborated,0,1
supratIka,2380,corroborated,0,1
sfmara,2382,corroborated,0,1
viSvajit,2386,corroborated,0,2
SAkuntala,2387,corroborated,0,1
jAmbUnada,2388,corroborated,0,4
pariRAha,2388,corroborated,0,1
pfTu,2394,corroborated,0,7
vEnya,2394,corroborated,0,2
rAjan,2396,corroborated,-2,327
puwaka,2397,corroborated,0,1
praviBAga,2401,corroborated,0,2
puRyajana,2403,corroborated,0,1
viSvaruci,2418,corroborated,0,1
dantakrUram,2431,corroborated,-2,1
rakzovAha,2436,corroborated,0,1
parivAha,2439,corroborated,0,1
nirdasyu,2443,corroborated,0,1
mArIca,2445,corroborated,0,3
vAsa,2478,corroborated,-1,48
Sliz,2481,corroborated,-1,4
maNgalya,2487,corroborated,0,2
maNgalya,2488,corroborated,-1,2
Sibira,2494,corroborated,-2,12
suBadra,2501,corroborated,-1,10
saMyamana,2520,corroborated,-1,2
paritrARa,2526,corroborated,-1,2
svasrIya,2527,corroborated,-1,3
svasrIya,2530,corroborated,-1,3
SuB,2532,corroborated,0,38
suparRa,2572,corroborated,1,9
jayadraTa,2574,corroborated,1,70
sEnDavaka,2574,corroborated,1,5
puRyakft,2590,corroborated,0,5
parivAdin,2592,corroborated,0,1
prAtiveSya,2602,corroborated,0,1
dfQaveDana,2635,corroborated,0,1
nEHSreyasa,2659,corroborated,0,1
saMviDAna,2672,corroborated,0,1
sUci,2674,corroborated,0,6
prApya,2676,corroborated,0,48
pariGa,2708,corroborated,3,8
puRyakft,2720,corroborated,3,5
viSoka,2729,corroborated,-1,6
nirvraRa,2742,corroborated,-1,1
Denuka,2748,corroborated,0,1
nEveSika,2754,corroborated,0,1
cAturASramin,2757,corroborated,0,1
saMviBAgin,2758,corroborated,0,1
svaka,2762,corroborated,0,7
prakAma,2767,corroborated,0,2
visaMjYa,2767,corroborated,0,9
sTaRqila,2775,corroborated,0,1
trEyambaka,2778,corroborated,0,1
nESa,2778,corroborated,1,14
pfTu,2783,corroborated,0,7
prajAgara,2784,corroborated,0,1
meGapuzpa,2812,corroborated,0,1
balAhaka,2812,corroborated,0,9
SEbya,2812,corroborated,0,5
pEtfzvaseya,2815,corroborated,0,1
pratyutTAna,2822,corroborated,0,1
hIna,2834,corroborated,0,9
pASupata,2838,corroborated,0,2
sanAtana,2838,corroborated,0,12
maRimant,2843,corroborated,0,1
nalina,2846,corroborated,0,3
vihAra,2846,corroborated,0,1
mandara,2848,corroborated,0,4
SataSfNga,2851,corroborated,0,1
vfzadaMSa,2852,corroborated,0,1
vizRupada,2855,corroborated,0,1
SUlin,2858,corroborated,0,2
pArvata,2859,corroborated,0,52
lokAdi,2863,corroborated,0,1
prakfti,2864,corroborated,0,3
sADana,2864,corroborated,0,4
srazwar,2864,corroborated,0,3
nIlagrIva,2876,corroborated,0,1
vilohita,2877,corroborated,0,1
havizya,2877,corroborated,-1,1
vasuretas,2878,corroborated,0,1
vyADa,2878,corroborated,0,4
sevya,2881,corroborated,-1,1
sarvArTasADaka,2894,corroborated,0,1
Bava,2898,corroborated,0,157
Satarudriya,2898,corroborated,0,3
pAraRa,2907,corroborated,0,35
pARisvanika,2912,corroborated,0,1
maDuparkika,2912,corroborated,0,1
raktakaRWin,2913,corroborated,0,1
JarJara,2914,corroborated,0,1
Aqambara,2914,corroborated,0,1
snAnagfha,2917,corroborated,0,1
sADivAsa,2920,corroborated,0,1
suganDi,2920,corroborated,0,2
hari,2922,corroborated,0,4
sOra,2926,corroborated,0,13
svastika,2930,corroborated,0,1
rucaka,2931,corroborated,0,1
maNgala,2932,corroborated,0,2
maNgalya,2932,corroborated,0,2
hrAda,2940,corroborated,0,2
vandanIya,2941,corroborated,0,1
nirAkriyA,2956,corroborated,0,1
viSAtana,2963,corroborated,0,1
rAjaDAnI,2972,corroborated,0,1
saMkula,2972,corroborated,0,4
sajja,2986,corroborated,1,4
jEtra,2989,corroborated,1,1
vijaya,2998,corroborated,1,27
parideva,3014,corroborated,0,1
manogrAhya,3015,corroborated,0,1
yAjaka,3027,corroborated,0,1
saptatantu,3027,corroborated,0,1
dyUta,3035,corroborated,1,10
sOmaki,3049,corroborated,0,1
jijIvizu,3051,corroborated,0,1
mAmaka,3057,corroborated,3,25
setubanDa,3065,corroborated,0,1
yadi,3069,corroborated,0,80
vikoSa,3090,corroborated,0,3
gavyUti,3100,corroborated,0,2
varmin,3103,corroborated,2,1
garBavyUha,3110,corroborated,0,1
garBasTa,3110,corroborated,0,1
sudurBida,3110,corroborated,0,3
sUcIpadma,3110,corroborated,0,1
patAkin,3117,corroborated,0,3
dakziRena,3125,corroborated,0,2
nIrada,3153,corroborated,0,1
parjanya,3153,corroborated,0,14
virAva,3190,corroborated,0,2
pratiBaya,3191,corroborated,0,2
dantavezwa,3201,corroborated,0,1
nivedana,3203,corroborated,0,1
nivedana,3203,corroborated,0,1
drumavant,3206,corroborated,0,2
durBida,3219,corroborated,-1,4
nArAyaRa,3255,corroborated,-1,16
mAvellaka,3255,corroborated,-1,1
lalitTa,3255,corroborated,-1,2
parRASa,3305,corroborated,-1,2
pratIpa,3311,corroborated,-1,7
moktavya,3311,corroborated,-1,3
SOri,3313,corroborated,-1,4
duraDizWita,3314,corroborated,-1,1
parRASa,3319,corroborated,-1,2
viSakala,3330,corroborated,-1,2
Dvaja,3332,corroborated,-1,67
sparDin,3345,corroborated,0,4
kzAra,3351,corroborated,0,6
Dvajayazwi,3351,corroborated,0,4
mlecCa,3379,corroborated,1,6
SoRita,3388,corroborated,2,21
nimna,3389,corroborated,0,2
saMbADa,3396,corroborated,0,3
vipriya,3421,corroborated,1,4
grAhya,3431,corroborated,1,2
BaganetranipAtana,3465,corroborated,1,1
durnivArya,3470,corroborated,0,1
mantramaya,3475,corroborated,0,1
brahmasUtra,3479,corroborated,0,1
prabala,3497,corroborated,0,1
govAsana,3552,corroborated,0,2
pratigaja,3552,corroborated,0,3
mandIBU,3666,corroborated,0,1
dIrGagAmin,3672,corroborated,0,1
vinda,3691,corroborated,0,5
jyAyizWa,3701,corroborated,0,1
sraMs,3763,corroborated,0,1
sTirIBU,3764,corroborated,0,3
nAstika,3766,corroborated,0,1
praBAkara,3767,corroborated,0,1
maruDanvan,3781,corroborated,0,1
ruru,3792,corroborated,0,3
sarpaRa,3848,corroborated,0,1
viqambana,3852,corroborated,0,1
SakalIkar,3872,corroborated,0,1
niHsattva,3882,corroborated,1,1
sasattva,3882,corroborated,1,2
duzprekza,3893,corroborated,0,2
patAka,3930,corroborated,-3,10
SuB,3942,corroborated,-3,38
kzemaDUrta,4013,corroborated,0,2
niramitra,4037,corroborated,0,2
sAhadevi,4062,corroborated,0,2
BEma,4069,corroborated,0,2
mAruti,4071,corroborated,0,4
alambuza,4072,corroborated,0,11
vidrava,4092,corroborated,0,11
hEqimbi,4097,corroborated,0,9
pratiBaya,4098,corroborated,0,2
hEqimba,4101,corroborated,0,22
hEqimba,4117,corroborated,0,22
hEqimba,4120,corroborated,0,22
SAlakawaNkawa,4127,corroborated,0,1
mAdfS,4242,corroborated,0,5
nirapekza,4250,corroborated,0,1
vyarTa,4257,corroborated,0,1
pratiyodDar,4260,corroborated,0,1
gupti,4274,corroborated,0,3
rukmaraTa,4310,corroborated,1,15
pAra,4311,corroborated,-1,167
saMpAta,4312,corroborated,1,7
mahAmAtra,4320,corroborated,1,4
grAhya,4337,corroborated,1,2
kElAtaka,4353,corroborated,0,1
tadAtva,4363,corroborated,0,1
dAkziRAtya,4408,corroborated,3,4
vatsadanta,4421,corroborated,-2,2
dehAvaraRa,4422,corroborated,-2,3
paryavaskanda,4444,corroborated,0,1
paryavaskanda,4444,corroborated,0,1
vyapayAna,4444,corroborated,0,1
saraRa,4444,corroborated,0,56
sAntarapluta,4444,corroborated,0,1
dvEDIBAva,4490,corroborated,0,2
nirguRatA,4490,corroborated,0,2
pakzapAta,4490,corroborated,0,1
matsara,4490,corroborated,0,1
nirRaya,4495,corroborated,0,1
Satacandra,4521,corroborated,0,6
durnivAra,4555,corroborated,0,3
laGuveDin,4561,corroborated,0,1
tapanIyamaya,4571,corroborated,0,1
svarasa,4613,corroborated,0,1
maRimaya,4622,corroborated,0,3
pratimAna,4632,corroborated,0,1
BrAjizRu,4698,corroborated,0,2
nirhrIka,4806,corroborated,0,1
pESAca,4819,corroborated,0,1
vAnAyu,4831,corroborated,1,2
lampAka,4847,corroborated,1,1
zaRQatila,4868,corroborated,-3,1
durodara,4870,corroborated,-3,2
nAyaka,4875,corroborated,-3,2
maDyama,4890,corroborated,0,14
lohitArdra,4900,corroborated,0,1
vEtastika,4920,corroborated,1,2
pARqava,4999,corroborated,3,363
jYAtavya,5141,corroborated,0,2
saMvid,5143,corroborated,-1,2
saMvid,5145,corroborated,0,2
Sliz,5161,corroborated,0,4
salilaja,5164,corroborated,0,1
nidarSana,5166,corroborated,0,1
durvimocana,5178,corroborated,0,1
glaha,5331,corroborated,1,2
dyUta,5331,corroborated,1,10
glah,5333,corroborated,-1,2
bAhya,5337,corroborated,1,3
Pull,5375,corroborated,0,2
dvEraTa,5379,corroborated,0,6
SvAviD,5403,corroborated,0,3
vEklavya,5412,corroborated,0,3
durnaya,5461,corroborated,0,1
bila,5527,corroborated,0,1
nirviza,5539,corroborated,0,3
saMramBin,5551,corroborated,0,1
pratyAKyAna,5554,corroborated,0,1
jaya,5564,corroborated,0,59
durDara,5564,corroborated,0,32
durmada,5564,corroborated,0,2
durmarzaRa,5564,corroborated,0,7
duHsaha,5564,corroborated,0,4
SreRikfta,5724,corroborated,0,2
vEhAyasa,5766,corroborated,0,1
smar,5780,corroborated,3,13
yogya,5787,corroborated,0,2
yogya,5790,corroborated,2,2
mallayudDa,5799,corroborated,0,1
tvaraRIya,5842,corroborated,0,1
rakzitavya,5869,corroborated,0,5
jYAtavya,5871,corroborated,0,2
lamb,5872,corroborated,0,2
gozpada,5875,corroborated,0,1
saMyamana,5888,corroborated,-2,2
Suzmin,5898,corroborated,-2,6
raRakft,5916,corroborated,-2,1
paYcAsya,5952,corroborated,2,2
cicCitsu,6001,corroborated,0,1
BUridakziRa,6002,corroborated,0,6
pratIGAta,6015,corroborated,0,4
vAlmIki,6019,corroborated,0,1
yaTA,6027,corroborated,0,348
soma,6028,corroborated,0,27
nahuza,6029,corroborated,0,3
yayAti,6029,corroborated,0,3
devamIQa,6030,corroborated,0,1
vasudeva,6031,corroborated,0,66
SUra,6031,corroborated,0,173
devaka,6033,corroborated,0,3
devaka,6034,corroborated,0,3
vasudeva,6034,corroborated,-3,66
somadatta,6035,corroborated,0,25
lohitAy,6100,corroborated,0,1
SAradvata,6107,corroborated,0,17
Sliz,6110,corroborated,0,4
mohanIya,6146,corroborated,0,1
prahartavya,6321,corroborated,1,2
vAsava,6331,corroborated,1,28
vijetavya,6337,corroborated,0,1
gAnDarva,6348,corroborated,0,17
Suzmin,6353,corroborated,0,6
pawwa,6379,corroborated,0,5
vyAyAma,6511,corroborated,0,2
druh,6512,corroborated,0,1
vivara,6512,corroborated,0,7
salokatA,6519,corroborated,1,2
yadi,6579,corroborated,1,80
SiSira,6645,corroborated,0,3
tumula,6661,corroborated,0,35
parANmuKa,6731,corroborated,1,8
patanIya,6733,corroborated,1,1
tAra,6737,corroborated,1,14
trAsana,6793,corroborated,1,2
triveRu,6811,corroborated,1,3
nikumBa,6850,corroborated,0,1
parAkrama,6850,corroborated,0,33
jaya,6851,corroborated,0,59
dfQaraTa,6851,corroborated,0,2
vijaya,6851,corroborated,0,27
hemakampana,6851,corroborated,0,1
piprIzu,6855,corroborated,0,1
daSanacCada,6883,corroborated,0,3
suraTa,6910,corroborated,-1,1
jayAnIka,6911,corroborated,-1,2
balAnIka,6911,corroborated,-1,2
candrasena,6912,corroborated,0,1
cetas,6935,corroborated,1,1
dfQa,6938,corroborated,1,22
dfQaraTa,6938,corroborated,0,2
suhasta,6938,corroborated,1,2
BArasADana,6939,corroborated,0,1
vfkaraTa,6942,corroborated,0,1
Satacandra,6943,corroborated,1,6
viBu,6944,corroborated,1,13
SaraBa,6944,corroborated,1,9
suBaga,6944,corroborated,1,1
gavAkza,6944,corroborated,1,1
palAy,6985,corroborated,1,9
garj,6989,corroborated,1,7
garj,6990,corroborated,0,7
garj,6990,corroborated,0,7
garj,6991,corroborated,-1,7
dAmacandra,7009,corroborated,1,1
Dara,7009,corroborated,0,56
Druva,7009,corroborated,0,27
rudrasena,7009,corroborated,0,1
vasucandra,7009,corroborated,1,1
siMhacandra,7009,corroborated,1,1
sutejana,7009,corroborated,1,2
jayAnIka,7011,corroborated,1,2
balAnIka,7011,corroborated,1,2
SrutaDvaja,7011,corroborated,0,1
SrutAnIka,7011,corroborated,0,1
candrodaya,7012,corroborated,0,1
jayASva,7012,corroborated,0,2
raTavAhana,7012,corroborated,0,1
jalaDara,7163,corroborated,0,2
muhUrta,7174,corroborated,-1,15
vidveza,7180,corroborated,-1,1
tumula,7193,corroborated,0,35
tumula,7193,corroborated,0,35
SEneya,7242,corroborated,0,70
yAvanmAtra,7274,corroborated,0,1
BUri,7397,corroborated,0,6
zaRmuKa,7412,corroborated,0,2
mahiza,7412,corroborated,0,2
hAhAkfta,7429,corroborated,0,6
nirviza,7622,corroborated,0,3
lakzya,7662,corroborated,0,3
viDanuzka,7702,corroborated,0,2
vEtaraRa,7730,corroborated,0,2
nivartana,7785,corroborated,1,6
vAsava,7812,corroborated,1,28
pAra,7831,corroborated,0,167
skanda,7837,corroborated,0,5
hariSmaSru,7894,corroborated,0,1
viBIzaRa,7903,corroborated,-1,3
sawa,7904,corroborated,-1,131
virUpAkza,7905,corroborated,-1,4
varman,7916,corroborated,0,6
BAskara,7938,corroborated,0,29
svarBAnu,7938,corroborated,0,2
BArasaha,7974,corroborated,0,1
BuSuRqi,8023,corroborated,0,1
prasveda,8104,corroborated,0,1
varAhakarRa,8128,corroborated,0,1
mayUKin,8141,corroborated,0,1
SUla,8141,corroborated,0,7
SUla,8151,corroborated,0,7
visarpaRa,8187,corroborated,0,3
vimada,8204,corroborated,-1,1
nEzAdi,8214,corroborated,-1,1
naBas,8221,corroborated,-1,3
rohiRinandana,8222,corroborated,-1,1
sTURAkarRa,8222,corroborated,3,1
jara,8224,corroborated,0,1
suvikrama,8224,corroborated,-1,2
sTURAkarRa,8226,corroborated,-1,1
loptar,8240,corroborated,-1,1
parAyaRa,8252,corroborated,0,7
parAyaRa,8252,corroborated,0,7
Svapaca,8254,corroborated,0,1
parAyaRa,8270,corroborated,0,7
yuD,8287,corroborated,0,133
mAhendra,8408,corroborated,3,7
marzaRIya,8420,corroborated,0,2
Gaw,8428,corroborated,0,7
puraHsara,8458,corroborated,0,3
tApanIya,8459,corroborated,0,2
SapaTa,8509,corroborated,0,2
niHSeza,8511,corroborated,-1,3
purA,8511,corroborated,-1,102
nilayana,8540,corroborated,1,1
sEnika,8576,corroborated,0,32
pratinipAta,8591,corroborated,0,1
vizama,8622,corroborated,0,13
sumahAraTa,8635,corroborated,0,2
pUti,8639,corroborated,0,1
suyudDa,8640,corroborated,0,6
vasudAna,8724,corroborated,0,5
garga,8728,corroborated,0,1
marIcipa,8728,corroborated,0,1
vAlaKilya,8728,corroborated,0,1
sikatA,8728,corroborated,0,3
parivezin,8759,corroborated,0,1
vAraRa,8762,corroborated,0,32
miSra,8774,corroborated,0,6
raTezA,8781,corroborated,0,6
vEtastika,8796,corroborated,0,2
durvAraRa,8838,corroborated,0,3
DAraRa,8859,corroborated,0,8
smar,8860,corroborated,0,13
lohitANga,8877,corroborated,0,2
sEnika,8877,corroborated,0,32
vijayin,8889,corroborated,0,2
rajasvala,8896,corroborated,0,3
viparyAsa,8899,corroborated,0,2
grAha,8918,corroborated,-1,14
viDarmaka,8989,corroborated,0,1
nirbanDu,8996,corroborated,0,1
visarjana,9014,corroborated,0,1
praSamana,9015,corroborated,0,1
jAlmaka,9023,corroborated,0,1
samudraga,9030,corroborated,0,4
nirmama,9066,corroborated,0,1
drORAyani,9109,corroborated,0,3
viDarmin,9114,corroborated,0,1
vivitsA,9135,corroborated,-1,1
SvapAka,9135,corroborated,0,1
SlAG,9138,corroborated,0,1
pAYcAla,9145,corroborated,2,134
pAYcAlaka,9148,corroborated,-1,1
pApaniScaya,9153,corroborated,-1,2
vaktavya,9153,corroborated,0,3
pApa,9154,corroborated,-2,40
prAyagata,9154,corroborated,1,2
prAyagata,9156,corroborated,-1,2
durjYeya,9170,corroborated,-1,1
durvida,9170,corroborated,-1,1
guqa,9212,corroborated,0,1
guqa,9213,corroborated,-1,1
maDyasTatA,9219,corroborated,0,1
SESira,9242,corroborated,0,1
nErmalya,9246,corroborated,0,1
nyasya,9246,corroborated,0,4
prayoktar,9284,corroborated,2,1
nirjaya,9286,corroborated,2,3
nivartana,9296,corroborated,2,6
nivartana,9296,corroborated,2,6
mAlava,9400,corroborated,3,5
sudarSana,9400,corroborated,3,12
Gaww,9401,corroborated,3,1
padmayoni,9427,corroborated,3,2
cekitAna,9453,corroborated,3,7
durdfSa,9454,corroborated,3,2
durvAraRa,9454,corroborated,3,3
gadin,9455,corroborated,3,2
musalin,9455,corroborated,3,1
pEtra,9466,corroborated,0,1
vEttapAlya,9466,corroborated,0,1
sOmya,9466,corroborated,0,6
svAdya,9466,corroborated,1,1
gopa,9467,corroborated,2,6
Bavya,9468,corroborated,2,4
viyoni,9475,corroborated,0,1
trAsa,9476,corroborated,0,15
nara,9479,corroborated,0,105
Bavamaya,9482,corroborated,0,1
yazwavya,9488,corroborated,0,1
Bava,9489,corroborated,-3,157
pratyavahAra,9492,corroborated,0,1
SiKin,9504,corroborated,-2,1
jagadyoni,9506,corroborated,-2,1
jayin,9506,corroborated,-2,1
Bava,9507,corroborated,0,157
vEkfta,9512,corroborated,-1,2
SitikaRWa,9520,corroborated,0,1
BArgava,9527,corroborated,-1,2
BArgava,9527,corroborated,-1,2
Danus,9536,corroborated,0,40
Danva,9536,corroborated,-1,23
Danvin,9537,corroborated,-2,26
BagaGna,9538,corroborated,0,1
tArakAkza,9556,corroborated,0,1
vidyunmAlin,9557,corroborated,-1,1
puzpadanta,9564,corroborated,0,1
pragraha,9567,corroborated,-1,1
tripura,9570,corroborated,0,3
paYcaSiKa,9575,corroborated,0,1
saMvatsara,9596,corroborated,-1,1
vaqavAmuKa,9608,corroborated,-1,1
vIrasTAna,9609,corroborated,-1,1
sarva,9620,corroborated,-1,535
rUpa,9621,corroborated,-3,17
Siva,9622,corroborated,0,17
Siva,9622,corroborated,0,17
tryambaka,9624,corroborated,-3,8
sTita,9625,corroborated,-1,72
vfzAkapi,9627,corroborated,0,1
tryakza,9629,corroborated,0,3
Satarudriya,9639,corroborated,0,3
SatarudrIya,9642,corroborated,0,3
pArSvasTa,9644,corroborated,0,2
bala,1,displaced,23,133
BIzaRa,8,displaced,7072,1
mArga,11,displaced,1908,9
nEzAdi,12,displaced,8201,1
tAra,13,displaced,376,14
vart,21,displaced,45,20
yUTapa,27,displaced,286,7
Suzka,27,displaced,3030,3
SaraBa,28,displaced,521,9
siMha,28,displaced,527,25
vizvagvAta,29,displaced,1815,2
BUyizWa,30,displaced,1029,3
mAnasa,30,displaced,17,48
smar,43,displaced,-13,13
durvAra,45,displaced,4289,1
Svas,47,displaced,2434,27
saPala,51,displaced,2735,3
praverita,66,displaced,7333,1
banD,74,displaced,180,7
BAsa,74,displaced,42,20
BAga,75,displaced,-5,28
nAla,75,displaced,1389,6
jAla,76,displaced,504,21
banD,76,displaced,178,7
jEtra,76,displaced,2914,1
BARqa,77,displaced,2703,1
vart,78,displaced,-12,20
saYj,79,displaced,6,327
banD,80,displaced,174,7
Bakti,84,displaced,4642,4
samUha,89,displaced,4880,2
gADa,91,displaced,3236,4
apAra,91,displaced,1191,6
tras,103,displaced,5,15
Cid,139,displaced,6074,1
sparDin,149,displaced,3196,4
trEyambaka,169,displaced,2609,1
pAvaki,173,displaced,-10,4
nart,177,displaced,2019,3
viSoka,187,displaced,2531,6
Sakawa,192,displaced,2482,3
yuD,194,displaced,-5,133
paTa,195,displaced,-175,7
BUta,197,displaced,-69,67
bala,203,displaced,11,133
bala,203,displaced,11,133
Bakz,205,displaced,1970,2
KAd,205,displaced,352,34
pucCa,206,displaced,597,1
gfDra,210,displaced,-6,7
yAjYaseni,216,displaced,322,9
Kacara,222,displaced,6639,1
rakz,230,displaced,43,106
sadAgati,231,displaced,-4,1
vivara,236,displaced,1150,7
maT,247,displaced,6389,1
rukmaraTa,256,displaced,-5,15
saMGAta,263,displaced,1232,3
SvAsa,278,displaced,2203,27
pragraha,285,displaced,9281,1
cakzus,315,displaced,-89,7
tumula,320,displaced,26,35
banDura,322,displaced,1412,1
vyaT,335,displaced,-115,25
durvAra,344,displaced,3990,1
sinDu,356,displaced,2319,2
raB,363,displaced,3847,1
nirargala,370,displaced,1862,1
Dur,373,displaced,4855,3
Boja,388,displaced,-51,15
nara,422,displaced,-36,105
pakva,429,displaced,4502,2
pAraRIya,433,displaced,8484,1
bAliSa,462,displaced,8704,1
sTAna,464,displaced,1583,12
rava,466,displaced,-261,8
rava,466,displaced,-261,8
siMhanAda,466,displaced,9,33
sAntara,469,displaced,-5,5
antara,470,displaced,878,2
pratIpa,473,displaced,-5,7
sahya,476,displaced,-6,4
sAhya,476,displaced,-6,4
niScala,478,displaced,-6,1
viSAtana,485,displaced,2478,1
stim,487,displaced,-6,1
svap,487,displaced,2030,5
sarvatas,490,displaced,4014,2
sarvatodiSam,490,displaced,-6,3
GarmAMSu,491,displaced,7062,1
vart,502,displaced,-436,20
saMpAta,503,displaced,852,7
saMGawwa,506,displaced,8078,1
tawa,507,displaced,-12,485
rAji,510,displaced,6279,1
haMsa,510,displaced,899,5
niyantar,516,displaced,1110,1
SarAsana,522,displaced,782,14
vimarda,543,displaced,5146,2
saMDay,549,displaced,3883,3
carman,559,displaced,-8,3
ruD,559,displaced,-71,1
nipAta,563,displaced,-37,24
nidarSana,564,displaced,4602,1
jvAla,598,displaced,1642,8
saMhrAda,605,displaced,2517,1
Dar,619,displaced,-189,56
patatrin,632,displaced,-387,1
BAs,633,displaced,-473,20
vratin,643,displaced,2116,1
vyAGradatta,650,displaced,5,1
tala,654,displaced,2505,4
vapu,661,displaced,1267,5
prabAla,672,displaced,2825,1
susAra,672,displaced,19,7
SaNk,676,displaced,-150,37
yoga,677,displaced,117,5
sTA,682,displaced,833,22
smar,685,displaced,-212,13
trigarta,688,displaced,-290,4
SapaTa,690,displaced,53,2
mAvellaka,692,displaced,2562,1
lalitTa,692,displaced,921,2
SapaTa,693,displaced,50,2
tanutrARa,695,displaced,920,1
mOrva,695,displaced,2208,2
Dar,700,displaced,109,56
parityaj,706,displaced,-135,9
grahaRa,715,displaced,-251,8
saMSaptaka,722,displaced,-6,8
devaka,726,displaced,5307,3
roditavya,726,displaced,-6,1
staB,731,displaced,173,4
staB,731,displaced,173,4
saYj,739,displaced,14,327
hastAvApa,740,displaced,-6,6
vAsavi,745,displaced,464,13
nArAyaRa,752,displaced,-6,16
nand,756,displaced,1336,2
banD,762,displaced,250,7
tvAzwra,763,displaced,2700,4
pratirUpa,764,displaced,723,1
mAvellaka,768,displaced,2486,1
lalitTa,768,displaced,845,2
viSakala,780,displaced,2549,2
vyaD,784,displaced,1328,4
bIBatsa,787,displaced,-118,23
jiGfkzA,794,displaced,62,2
BUriSravas,800,displaced,3123,10
yAja,804,displaced,1293,3
nart,806,displaced,1390,3
prapakza,807,displaced,-625,2
sabala,827,displaced,2803,3
Sabala,827,displaced,2803,3
mahAmAtra,837,displaced,6,4
darS,860,displaced,921,9
miSra,887,displaced,1599,6
viBIzaRa,892,displaced,7010,3
plava,894,displaced,33,5
vaha,895,displaced,55,30
srota,895,displaced,-803,3
vasana,896,displaced,1449,2
sarIsfpa,896,displaced,429,2
vfkza,897,displaced,-298,3
saMGawwa,898,displaced,7686,1
trAtar,908,displaced,1779,3
dfQaDanvin,930,displaced,2708,4
GUrR,932,displaced,426,1
ruD,933,displaced,-445,1
pariprepsu,954,displaced,-6,1
tvar,955,displaced,278,41
mallikAkza,955,displaced,-6,2
SEKaRqi,955,displaced,-6,2
kzatradeva,955,displaced,-45,4
vAla,959,displaced,-323,1
pAwala,964,displaced,-935,1
Sabala,971,displaced,2659,3
Sabala,972,displaced,2658,3
bAlhi,973,displaced,-6,12
mallikAkza,973,displaced,-6,2
mAza,978,displaced,338,1
saMkranda,979,displaced,6777,2
sutasoma,979,displaced,-8,3
soma,979,displaced,48,27
SAla,980,displaced,-35,16
prezyakara,986,displaced,-7,2
brAhma,988,displaced,-6,47
savarRa,995,displaced,1340,1
SaSa,997,displaced,116,36
mAza,999,displaced,317,1
citrAyuDa,1003,displaced,4,1
sAmudra,1007,displaced,-4,12
rAji,1009,displaced,5780,1
SUra,1010,displaced,-14,173
raTavAha,1012,displaced,2615,2
SvetARqa,1015,displaced,-4,1
jAtarUpamaya,1029,displaced,-4,1
nanda,1032,displaced,1060,2
rAjata,1034,displaced,-4,11
giriSa,1041,displaced,8483,1
yAmya,1041,displaced,-4,2
pawa,1044,displaced,73,49
svayaMvara,1045,displaced,-4,4
vart,1046,displaced,405,20
vart,1046,displaced,405,20
jawila,1048,displaced,-4,5
BUyaMs,1053,displaced,8548,1
sTA,1072,displaced,443,22
sita,1078,displaced,11,43
cEtraseni,1091,displaced,-175,1
drORi,1093,displaced,317,58
SUra,1097,displaced,-21,173
nAla,1105,displaced,359,6
lohitaka,1105,displaced,-85,8
Bedin,1113,displaced,2049,1
maRimant,1116,displaced,1727,1
plava,1121,displaced,-194,5
grAmaRI,1125,displaced,6734,1
Sambara,1125,displaced,2842,1
pratigaja,1155,displaced,44,3
samada,1162,displaced,361,14
vart,1164,displaced,287,20
vart,1164,displaced,287,20
Cid,1166,displaced,5047,1
maRqala,1172,displaced,-5,12
tras,1177,displaced,156,15
suvarcas,1179,displaced,-263,4
BUyaMs,1208,displaced,8393,1
dvEDIBAva,1211,displaced,438,2
BARqa,1217,displaced,1563,1
valgA,1217,displaced,-220,1
nalina,1221,displaced,1625,3
vana,1245,displaced,-361,12
vart,1254,displaced,197,20
paricAra,1261,displaced,-955,3
tomara,1262,displaced,-27,10
vart,1268,displaced,183,20
vart,1269,displaced,182,20
vyaT,1272,displaced,71,25
Baj,1279,displaced,-712,7
sTA,1282,displaced,233,22
tAqana,1299,displaced,1746,1
nalina,1299,displaced,1547,3
nAla,1299,displaced,165,6
palASa,1299,displaced,5,1
vfzaka,1303,displaced,7,2
vfzaka,1305,displaced,5,2
nidAGa,1311,displaced,4847,1
Sliz,1312,displaced,-145,4
guqa,1317,displaced,7895,1
nAlIka,1318,displaced,7244,2
citraka,1320,displaced,3583,1
sarIsfpa,1320,displaced,5,2
sAlAvfka,1320,displaced,5,2
sfmara,1320,displaced,1062,1
pravara,1323,displaced,5,29
prAyaSas,1327,displaced,95,1
dvEDIBU,1331,displaced,5,2
parvata,1331,displaced,5,52
sparS,1334,displaced,8133,1
bala,1342,displaced,90,133
dyUta,1350,displaced,1686,10
maT,1351,displaced,5285,1
maT,1351,displaced,5285,1
viparyAsa,1352,displaced,-928,2
staB,1358,displaced,-454,4
SlakzRa,1363,displaced,1676,2
vyaT,1370,displaced,-27,25
paYcASat,1377,displaced,-65,17
nala,1390,displaced,74,6
sTUla,1390,displaced,2690,3
vart,1391,displaced,60,20
vart,1392,displaced,59,20
saYj,1397,displaced,-24,327
parAmarSa,1399,displaced,2780,3
tras,1402,displaced,-69,15
tvar,1407,displaced,-154,41
majj,1441,displaced,392,4
tras,1442,displaced,-109,15
harzaRa,1447,displaced,4823,2
maT,1449,displaced,5187,1
pratiBaya,1450,displaced,1741,2
SaMs,1457,displaced,193,55
visvasfj,1464,displaced,709,3
visvasfj,1464,displaced,709,3
cakravyUha,1471,displaced,23,4
sTAna,1495,displaced,552,12
dfQaDanvin,1498,displaced,2140,4
vart,1507,displaced,-56,20
sarj,1518,displaced,2218,1
sumitra,1537,displaced,11,1
Dar,1540,displaced,-47,56
viMSati,1551,displaced,328,1
hAsa,1557,displaced,418,1
marmaBedin,1558,displaced,970,1
nalina,1567,displaced,1279,3
nAla,1567,displaced,-103,6
nAsA,1570,displaced,137,7
viSakala,1571,displaced,1758,2
mAlA,1573,displaced,525,10
prakIrRaka,1575,displaced,2054,2
vyaD,1575,displaced,537,4
modaka,1576,displaced,733,1
maT,1578,displaced,5058,1
tvar,1584,displaced,116,41
grAsa,1591,displaced,81,7
madra,1602,displaced,1017,8
darS,1604,displaced,177,9
raMhas,1605,displaced,7917,1
dIrGalocana,1610,displaced,3568,1
palAy,1621,displaced,611,9
kalpa,1626,displaced,1082,1
Cid,1628,displaced,4585,1
vyaD,1628,displaced,484,4
vipAWa,1644,displaced,87,1
varz,1649,displaced,541,25
Gaw,1655,displaced,2064,7
JarJara,1676,displaced,1238,1
sarj,1685,displaced,2051,1
paYcAsya,1710,displaced,-145,2
garj,1714,displaced,2247,7
Dam,1724,displaced,1141,3
vimuKa,1745,displaced,89,17
Svasana,1764,displaced,1430,11
SuB,1765,displaced,332,38
pUrva,1807,displaced,-26,37
vart,1809,displaced,210,20
sukalpita,1813,displaced,-597,1
durmada,1817,displaced,3747,2
utsAha,1836,displaced,5165,1
staB,1867,displaced,-963,4
sama,1869,displaced,-48,332
vaD,1879,displaced,157,55
maT,1892,displaced,4744,1
mahAmeGa,1899,displaced,1371,2
DAraRa,1912,displaced,618,8
puwa,1926,displaced,471,1
puwa,1926,displaced,471,1
Cid,1929,displaced,4284,1
SvAviD,1932,displaced,3471,3
vizama,1954,displaced,33,13
staB,1961,displaced,-1057,4
lamb,1969,displaced,3903,2
saMDi,1969,displaced,5954,1
vaSA,1976,displaced,300,48
vasA,1976,displaced,300,48
durdfSa,1979,displaced,-508,2
pratyanIka,1986,displaced,-1569,1
Sliz,1990,displaced,490,4
prapAta,1992,displaced,-1523,6
maDu,1992,displaced,319,9
SlAG,1997,displaced,7141,1
prasahya,2024,displaced,2665,7
akampana,2029,displaced,-6,2
nArAyaRa,2030,displaced,676,16
hari,2030,displaced,892,4
jawin,2046,displaced,833,1
sTARu,2046,displaced,7457,2
BasmasAt,2058,displaced,-1291,2
vara,2058,displaced,16,163
piNga,2066,displaced,7475,1
mftyu,2074,displaced,-4,19
DyA,2076,displaced,-402,6
Denuka,2080,displaced,668,1
rakz,2081,displaced,146,106
muKa,2084,displaced,649,14
Denuka,2088,displaced,660,1
saMharaRa,2088,displaced,17,2
vart,2090,displaced,-35,20
Dar,2094,displaced,5,56
DyA,2112,displaced,-438,6
Baj,2115,displaced,-1548,7
majj,2116,displaced,-141,4
prAyaRa,2118,displaced,346,10
hara,2122,displaced,-367,14
nArada,2138,displaced,8,62
parvata,2138,displaced,4,52
liNga,2141,displaced,7344,3
liNga,2141,displaced,7344,3
caYcala,2142,displaced,328,1
BAs,2143,displaced,-500,20
susaMkrudDa,2146,displaced,2809,11
suvarRazWIvi,2157,displaced,6,1
varD,2160,displaced,2975,5
yajana,2173,displaced,-76,2
DyA,2180,displaced,-506,6
Badra,2182,displaced,-27,13
Badra,2182,displaced,-27,13
Badra,2182,displaced,-27,13
hEraRya,2189,displaced,95,1
Badra,2194,displaced,-39,13
harz,2199,displaced,-348,19
SfNga,2204,displaced,1720,2
Badra,2207,displaced,-52,13
nirargala,2213,displaced,19,1
vyAla,2239,displaced,6352,1
bAhu,2244,displaced,-43,128
sTA,2247,displaced,-88,22
Saya,2252,displaced,23,78
yUpa,2266,displaced,63,7
yOvanASva,2272,displaced,7,2
Saya,2280,displaced,-5,78
SUna,2281,displaced,229,5
guqa,2286,displaced,6926,1
puRqarIka,2293,displaced,476,5
sTA,2301,displaced,66,22
SaraRya,2306,displaced,7228,2
Buj,2308,displaced,-491,16
Buj,2311,displaced,-494,16
prakIrRaka,2315,displaced,1314,2
Sizwa,2334,displaced,98,2
soma,2343,displaced,73,27
saMpad,2348,displaced,1777,3
puras,2349,displaced,-356,6
vawa,2353,displaced,358,5
mahAnasa,2360,displaced,1125,5
praBAvant,2361,displaced,3255,2
sOvarRa,2361,displaced,4,13
sOvarRa,2361,displaced,4,13
viyoga,2364,displaced,3612,1
nizka,2365,displaced,-4,5
laB,2372,displaced,668,6
hima,2378,displaced,-206,4
BIzaRa,2381,displaced,4699,1
Sata,2384,displaced,-18,131
Sata,2384,displaced,-18,131
vyAma,2388,displaced,5803,3
staB,2402,displaced,-1498,4
virAj,2417,displaced,48,11
virAj,2420,displaced,45,11
jAmadagnya,2427,displaced,6,5
punar,2431,displaced,-46,21
nala,2440,displaced,-976,6
dasyu,2443,displaced,-283,3
Badra,2449,displaced,-42,13
vyaBra,2474,displaced,-1210,1
jEtra,2479,displaced,511,1
Aqambara,2487,displaced,427,1
vArzReya,2503,displaced,217,23
SAla,2504,displaced,-94,16
laB,2536,displaced,504,6
BAz,2539,displaced,722,20
pratijYA,2605,displaced,12,40
yadi,2605,displaced,7,80
yadi,2606,displaced,6,80
cara,2607,displaced,6,23
rajanicara,2607,displaced,127,1
dUrapAtin,2635,displaced,-842,1
karRika,2674,displaced,658,2
dyUta,2687,displaced,349,10
maT,2694,displaced,3942,1
Suzka,2709,displaced,348,3
pramoda,2711,displaced,-1260,1
bAhya,2725,displaced,207,3
durvida,2750,displaced,6419,1
moGa,2759,displaced,2011,4
amoGa,2759,displaced,709,3
vart,2762,displaced,276,20
vart,2764,displaced,274,20
vart,2764,displaced,274,20
vart,2794,displaced,244,20
sapraBa,2811,displaced,3613,1
sTA,2823,displaced,-13,22
nand,2828,displaced,-96,2
pAraRa,2834,displaced,73,35
Baj,2844,displaced,1182,7
Baj,2844,displaced,1182,7
mandara,2852,displaced,-4,4
jawin,2858,displaced,21,1
valg,2860,displaced,-1863,1
hAsya,2860,displaced,-859,4
nara,2894,displaced,46,105
vfzANka,2894,displaced,87,2
vfzANka,2901,displaced,80,2
nart,2913,displaced,-717,3
SiSu,2985,displaced,-1026,2
tArakAmaya,2994,displaced,486,1
param,3005,displaced,-28,122
jalp,3033,displaced,2504,2
laB,3070,displaced,-30,6
laB,3070,displaced,-30,6
vart,3077,displaced,-6,20
Svas,3089,displaced,129,27
DArA,3090,displaced,-18,56
mArga,3091,displaced,1133,9
saMbADa,3093,displaced,303,3
Dam,3096,displaced,-231,3
nandin,3097,displaced,-365,1
mAtra,3100,displaced,-1025,2
cakravyUha,3108,displaced,-613,4
durBida,3110,displaced,108,4
padma,3110,displaced,-1019,3
sUci,3113,displaced,-439,6
pratiBaya,3120,displaced,71,2
Dam,3122,displaced,-257,3
nara,3139,displaced,6,105
tras,3143,displaced,-486,15
tras,3145,displaced,-488,15
praharzaRa,3147,displaced,2453,1
Bram,3156,displaced,-2003,4
cezw,3168,displaced,5222,1
cezw,3168,displaced,5222,1
raB,3169,displaced,1041,1
pArzRi,3179,displaced,510,2
pArzRi,3181,displaced,508,2
lamb,3204,displaced,2668,2
vart,3248,displaced,173,20
vasAti,3254,displaced,-1320,4
maRqala,3272,displaced,399,12
prayoktar,3311,displaced,5975,1
vyasu,3318,displaced,-1525,1
pAraSava,3326,displaced,-2109,1
hfdya,3353,displaced,886,1
Svas,3356,displaced,94,27
SAkra,3358,displaced,113,35
vismApana,3362,displaced,4535,1
srava,3373,displaced,5798,1
jawila,3383,displaced,-525,5
muRqa,3383,displaced,-504,4
sUci,3383,displaced,-709,6
plava,3387,displaced,-425,5
sTala,3389,displaced,-1022,2
nart,3396,displaced,452,3
paricCada,3398,displaced,-1007,2
ambazWa,3399,displaced,-3279,1
banD,3447,displaced,28,7
nipAtana,3465,displaced,-1986,4
miSra,3492,displaced,93,6
saMhrAda,3502,displaced,-380,1
Gaww,3512,displaced,5892,1
vimiSra,3516,displaced,3806,3
tyaj,3524,displaced,-1402,7
govAsana,3528,displaced,-5,2
gAnDAraka,3532,displaced,-5,2
ruD,3534,displaced,-3046,1
dIkzA,3588,displaced,-393,12
dIkzita,3588,displaced,3031,2
mArga,3589,displaced,635,9
yuga,3597,displaced,-209,16
bala,3603,displaced,-34,133
mAriza,3604,displaced,-8,113
sAtvata,3608,displaced,33,74
vyaD,3626,displaced,-748,4
vyaD,3626,displaced,-748,4
daMS,3627,displaced,269,19
saMpAta,3630,displaced,-9,7
vyaD,3632,displaced,-754,4
paristoma,3637,displaced,-1686,2
prakIrRaka,3638,displaced,-9,2
rAjata,3638,displaced,302,11
dantavezwa,3639,displaced,-438,1
yODizWira,3640,displaced,-9,7
vAgurA,3640,displaced,-9,1
vart,3660,displaced,196,20
rakz,3661,displaced,-101,106
Dura,3675,displaced,1553,3
vinda,3682,displaced,9,5
netra,3702,displaced,4623,2
Cidra,3707,displaced,2506,1
praPulla,3722,displaced,351,1
sADuvAda,3728,displaced,-6,1
sarj,3731,displaced,5,1
vart,3739,displaced,117,20
vart,3741,displaced,115,20
vart,3754,displaced,102,20
raB,3764,displaced,446,1
nipAta,3792,displaced,-457,24
laB,3792,displaced,-752,6
saMsTa,3800,displaced,-729,2
dUrapAtin,3806,displaced,-2013,1
Bar,3809,displaced,-63,254
devAsura,3821,displaced,-6,10
pArTiva,3840,displaced,-115,51
DAraRa,3853,displaced,-134,8
DAraRa,3859,displaced,-140,8
ninada,3869,displaced,18,19
staB,3878,displaced,727,4
tAra,3881,displaced,574,14
BAskara,3884,displaced,-100,29
pAtAla,3887,displaced,-3858,1
svan,3888,displaced,-271,24
sEnDava,3898,displaced,-13,121
sAgara,3900,displaced,-174,19
vyaD,3910,displaced,-1032,4
Bar,3911,displaced,19,254
SuB,3933,displaced,6,38
nandana,3937,displaced,-5,2
tripura,3941,displaced,2923,3
yadvat,3941,displaced,207,1
sItA,3944,displaced,-4,43
sinDurAja,3945,displaced,-5,39
SuB,3950,displaced,-11,38
SuB,3950,displaced,-11,38
dyUta,3966,displaced,-157,10
mAriza,3967,displaced,-6,113
dArin,3993,displaced,-6,1
jval,3996,displaced,-73,8
vyAyuDa,4007,displaced,-6,3
biBitsA,4014,displaced,-471,6
raBasa,4033,displaced,-4,9
BEmaseni,4060,displaced,50,8
BrAj,4063,displaced,-124,4
alambuza,4065,displaced,7,11
yuD,4066,displaced,18,133
laB,4071,displaced,-1031,6
baka,4076,displaced,-500,4
vajra,4083,displaced,-228,8
haMsa,4086,displaced,-851,5
grAmaRI,4099,displaced,3760,1
jalASaya,4115,displaced,277,2
martyaDarma,4121,displaced,-1037,1
hEqimbi,4123,displaced,-22,9
sarp,4161,displaced,1602,4
svan,4170,displaced,-8,24
sAMparAya,4176,displaced,-7,2
sAMparAya,4178,displaced,-9,2
parAmarSa,4188,displaced,-9,3
maT,4192,displaced,2444,1
sAmba,4194,displaced,-9,7
daMSita,4202,displaced,-9,23
DAv,4207,displaced,460,5
saMvArya,4209,displaced,-497,9
yadi,4217,displaced,-9,80
mAdfSa,4226,displaced,16,5
nArAyaRa,4227,displaced,-973,16
vIratA,4228,displaced,55,72
saMBAvana,4230,displaced,-9,2
pAlay,4249,displaced,616,9
sparD,4312,displaced,-2141,1
yuD,4320,displaced,6,133
lakza,4325,displaced,663,17
tanucCada,4326,displaced,2990,1
sTA,4335,displaced,-66,22
samAvApa,4339,displaced,1952,1
rasavant,4345,displaced,-2034,1
samIraRa,4345,displaced,-732,2
vart,4346,displaced,-47,20
Salya,4346,displaced,-408,35
pakva,4362,displaced,569,2
DAv,4374,displaced,293,5
saMpAta,4382,displaced,-69,7
tapanIyamaya,4389,displaced,182,1
SuB,4390,displaced,-451,38
rakz,4410,displaced,-45,106
ruD,4433,displaced,-3945,1
paricCada,4443,displaced,-2052,2
vetana,4445,displaced,16,1
vart,4498,displaced,-199,20
vyaD,4501,displaced,-1623,4
Dfti,4540,displaced,-71,6
valg,4559,displaced,-3562,1
nizka,4572,displaced,-1644,5
lamb,4595,displaced,1277,2
BIzaRa,4622,displaced,2458,1
pAraSava,4640,displaced,-3423,1
ruDira,4645,displaced,-4,18
laGutA,4654,displaced,-10,3
lAGava,4654,displaced,-5,13
Cid,4656,displaced,1557,1
lAGava,4660,displaced,-11,13
pawwa,4664,displaced,159,5
vyapAya,4688,displaced,-244,1
SaMs,4690,displaced,193,55
varya,4692,displaced,-1195,1
durDara,4707,displaced,-11,32
DAv,4711,displaced,-44,5
Dar,4718,displaced,-228,56
gozpada,4724,displaced,1151,1
saMyuga,4724,displaced,-4,161
saMyamana,4725,displaced,1161,2
smar,4727,displaced,-11,13
muRqa,4728,displaced,-1849,4
muRqa,4730,displaced,-1851,4
virAva,4731,displaced,-12,2
pavana,4740,displaced,239,1
laGuhasta,4741,displaced,-11,8
SEkya,4744,displaced,2569,1
Cid,4746,displaced,1467,1
SEneya,4748,displaced,-11,70
Sastravant,4768,displaced,-12,1
tAdfS,4786,displaced,185,12
yAdfS,4787,displaced,20,16
darS,4788,displaced,-560,9
hastAvApa,4793,displaced,-12,6
maT,4826,displaced,1810,1
darada,4847,displaced,-136,4
Cid,4848,displaced,1365,1
pratipatti,4848,displaced,-3011,1
nEzAdi,4854,displaced,3359,1
harz,4875,displaced,-388,19
gAQa,4916,displaced,1307,4
Svas,4919,displaced,208,27
vaktra,4963,displaced,-265,7
samUha,4977,displaced,-7,2
DAv,4984,displaced,-126,5
maRqalIBU,5005,displaced,-8,2
lomaharzaRa,5012,displaced,-9,22
lomaharza,5014,displaced,-11,14
Suzmin,5044,displaced,-9,6
cAza,5055,displaced,116,7
nizwAnaka,5066,displaced,1477,1
viSAtana,5081,displaced,-2118,1
sarj,5082,displaced,-1346,1
palita,5089,displaced,-641,8
SyAma,5089,displaced,-9,8
nASana,5120,displaced,3701,1
trAsana,5163,displaced,1631,2
vart,5186,displaced,-38,20
Bram,5196,displaced,996,4
pAraSava,5202,displaced,-3985,1
lakzay,5226,displaced,-2207,4
dvAra,5237,displaced,1355,4
Suzmin,5248,displaced,-6,6
davAgni,5277,displaced,1873,1
yAdfS,5279,displaced,-130,16
vimanas,5289,displaced,319,6
dfQaDanvin,5302,displaced,1455,4
nirjaya,5317,displaced,-943,3
guru,5324,displaced,-96,27
guru,5324,displaced,-96,27
glah,5328,displaced,4,2
glah,5328,displaced,4,2
ruD,5335,displaced,-4847,1
tvar,5347,displaced,-33,41
yuD,5357,displaced,5,133
smar,5369,displaced,-4,13
Sliz,5392,displaced,-231,4
vart,5406,displaced,-258,20
pAda,5407,displaced,179,39
vEkartana,5419,displaced,-6,30
tfRa,5430,displaced,-1093,1
valg,5430,displaced,-4433,1
sitAsita,5442,displaced,-6,1
saMmarda,5446,displaced,-6,4
SreRi,5450,displaced,165,3
durodara,5458,displaced,-126,2
maDu,5464,displaced,-307,9
garj,5484,displaced,1506,7
sarp,5526,displaced,237,4
maT,5546,displaced,1090,1
jijIvizu,5547,displaced,-2496,1
cint,5551,displaced,-226,6
hAsa,5582,displaced,-3607,1
valmIka,5590,displaced,429,3
citra,5594,displaced,315,20
SarAsana,5594,displaced,-6,14
citrayoDin,5595,displaced,-6,10
citravarman,5595,displaced,316,1
citrAyuDa,5595,displaced,-4588,1
BrAj,5599,displaced,-1660,4
vAsas,5612,displaced,-748,3
gocara,5616,displaced,-6,3
vAsa,5620,displaced,-215,48
SreRikfta,5621,displaced,-6,2
graha,5636,displaced,-6,14
mahant,5650,displaced,500,8
mahAnAda,5650,displaced,-4,11
vijaya,5650,displaced,-5,27
paruza,5659,displaced,-5,8
mahant,5667,displaced,483,8
saMkzoBa,5673,displaced,-5,1
nIlotpalamaya,5703,displaced,-4,1
varz,5710,displaced,-485,25
saMramBin,5747,displaced,-196,1
vaYc,5767,displaced,250,3
Dvaja,5768,displaced,-12,67
durga,5775,displaced,-1068,2
praveSya,5818,displaced,-2874,1
vart,5828,displaced,135,20
sAha,5839,displaced,38,246
tvar,5842,displaced,52,41
SArada,5895,displaced,-451,7
staB,5906,displaced,316,4
puras,5907,displaced,-1466,6
garj,5908,displaced,1082,7
raRa,5916,displaced,-29,20
nigraha,5920,displaced,-766,6
pragraha,5920,displaced,3646,1
harz,5945,displaced,267,19
Cid,5954,displaced,259,1
Sliz,5965,displaced,145,4
saMbanDi,5971,displaced,302,1
harz,5988,displaced,224,19
smar,5990,displaced,-207,13
Sala,6002,displaced,159,16
BUriSravas,6008,displaced,18,10
cezw,6018,displaced,2372,1
devayAna,6030,displaced,-3734,1
yadu,6030,displaced,-608,2
yAdava,6031,displaced,367,1
SOri,6031,displaced,987,4
Sini,6032,displaced,5,2
saMvara,6033,displaced,74,12
sarj,6038,displaced,-2302,1
rakz,6059,displaced,35,106
SAradvata,6103,displaced,4,17
nard,6111,displaced,-870,3
Cad,6129,displaced,989,5
vftta,6147,displaced,189,19
piNga,6148,displaced,3393,1
praveka,6149,displaced,3073,1
palvala,6163,displaced,-4106,1
saMplava,6175,displaced,-5342,1
SakalIkar,6177,displaced,-2305,1
lalita,6179,displaced,-1838,1
Bujaga,6180,displaced,934,4
pratiBaya,6189,displaced,-2091,2
prahartavya,6218,displaced,-5,2
vyapekzA,6219,displaced,-6,1
duzpAra,6240,displaced,-6,1
praseka,6240,displaced,-5,1
majj,6241,displaced,-2664,4
AnABi,6241,displaced,-5,1
raRANgana,6242,displaced,-6,1
darS,6250,displaced,930,9
nisvana,6260,displaced,1393,15
sant,6261,displaced,79,30
lakzay,6262,displaced,3233,4
Pal,6265,displaced,-135,40
bAhya,6267,displaced,-929,3
harzaRa,6276,displaced,-6,2
bAhya,6277,displaced,-939,3
devaSatru,6296,displaced,-5,1
taTA,6332,displaced,-8,436
takz,6359,displaced,-3944,1
pAraSava,6359,displaced,-5142,1
yantar,6383,displaced,841,11
Odarika,6390,displaced,-4,2
jalp,6399,displaced,686,2
manda,6410,displaced,-5,14
sajIva,6425,displaced,-4,1
SArada,6435,displaced,-4,7
darSana,6440,displaced,-1308,7
varD,6452,displaced,-8,5
tiryagISa,6471,displaced,-6,1
parameSa,6471,displaced,-6,4
pareSa,6471,displaced,-6,16
cakzurhan,6477,displaced,12,2
durADarza,6485,displaced,-371,6
lokatA,6519,displaced,-2226,2
vyaD,6534,displaced,1051,4
glah,6538,displaced,12,2
brAhmaRabruva,6546,displaced,12,2
pramoktavya,6563,displaced,12,1
dIkzita,6606,displaced,13,2
srAva,6608,displaced,2563,1
yuD,6615,displaced,-25,133
raSmimuca,6639,displaced,21,1
jvAla,6658,displaced,1481,8
tumula,6670,displaced,-9,35
tumula,6670,displaced,-9,35
BAz,6672,displaced,212,20
BAs,6672,displaced,212,20
balAhaka,6674,displaced,321,9
parjanya,6675,displaced,554,14
pavana,6676,displaced,-1697,1
vismApana,6676,displaced,1221,1
buD,6725,displaced,-697,2
vftta,6741,displaced,-352,19
saMpAta,6749,displaced,590,7
vikzoBa,6794,displaced,-973,1
BuSuRqi,6798,displaced,1225,1
hEqimbi,6822,displaced,997,9
mAnin,6832,displaced,783,3
Svas,6846,displaced,-490,27
gOtama,6847,displaced,154,11
patAkin,6851,displaced,-2292,3
saMjaya,6851,displaced,-1299,3
diDakzu,6855,displaced,820,1
gOtama,6857,displaced,144,11
vasu,6865,displaced,35,25
Bram,6883,displaced,289,4
jEtra,6884,displaced,-3894,1
tIvra,6893,displaced,-651,9
druma,6904,displaced,-46,17
duRquBa,6905,displaced,-1734,1
quRquBa,6905,displaced,-1734,1
nirGoza,6907,displaced,-1779,6
vega,6907,displaced,-671,12
jaya,6911,displaced,-46,59
pramATa,6938,displaced,939,11
vIrabAhu,6938,displaced,1594,1
vfzasena,6941,displaced,89,39
vaD,6942,displaced,211,55
sAvitra,6954,displaced,2612,1
mAhendra,6958,displaced,-930,7
vrata,6988,displaced,-1021,8
vyavasAya,6997,displaced,-1268,3
dOrmuKi,7008,displaced,1362,1
candrasena,7009,displaced,-97,1
gajAnIka,7011,displaced,-393,6
sudarSana,7011,displaced,-159,12
labDalakza,7012,displaced,1232,5
vijaya,7012,displaced,99,27
param,7041,displaced,-80,122
Sakti,7041,displaced,-19,60
paruzita,7042,displaced,17,1
pARqaveya,7069,displaced,17,20
vEvasvata,7082,displaced,-2366,4
sTAna,7092,displaced,-2232,12
Baya,7115,displaced,16,27
raB,7117,displaced,-2907,1
nAdin,7167,displaced,-4873,1
SvAviD,7235,displaced,303,3
staB,7267,displaced,-503,4
sraMs,7283,displaced,-3520,1
SuB,7297,displaced,16,38
SEkya,7300,displaced,13,1
GUrR,7301,displaced,-5943,1
paripArSva,7307,displaced,13,1
rakz,7329,displaced,24,106
rakz,7330,displaced,23,106
SvAviD,7418,displaced,120,3
nAlIka,7420,displaced,1142,2
varAhakarRa,7420,displaced,708,1
varz,7420,displaced,-290,25
vikarRa,7420,displaced,-1761,11
jval,7437,displaced,702,8
SAlmali,7565,displaced,11,1
padAtin,7598,displaced,11,10
BAs,7601,displaced,-164,20
BAs,7605,displaced,-168,20
mAtula,7607,displaced,11,14
svasrIya,7607,displaced,-4862,3
daMS,7616,displaced,29,19
BAs,7619,displaced,-182,20
maT,7631,displaced,-995,1
hari,7634,displaced,-1160,4
BayaMkara,7652,displaced,243,3
mahAcamU,7657,displaced,132,7
mahArAja,7657,displaced,7,235
preta,7688,displaced,1308,1
raBas,7701,displaced,-131,9
vart,7703,displaced,370,20
ruD,7708,displaced,-7220,1
vart,7737,displaced,336,20
parityAjya,7741,displaced,9,8
Gaww,7742,displaced,1662,1
saMkranda,7747,displaced,9,2
tAra,7783,displaced,45,14
sADuvAhin,7786,displaced,-3059,4
pAla,7822,displaced,-1242,6
tAraka,7837,displaced,-1099,3
jawAsura,7848,displaced,11,2
pUjA,7851,displaced,1780,4
jAwAsuri,7856,displaced,20,1
Cid,7863,displaced,-1650,1
kzitikampa,7867,displaced,8,5
takzaka,7873,displaced,1691,2
BAskara,7874,displaced,64,29
svarBAnu,7874,displaced,64,2
maya,7879,displaced,9,131
riktapARi,7886,displaced,9,1
vismApana,7889,displaced,8,1
banD,7897,displaced,113,7
vipula,7904,displaced,196,18
pariRAha,7908,displaced,-5520,1
Cid,7918,displaced,-1705,1
SvAviD,7944,displaced,-371,3
prapAta,7963,displaced,177,6
baka,8006,displaced,-4430,4
Bakz,8013,displaced,-2226,2
varmin,8025,displaced,-4920,1
BrAj,8091,displaced,368,4
SamI,8098,displaced,411,29
BEmi,8101,displaced,-85,1
varz,8104,displaced,19,25
varz,8104,displaced,19,25
cira,8113,displaced,-193,11
nAlIka,8128,displaced,434,2
darS,8136,displaced,523,9
banD,8141,displaced,-131,7
vart,8145,displaced,-72,20
vart,8146,displaced,-73,20
jagat,8160,displaced,459,21
pratiGAta,8166,displaced,-2150,4
aBIzu,8180,displaced,-6267,1
saMkzoBa,8187,displaced,-2519,1
dviz,8215,displaced,-990,6
vikrama,8224,displaced,97,47
saMDay,8224,displaced,1172,3
saMDay,8225,displaced,1171,3
Buj,8267,displaced,210,16
pattra,8269,displaced,-1545,1
parRa,8271,displaced,-4967,1
vikrama,8280,displaced,41,47
tfRa,8303,displaced,-3966,1
duzpraRIta,8304,displaced,5,1
dOrmuKi,8366,displaced,4,1
nidrA,8374,displaced,15,8
yAma,8375,displaced,90,32
yAma,8376,displaced,89,32
sarp,8384,displaced,788,4
muhUrtaka,8388,displaced,4,1
sAD,8389,displaced,241,29
sAD,8389,displaced,241,29
dara,8409,displaced,438,6
Seza,8457,displaced,-1097,12
purA,8520,displaced,-10,102
rUpa,8531,displaced,228,17
saYj,8538,displaced,-19,327
praseka,8549,displaced,-2314,1
Gaww,8584,displaced,820,1
Sliz,8639,displaced,-2529,4
nirapekza,8660,displaced,-4410,1
SreRi,8667,displaced,-2943,3
varz,8670,displaced,-337,25
vyaD,8670,displaced,-1085,4
vyaD,8670,displaced,-1085,4
devasAt,8687,displaced,-5227,1
sTA,8704,displaced,-73,22
pramaTana,8708,displaced,-7560,1
mAlava,8708,displaced,624,5
Bfgu,8728,displaced,-6281,1
sUkzma,8728,displaced,-2131,1
pApa,8734,displaced,92,40
dyut,8759,displaced,-2150,10
banD,8776,displaced,-766,7
pAli,8784,displaced,-523,8
saMyuga,8816,displaced,-34,161
svan,8828,displaced,-128,24
Sliz,8844,displaced,-2734,4
sarj,8852,displaced,-5116,1
sarj,8853,displaced,-5117,1
sAMKya,8857,displaced,157,102
palita,8872,displaced,-611,8
staB,8882,displaced,-2118,4
sTA,8922,displaced,-291,22
vart,8930,displaced,157,20
lohitAkza,8963,displaced,-1061,8
tyaj,8991,displaced,-1222,7
prayoktar,9003,displaced,283,1
varz,9020,displaced,160,25
hrez,9048,displaced,11,2
Dam,9054,displaced,534,3
vyaD,9100,displaced,-1515,4
drORi,9110,displaced,-131,58
syad,9176,displaced,-5326,2
SradDA,9187,displaced,-6585,5
vart,9201,displaced,-114,20
vart,9201,displaced,-114,20
vart,9202,displaced,-115,20
maT,9208,displaced,-2572,1
gozpada,9223,displaced,-3348,1
majj,9223,displaced,5,4
pAlay,9225,displaced,-5,9
satyajit,9228,displaced,-8362,4
sarj,9237,displaced,-5501,1
sarj,9238,displaced,-5502,1
harz,9238,displaced,-348,19
nAgarAja,9242,displaced,-8051,2
pratiyodDar,9245,displaced,-4985,1
sTA,9290,displaced,177,22
vyaT,9352,displaced,85,25
sarp,9374,displaced,71,4
vyAmoha,9384,displaced,-2452,1
smar,9402,displaced,-542,13
mahezvAsa,9404,displaced,28,97
mumukzu,9414,displaced,-2940,1
pataga,9442,displaced,-5769,2
mahAmuni,9445,displaced,34,3
durdarSa,9452,displaced,-4014,1
mahattara,9452,displaced,-8153,1
Bavitar,9468,displaced,-4352,1
paW,9480,displaced,168,7
avahAra,9491,displaced,-8035,1
durvida,9510,displaced,-341,1
samanta,9516,displaced,-95,79
yAmya,9521,displaced,-55,2
saMDay,9554,displaced,-158,3
tripura,9555,displaced,15,3
tripura,9559,displaced,11,3
nisvAna,9569,displaced,-361,15
vidyut,9569,displaced,24,2
staB,9578,displaced,-2814,4
buD,9586,displaced,-3558,2
Bava,9586,displaced,8,157
Satarudriya,9612,displaced,27,3
bahurUpa,9619,displaced,-82,3
jval,9620,displaced,-174,8
viSvarUpa,9621,displaced,-160,1
sTARu,9625,displaced,-55,2
praSamana,9640,displaced,-625,1
mArga,12110,displaced,-3316,9
Suc,10,absent,,0
pat,16,absent,,0
pad,16,absent,,0
pad,26,absent,,0
pfzant,27,absent,,0
han,28,absent,,0
ruc,32,absent,,0
tar,43,absent,,0
hA,44,absent,,0
varj,45,absent,,0
tar,52,absent,,0
GAtaka,56,absent,,0
Sam,56,absent,,0
Sabdavant,60,absent,,0
nad,61,absent,,0
pravoQar,63,absent,,0
paripAlya,64,absent,,0
SORqa,65,absent,,0
BU,66,absent,,0
viS,66,absent,,0
sujaya,67,absent,,0
ji,70,absent,,0
yA,71,absent,,0
cEtra,76,absent,,0
marj,76,absent,,0
nah,78,absent,,0
saMhanana,79,absent,,0
sad,79,absent,,0
saMnahana,79,absent,,0
prAyARika,80,absent,,0
vad,80,absent,,0
SAlin,87,absent,,0
BaYj,91,absent,,0
plu,92,absent,,0
yAmuna,92,absent,,0
plu,96,absent,,0
lok,98,absent,,0
vad,98,absent,,0
saMjanana,100,absent,,0
raTAkza,104,absent,,0
sar,106,absent,,0
ras,108,absent,,0
lap,115,absent,,0
girivraja,120,absent,,0
nagnajit,120,absent,,0
barh,130,absent,,0
tadvat,142,absent,,0
dru,142,absent,,0
deSika,143,absent,,0
SrEzWya,156,absent,,0
yA,163,absent,,0
balasenA,199,absent,,0
nikara,202,absent,,0
pat,204,absent,,0
pA,205,absent,,0
nirGAta,206,absent,,0
car,221,absent,,0
cal,222,absent,,0
hlAd,222,absent,,0
dru,234,absent,,0
dru,235,absent,,0
nizpezaRa,241,absent,,0
tap,252,absent,,0
nad,257,absent,,0
duzpraDarzaRa,263,absent,,0
parizkAra,268,absent,,0
dA,268,absent,,0
var,268,absent,,0
vEyAGra,268,absent,,0
pratizedDar,273,absent,,0
marz,273,absent,,0
hA,274,absent,,0
sahizRu,278,absent,,0
tar,280,absent,,0
parizkAra,280,absent,,0
saMkrandana,281,absent,,0
paS,286,absent,,0
pipIla,288,absent,,0
hA,301,absent,,0
mETunika,304,absent,,0
vIj,307,absent,,0
sic,307,absent,,0
plu,310,absent,,0
vIj,310,absent,,0
pratidvirada,313,absent,,0
pratiyUTapa,314,absent,,0
vASitA,314,absent,,0
sPUrj,321,absent,,0
stanita,322,absent,,0
nisvanita,324,absent,,0
plu,324,absent,,0
naS,327,absent,,0
vA,328,absent,,0
SaravaRa,328,absent,,0
dar,329,absent,,0
Sru,329,absent,,0
sah,332,absent,,0
sar,348,absent,,0
giridvAra,349,absent,,0
mlA,350,absent,,0
man,359,absent,,0
DArin,365,absent,,0
dar,366,absent,,0
vezw,368,absent,,0
vezw,368,absent,,0
cArin,372,absent,,0
saMsTAsnucArin,372,absent,,0
voQar,373,absent,,0
mura,386,absent,,0
sunAman,388,absent,,0
gArgya,396,absent,,0
vAtsya,396,absent,,0
mudgala,397,absent,,0
pARqya,398,absent,,0
vAwaDAna,398,absent,,0
var,400,absent,,0
pArijAta,403,absent,,0
Jillin,409,absent,,0
vipfTu,409,absent,,0
SI,411,absent,,0
vanamAlin,412,absent,,0
halin,412,absent,,0
pratisaMyodDar,414,absent,,0
ta,427,absent,,0
jIv,428,absent,,0
vajrAy,429,absent,,0
parihArya,432,absent,,0
pat,434,absent,,0
sad,434,absent,,0
sUd,434,absent,,0
var,437,absent,,0
graB,439,absent,,0
yAc,441,absent,,0
svid,443,absent,,0
snih,445,absent,,0
sar,446,absent,,0
guh,447,absent,,0
Siz,449,absent,,0
marz,454,absent,,0
marz,456,absent,,0
marz,456,absent,,0
bahulIkar,463,absent,,0
sApekza,463,absent,,0
Guz,464,absent,,0
jYA,467,absent,,0
jIv,475,absent,,0
pat,475,absent,,0
SakalIBU,475,absent,,0
vanarAji,487,absent,,0
car,488,absent,,0
piz,488,absent,,0
car,495,absent,,0
mard,498,absent,,0
hastavant,498,absent,,0
nad,499,absent,,0
roDas,504,absent,,0
Penila,505,absent,,0
SatamAya,516,absent,,0
lal,525,absent,,0
taq,531,absent,,0
navati,539,absent,,0
sfj,541,absent,,0
cal,544,absent,,0
barh,550,absent,,0
plu,553,absent,,0
gal,555,absent,,0
pat,557,absent,,0
barhiRa,557,absent,,0
cud,559,absent,,0
sar,561,absent,,0
har,562,absent,,0
plu,568,absent,,0
muc,576,absent,,0
dvaMdvayudDa,582,absent,,0
sparh,582,absent,,0
sad,585,absent,,0
harzin,594,absent,,0
pratIkASa,595,absent,,0
viharaRa,597,absent,,0
pradoza,599,absent,,0
pat,609,absent,,0
plu,609,absent,,0
hval,611,absent,,0
pIq,612,absent,,0
plu,612,absent,,0
kzIva,614,absent,,0
Bogin,632,absent,,0
dru,635,absent,,0
vyA,635,absent,,0
mard,643,absent,,0
car,644,absent,,0
marj,654,absent,,0
sPar,654,absent,,0
Pena,662,absent,,0
var,667,absent,,0
SanakEs,669,absent,,0
stu,669,absent,,0
galvarka,672,absent,,0
masAra,672,absent,,0
masAra,672,absent,,0
viyant,672,absent,,0
pat,676,absent,,0
Siz,682,absent,,0
naS,685,absent,,0
naS,685,absent,,0
tuRqikera,691,absent,,0
madraka,692,absent,,0
cIrin,695,absent,,0
meKalin,695,absent,,0
yuj,696,absent,,0
yiyAsu,697,absent,,0
piRqa,702,absent,,0
dAhin,703,absent,,0
naS,705,absent,,0
hvA,709,absent,,0
padAntara,710,absent,,0
hvA,710,absent,,0
hvA,711,absent,,0
hvA,712,absent,,0
yuj,718,absent,,0
svaj,718,absent,,0
pratisvara,724,absent,,0
var,724,absent,,0
smi,725,absent,,0
trEgartaka,726,absent,,0
mAtar,726,absent,,0
duravApa,727,absent,,0
SiroDara,731,absent,,0
sru,731,absent,,0
parAkramin,735,absent,,0
SAtakumBa,739,absent,,0
SAtakumBamaya,739,absent,,0
har,743,absent,,0
lI,746,absent,,0
paSupati,755,absent,,0
vah,757,absent,,0
par,762,absent,,0
yODeya,768,absent,,0
DU,771,absent,,0
paS,773,absent,,0
svid,773,absent,,0
svid,773,absent,,0
qI,776,absent,,0
paSupati,787,absent,,0
BA,789,absent,,0
nam,792,absent,,0
haMsapada,798,absent,,0
Bojaya,804,absent,,0
saMpAti,804,absent,,0
pat,807,absent,,0
pArAvata,813,absent,,0
viS,838,absent,,0
vah,839,absent,,0
pat,844,absent,,0
halahalA,857,absent,,0
vErocana,859,absent,,0
muh,861,absent,,0
lok,864,absent,,0
var,869,absent,,0
marj,880,absent,,0
cikIrzu,881,absent,,0
yuj,881,absent,,0
nad,882,absent,,0
nad,887,absent,,0
pAzARa,896,absent,,0
juz,899,absent,,0
car,908,absent,,0
vArdDakzemi,916,absent,,0
lI,934,absent,,0
sAraNga,952,absent,,0
pArAvata,953,absent,,0
DA,957,absent,,0
lalAma,962,absent,,0
haridra,965,absent,,0
vah,966,absent,,0
vah,969,absent,,0
sAraNga,971,absent,,0
palAla,973,absent,,0
SAlapuzpa,980,absent,,0
piSaNga,983,absent,,0
palAla,985,absent,,0
SitipAda,986,absent,,0
sOcitti,986,absent,,0
baBru,994,absent,,0
mlA,994,absent,,0
mAlin,999,absent,,0
rAsaBa,1001,absent,,0
pawaccara,1010,absent,,0
puzkara,1014,absent,,0
daRqaketu,1015,absent,,0
SaradaRqa,1015,absent,,0
anudaRqi,1015,absent,,0
ruc,1028,absent,,0
ruc,1028,absent,,0
ruc,1028,absent,,0
ruc,1028,absent,,0
upanandaka,1032,absent,,0
pratimA,1035,absent,,0
SArNga,1036,absent,,0
yuj,1047,absent,,0
paS,1057,absent,,0
jIv,1061,absent,,0
Durya,1061,absent,,0
i,1061,absent,,0
pA,1078,absent,,0
SA,1078,absent,,0
nad,1080,absent,,0
Bid,1083,absent,,0
piYjalaka,1084,absent,,0
BUtakarman,1085,absent,,0
BUtakarman,1087,absent,,0
pitfvya,1088,absent,,0
BA,1105,absent,,0
lohitaDvaja,1105,absent,,0
var,1109,absent,,0
SalAka,1113,absent,,0
yUpaketu,1118,absent,,0
han,1120,absent,,0
ruj,1123,absent,,0
ruj,1123,absent,,0
viSezaRa,1124,absent,,0
Sak,1127,absent,,0
bidalIkfta,1134,absent,,0
ninIzu,1139,absent,,0
cukzoBayizu,1142,absent,,0
varj,1145,absent,,0
pat,1153,absent,,0
vezw,1153,absent,,0
vezwa,1154,absent,,0
tiryaggama,1162,absent,,0
sar,1164,absent,,0
cal,1165,absent,,0
graB,1169,absent,,0
graB,1170,absent,,0
plu,1171,absent,,0
man,1173,absent,,0
sic,1177,absent,,0
kftIsuta,1177,absent,,0
parvatapati,1179,absent,,0
sic,1181,absent,,0
sar,1182,absent,,0
sic,1184,absent,,0
sIv,1187,absent,,0
vezw,1189,absent,,0
viyant,1192,absent,,0
viyant,1194,absent,,0
soQar,1200,absent,,0
bAD,1201,absent,,0
valahantar,1202,absent,,0
dvEDa,1210,absent,,0
dolAy,1211,absent,,0
vA,1211,absent,,0
balla,1217,absent,,0
yA,1226,absent,,0
hvA,1231,absent,,0
diS,1234,absent,,0
vezw,1239,absent,,0
saMnipAta,1247,absent,,0
lal,1261,absent,,0
parvatarAj,1264,absent,,0
smi,1266,absent,,0
nad,1268,absent,,0
yam,1269,absent,,0
vEjayanta,1274,absent,,0
saMyantar,1275,absent,,0
vyasanin,1276,absent,,0
tapaScaryA,1280,absent,,0
sahasrika,1281,absent,,0
nI,1290,absent,,0
vArzika,1311,absent,,0
laguqa,1317,absent,,0
naKara,1318,absent,,0
cillaka,1320,absent,,0
cillaka,1320,absent,,0
ru,1323,absent,,0
jyotizka,1325,absent,,0
BayaMkartar,1325,absent,,0
var,1339,absent,,0
gomAyu,1342,absent,,0
nad,1342,absent,,0
pratisaMDAna,1345,absent,,0
ruj,1345,absent,,0
ji,1357,absent,,0
yas,1360,absent,,0
smi,1363,absent,,0
vyAkoSa,1365,absent,,0
har,1367,absent,,0
nam,1368,absent,,0
han,1373,absent,,0
sADAraRIkar,1378,absent,,0
biBitsu,1381,absent,,0
DvaMs,1387,absent,,0
Bid,1388,absent,,0
saMSraya,1388,absent,,0
saMsrava,1388,absent,,0
SI,1391,absent,,0
saMparka,1391,absent,,0
cUrRay,1394,absent,,0
roDas,1403,absent,,0
viS,1405,absent,,0
vij,1406,absent,,0
mard,1414,absent,,0
tap,1417,absent,,0
Suz,1417,absent,,0
gam,1420,absent,,0
har,1441,absent,,0
sukalita,1447,absent,,0
puT,1450,absent,,0
car,1451,absent,,0
sUd,1451,absent,,0
plu,1452,absent,,0
lul,1452,absent,,0
man,1455,absent,,0
has,1455,absent,,0
mUkatva,1457,absent,,0
hrI,1462,absent,,0
pftanAnI,1464,absent,,0
dA,1467,absent,,0
biBitsu,1478,absent,,0
jayizRu,1480,absent,,0
durAvAra,1480,absent,,0
Bid,1480,absent,,0
apratirUpya,1487,absent,,0
aprAtirUpya,1487,absent,,0
viS,1494,absent,,0
var,1501,absent,,0
pArSvatas,1505,absent,,0
vizahya,1518,absent,,0
Bid,1521,absent,,0
jan,1526,absent,,0
DA,1527,absent,,0
DvaMs,1529,absent,,0
han,1529,absent,,0
viS,1551,absent,,0
nad,1557,absent,,0
barh,1557,absent,,0
SiYj,1557,absent,,0
star,1560,absent,,0
sPur,1565,absent,,0
rAj,1567,absent,,0
vinAla,1567,absent,,0
star,1568,absent,,0
daRqaka,1569,absent,,0
vanDura,1569,absent,,0
vinAsAdaSana,1570,absent,,0
vinemidaSana,1570,absent,,0
prapAtin,1571,absent,,0
pat,1571,absent,,0
grEveya,1572,absent,,0
SuRqa,1573,absent,,0
vAlaDi,1574,absent,,0
modana,1576,absent,,0
han,1581,absent,,0
saMSuzka,1582,absent,,0
svid,1582,absent,,0
plu,1586,absent,,0
prabAhu,1610,absent,,0
hval,1613,absent,,0
cal,1614,absent,,0
gam,1622,absent,,0
BA,1622,absent,,0
Bid,1624,absent,,0
talpa,1626,absent,,0
talpa,1626,absent,,0
BaYj,1629,absent,,0
sad,1630,absent,,0
ruj,1631,absent,,0
prasvana,1634,absent,,0
sPur,1639,absent,,0
muc,1640,absent,,0
saMmimAnayizu,1641,absent,,0
mahAnaka,1676,absent,,0
krakaca,1676,absent,,0
lavaRajala,1676,absent,,0
pratyamitra,1677,absent,,0
vihvalatA,1680,absent,,0
pratimA,1694,absent,,0
biBitsu,1696,absent,,0
cyu,1717,absent,,0
vimuKIkar,1719,absent,,0
daRqaka,1731,absent,,0
vanDura,1731,absent,,0
paS,1737,absent,,0
gAh,1742,absent,,0
pat,1742,absent,,0
vizwamBayizu,1746,absent,,0
saMstamBayizu,1746,absent,,0
pravaRa,1748,absent,,0
siD,1748,absent,,0
tan,1753,absent,,0
Damani,1753,absent,,0
gar,1754,absent,,0
nud,1771,absent,,0
Sak,1780,absent,,0
sar,1783,absent,,0
vAtAy,1787,absent,,0
har,1787,absent,,0
har,1787,absent,,0
luq,1804,absent,,0
paS,1822,absent,,0
cUta,1829,absent,,0
mard,1831,absent,,0
sic,1842,absent,,0
nityagati,1855,absent,,0
plu,1862,absent,,0
cud,1869,absent,,0
vfkzAraka,1872,absent,,0
tiryagDAra,1875,absent,,0
mArttikAvataka,1892,absent,,0
SatruMjaya,1899,absent,,0
sru,1926,absent,,0
puT,1935,absent,,0
har,1937,absent,,0
plu,1944,absent,,0
saMSuzka,1944,absent,,0
plu,1950,absent,,0
yA,1967,absent,,0
cUrRay,1972,absent,,0
cUrRay,1972,absent,,0
lup,1976,absent,,0
saMkawa,1977,absent,,0
sfgAla,1979,absent,,0
vac,1990,absent,,0
samaYjasa,1990,absent,,0
lipsu,1992,absent,,0
SI,1995,absent,,0
mAnakft,1996,absent,,0
Suz,2000,absent,,0
prativIrya,2002,absent,,0
mar,2014,absent,,0
mar,2020,absent,,0
har,2020,absent,,0
vac,2025,absent,,0
anukampaka,2030,absent,,0
Sam,2031,absent,,0
pretakarman,2033,absent,,0
har,2041,absent,,0
niSAcarapati,2046,absent,,0
har,2051,absent,,0
ruz,2054,absent,,0
lI,2059,absent,,0
har,2064,absent,,0
varj,2073,absent,,0
mA,2082,absent,,0
gam,2087,absent,,0
cetasaka,2095,absent,,0
niKarba,2097,absent,,0
yAc,2104,absent,,0
yAc,2106,absent,,0
virajas,2108,absent,,0
har,2112,absent,,0
bindu,2113,absent,,0
mar,2113,absent,,0
har,2115,absent,,0
pU,2116,absent,,0
ruj,2118,absent,,0
taTya,2136,absent,,0
barh,2136,absent,,0
saliNga,2141,absent,,0
man,2142,absent,,0
saMBAza,2148,absent,,0
pARigrahaRa,2149,absent,,0
har,2150,absent,,0
zWIvi,2157,absent,,0
piWara,2159,absent,,0
BAjana,2159,absent,,0
zWIvin,2163,absent,,0
Sas,2164,absent,,0
saMBAvya,2166,absent,,0
yiyakzu,2172,absent,,0
manoBiprAya,2174,absent,,0
Svitya,2183,absent,,0
SvEtya,2183,absent,,0
raj,2187,absent,,0
nEmittika,2194,absent,,0
tap,2195,absent,,0
SvEtya,2195,absent,,0
nartana,2199,absent,,0
pUrRaka,2199,absent,,0
varDamAnaka,2199,absent,,0
dohana,2204,absent,,0
sArvakAmika,2206,absent,,0
SvEtya,2208,absent,,0
vezw,2209,absent,,0
Sivi,2209,absent,,0
brAhmaRasAt,2214,absent,,0
prayuta,2218,absent,,0
mud,2224,absent,,0
jArUTya,2232,absent,,0
ati,2235,absent,,0
BA,2235,absent,,0
ati,2235,absent,,0
dIp,2237,absent,,0
par,2239,absent,,0
manaskAnta,2245,absent,,0
man,2250,absent,,0
valgu,2255,absent,,0
Elavila,2263,absent,,0
man,2265,absent,,0
rAgaKARqava,2267,absent,,0
mAnDAtar,2272,absent,,0
pfzadAjya,2274,absent,,0
har,2275,absent,,0
DA,2276,absent,,0
sru,2279,absent,,0
ji,2280,absent,,0
ji,2280,absent,,0
dA,2284,absent,,0
rohita,2284,absent,,0
brAhmaRasAt,2289,absent,,0
cAturmAsya,2293,absent,,0
SarmizWA,2297,absent,,0
nABAga,2303,absent,,0
pUpa,2309,absent,,0
pUrika,2309,absent,,0
pAnaka,2310,absent,,0
pAnaka,2310,absent,,0
mEreyaka,2310,absent,,0
pA,2312,absent,,0
nABAga,2313,absent,,0
yAjin,2314,absent,,0
man,2317,absent,,0
SaSabindu,2321,absent,,0
SASabindava,2324,absent,,0
paryanta,2328,absent,,0
ji,2339,absent,,0
dA,2342,absent,,0
Sarkara,2344,absent,,0
star,2350,absent,,0
sAMkfti,2356,absent,,0
carmaRvant,2360,absent,,0
piWara,2367,absent,,0
vasvokasArA,2371,absent,,0
dOzmanta,2377,absent,,0
dam,2379,absent,,0
dam,2381,absent,,0
dam,2382,absent,,0
sarvadamana,2383,absent,,0
siD,2383,absent,,0
han,2383,absent,,0
anu,2384,absent,,0
var,2386,absent,,0
gam,2389,absent,,0
Sri,2389,absent,,0
vas,2400,absent,,0
duDukzu,2409,absent,,0
nikAya,2409,absent,,0
dogDar,2410,absent,,0
dogDar,2410,absent,,0
vatsala,2410,absent,,0
prarohaRa,2411,absent,,0
dvimUrDan,2413,absent,,0
nikAya,2420,absent,,0
vikriyA,2428,absent,,0
tAmraliptaka,2436,absent,,0
mArttikAvata,2436,absent,,0
vItahotra,2436,absent,,0
vItihotra,2436,absent,,0
nalva,2440,absent,,0
sar,2446,absent,,0
rAjika,2451,absent,,0
sAMnAhika,2461,absent,,0
tap,2462,absent,,0
svizwa,2463,absent,,0
yajvin,2466,absent,,0
yA,2478,absent,,0
spand,2480,absent,,0
SampAtAla,2488,absent,,0
Bettar,2497,absent,,0
vinirgama,2498,absent,,0
lal,2503,absent,,0
pota,2504,absent,,0
prahantar,2508,absent,,0
prahantar,2508,absent,,0
DvaMs,2519,absent,,0
pota,2522,absent,,0
BIruka,2522,absent,,0
lap,2527,absent,,0
yA,2534,absent,,0
dah,2541,absent,,0
jIvaka,2544,absent,,0
sma,2561,absent,,0
sma,2561,absent,,0
yuj,2577,absent,,0
saMyAva,2594,absent,,0
ced,2595,absent,,0
ced,2597,absent,,0
muc,2597,absent,,0
Slezman,2597,absent,,0
vaYcaka,2598,absent,,0
snA,2598,absent,,0
mizwa,2600,absent,,0
nid,2601,absent,,0
maryAdA,2603,absent,,0
vas,2605,absent,,0
viS,2606,absent,,0
vid,2613,absent,,0
vid,2615,absent,,0
nI,2617,absent,,0
dA,2618,absent,,0
pratibala,2618,absent,,0
yA,2630,absent,,0
BU,2639,absent,,0
jYA,2648,absent,,0
DA,2651,absent,,0
jYA,2652,absent,,0
sajjay,2672,absent,,0
padmaka,2674,absent,,0
padmakarRika,2674,absent,,0
lap,2681,absent,,0
digISvara,2683,absent,,0
sru,2689,absent,,0
Suc,2695,absent,,0
Boktar,2696,absent,,0
ji,2702,absent,,0
ji,2702,absent,,0
pat,2709,absent,,0
pratisrotas,2710,absent,,0
vivfdDi,2711,absent,,0
Sru,2725,absent,,0
syamantapaYcaka,2725,absent,,0
praRud,2727,absent,,0
guRW,2734,absent,,0
nam,2735,absent,,0
nad,2739,absent,,0
vivatsa,2748,absent,,0
garD,2749,absent,,0
SuSrUzin,2752,absent,,0
pU,2757,absent,,0
SuSrUzin,2759,absent,,0
nAruMtuda,2763,absent,,0
vErAwa,2766,absent,,0
viS,2774,absent,,0
lAja,2776,absent,,0
star,2776,absent,,0
nEtyika,2778,absent,,0
pfTuyaSas,2783,absent,,0
par,2787,absent,,0
par,2790,absent,,0
mantray,2796,absent,,0
dru,2805,absent,,0
sugrIva,2812,absent,,0
yA,2814,absent,,0
SAs,2819,absent,,0
lup,2822,absent,,0
vikANkzA,2835,absent,,0
joza,2840,absent,,0
pradeSa,2848,absent,,0
brahmatuNga,2850,absent,,0
SaryAti,2851,absent,,0
sutuNga,2851,absent,,0
prasravaRa,2853,absent,,0
lAsya,2860,absent,,0
saMnAda,2860,absent,,0
pratihartar,2865,absent,,0
pad,2867,absent,,0
naparAjit,2877,absent,,0
vyADya,2877,absent,,0
nEtyaka,2887,absent,,0
devAri,2892,absent,,0
smftimant,2905,absent,,0
niGAtin,2910,absent,,0
gomuKa,2914,absent,,0
snAtaka,2918,absent,,0
mantray,2919,absent,,0
snA,2919,absent,,0
plu,2920,absent,,0
sad,2920,absent,,0
susuganDi,2920,absent,,0
vezw,2921,absent,,0
lip,2922,absent,,0
haricandana,2922,absent,,0
snA,2926,absent,,0
snA,2926,absent,,0
dogDar,2929,absent,,0
nandyAvarta,2930,absent,,0
varDamAna,2930,absent,,0
nandyAvarta,2930,absent,,0
rocana,2931,absent,,0
DU,2937,absent,,0
stu,2938,absent,,0
tar,2959,absent,,0
tar,2959,absent,,0
punardarSana,2970,absent,,0
divasakft,2985,absent,,0
sAMgrAmika,2989,absent,,0
ruh,2991,absent,,0
svaryAti,2991,absent,,0
yamaloka,3002,absent,,0
yiyAsu,3002,absent,,0
ji,3004,absent,,0
pad,3008,absent,,0
div,3013,absent,,0
vitaRqA,3022,absent,,0
saMlApa,3022,absent,,0
tan,3027,absent,,0
hA,3045,absent,,0
Sru,3064,absent,,0
nud,3069,absent,,0
vyaBIcAra,3070,absent,,0
viS,3073,absent,,0
Sam,3073,absent,,0
saMkawa,3086,absent,,0
marj,3089,absent,,0
rac,3096,absent,,0
pravAhin,3104,absent,,0
ruh,3105,absent,,0
guh,3110,absent,,0
Bedana,3120,absent,,0
saMnAda,3122,absent,,0
var,3123,absent,,0
har,3123,absent,,0
nad,3125,absent,,0
var,3131,absent,,0
pASavant,3136,absent,,0
vfzwimant,3153,absent,,0
paripakva,3159,absent,,0
nirvyUha,3166,absent,,0
vezw,3168,absent,,0
smi,3171,absent,,0
prAkAra,3184,absent,,0
vyAlamba,3192,absent,,0
yantra,3204,absent,,0
pratidarSana,3214,absent,,0
Siz,3231,absent,,0
prasTa,3236,absent,,0
han,3236,absent,,0
han,3236,absent,,0
Bojin,3239,absent,,0
hval,3240,absent,,0
yA,3261,absent,,0
viGAtaka,3268,absent,,0
martavya,3308,absent,,0
pI,3313,absent,,0
pat,3318,absent,,0
parigraha,3322,absent,,0
vizPuliNga,3327,absent,,0
Dvajayantra,3332,absent,,0
yantra,3332,absent,,0
BaYj,3333,absent,,0
nirantara,3343,absent,,0
sad,3344,absent,,0
pad,3361,absent,,0
luq,3367,absent,,0
pAzARa,3371,absent,,0
gErika,3373,absent,,0
vam,3376,absent,,0
vid,3378,absent,,0
dArva,3380,absent,,0
lAlasa,3383,absent,,0
Sat,3384,absent,,0
saMkrama,3386,absent,,0
star,3395,absent,,0
taq,3401,absent,,0
cUrRay,3404,absent,,0
nad,3406,absent,,0
banDana,3407,absent,,0
prI,3420,absent,,0
jIv,3422,absent,,0
ced,3423,absent,,0
ced,3423,absent,,0
visismApayizu,3448,absent,,0
gAnDAri,3457,absent,,0
jarjara,3468,absent,,0
vErocani,3484,absent,,0
purovAta,3494,absent,,0
saMhrAdin,3502,absent,,0
plu,3503,absent,,0
man,3514,absent,,0
dru,3515,absent,,0
yat,3534,absent,,0
dakziRatas,3539,absent,,0
vAmatas,3539,absent,,0
jan,3563,absent,,0
dvaMdvIBUta,3577,absent,,0
jambuka,3585,absent,,0
lup,3586,absent,,0
yudDaraNga,3590,absent,,0
miSray,3593,absent,,0
miSray,3594,absent,,0
saMnahana,3597,absent,,0
par,3603,absent,,0
muc,3604,absent,,0
muc,3605,absent,,0
sar,3608,absent,,0
jU,3618,absent,,0
saMnipAta,3625,absent,,0
sru,3631,absent,,0
ram,3633,absent,,0
ram,3633,absent,,0
mardana,3652,absent,,0
pad,3663,absent,,0
vij,3664,absent,,0
snAyu,3672,absent,,0
vERava,3673,absent,,0
smi,3700,absent,,0
glA,3701,absent,,0
viSalya,3703,absent,,0
pragAQa,3713,absent,,0
saMGarza,3713,absent,,0
nud,3727,absent,,0
garBagfha,3738,absent,,0
nud,3740,absent,,0
pA,3741,absent,,0
bAlakrIqanaka,3746,absent,,0
luq,3756,absent,,0
yA,3760,absent,,0
han,3779,absent,,0
Danvan,3781,absent,,0
BAsvant,3784,absent,,0
Bid,3787,absent,,0
saMskAra,3799,absent,,0
sAPalya,3810,absent,,0
praDarzaRa,3825,absent,,0
pratimitra,3830,absent,,0
samunnAda,3830,absent,,0
saMninAda,3838,absent,,0
BraMS,3845,absent,,0
nEzPalya,3846,absent,,0
BraMS,3846,absent,,0
ji,3860,absent,,0
ji,3860,absent,,0
surapati,3862,absent,,0
susaMgraha,3862,absent,,0
gup,3863,absent,,0
vyaNgIkar,3877,absent,,0
vEyAGra,3892,absent,,0
nadIja,3898,absent,,0
vad,3905,absent,,0
parirakzin,3907,absent,,0
virAga,3931,absent,,0
raNga,3932,absent,,0
vilAsaka,3932,absent,,0
paS,3944,absent,,0
rAj,3945,absent,,0
ruh,3945,absent,,0
dIp,3954,absent,,0
pratikzepa,3958,absent,,0
muc,3967,absent,,0
yA,3974,absent,,0
ruz,3983,absent,,0
ci,3984,absent,,0
par,3987,absent,,0
Sam,4000,absent,,0
saMGarza,4004,absent,,0
yam,4028,absent,,0
var,4051,absent,,0
yODizWiri,4061,absent,,0
rAvaRi,4065,absent,,0
jan,4066,absent,,0
sfj,4103,absent,,0
hEqambi,4123,absent,,0
barh,4124,absent,,0
piz,4125,absent,,0
piz,4125,absent,,0
sPar,4126,absent,,0
sPuw,4126,absent,,0
DU,4128,absent,,0
nad,4133,absent,,0
yamadaMzwrA,4152,absent,,0
vanOkas,4166,absent,,0
par,4170,absent,,0
rAj,4170,absent,,0
rAj,4172,absent,,0
DA,4180,absent,,0
pIq,4219,absent,,0
nud,4226,absent,,0
saMkarzaRa,4227,absent,,0
vIrataru,4228,absent,,0
vac,4230,absent,,0
vijYApya,4247,absent,,0
paS,4251,absent,,0
garD,4252,absent,,0
DA,4253,absent,,0
ced,4254,absent,,0
rOkmiReya,4260,absent,,0
yuj,4268,absent,,0
BI,4270,absent,,0
vyApad,4271,absent,,0
Darz,4286,absent,,0
sad,4286,absent,,0
sa,4289,absent,,0
Siz,4297,absent,,0
Siz,4297,absent,,0
durvAri,4333,absent,,0
yaTAvat,4337,absent,,0
raTakalpaka,4337,absent,,0
samAvAya,4339,absent,,0
lal,4340,absent,,0
jakz,4346,absent,,0
nI,4346,absent,,0
vac,4352,absent,,0
svaj,4352,absent,,0
GrA,4357,absent,,0
viS,4359,absent,,0
svaj,4368,absent,,0
ji,4376,absent,,0
Sar,4378,absent,,0
varzin,4382,absent,,0
nIqa,4384,absent,,0
dih,4386,absent,,0
yoktra,4389,absent,,0
paryanta,4416,absent,,0
Sar,4425,absent,,0
var,4435,absent,,0
ci,4440,absent,,0
plu,4444,absent,,0
pad,4445,absent,,0
sar,4449,absent,,0
Bftaka,4463,absent,,0
naKa,4527,absent,,0
piRqaka,4564,absent,,0
mastaka,4564,absent,,0
Sar,4564,absent,,0
Bid,4565,absent,,0
mlA,4568,absent,,0
sKal,4568,absent,,0
mukuwin,4571,absent,,0
rUz,4571,absent,,0
Bid,4583,absent,,0
Bid,4584,absent,,0
pratIkASa,4588,absent,,0
sPar,4589,absent,,0
vasuMDarADara,4591,absent,,0
sic,4593,absent,,0
sic,4594,absent,,0
siD,4607,absent,,0
plu,4626,absent,,0
jU,4631,absent,,0
BAnumant,4641,absent,,0
prekzin,4652,absent,,0
Siz,4655,absent,,0
pat,4656,absent,,0
pat,4656,absent,,0
sad,4671,absent,,0
vAtAy,4681,absent,,0
SarAsanin,4689,absent,,0
Bid,4694,absent,,0
viS,4694,absent,,0
saMniBa,4697,absent,,0
visismApayizu,4700,absent,,0
vismApayanIya,4701,absent,,0
tartavya,4706,absent,,0
hastaprApta,4707,absent,,0
vizamIkar,4710,absent,,0
DU,4711,absent,,0
talatrARa,4714,absent,,0
SramB,4714,absent,,0
tAmraliptaka,4716,absent,,0
barbara,4722,absent,,0
tap,4731,absent,,0
saMnikASa,4739,absent,,0
piRqay,4746,absent,,0
vibarha,4749,absent,,0
dIrGakUrca,4749,absent,,0
var,4767,absent,,0
saMgara,4801,absent,,0
mard,4806,absent,,0
Sak,4814,absent,,0
taNgaRa,4819,absent,,0
DA,4841,absent,,0
dIp,4842,absent,,0
taNgaRa,4847,absent,,0
pulinda,4847,absent,,0
piRqaka,4850,absent,,0
dru,4865,absent,,0
vAhaka,4867,absent,,0
muc,4880,absent,,0
viS,4881,absent,,0
Sam,4881,absent,,0
gAh,4883,absent,,0
vIraketu,4893,absent,,0
vIraketu,4899,absent,,0
har,4905,absent,,0
muh,4907,absent,,0
pat,4912,absent,,0
sad,4921,absent,,0
sad,4921,absent,,0
yamaka,4926,absent,,0
dru,4935,absent,,0
maSaka,4944,absent,,0
garta,4953,absent,,0
smi,4958,absent,,0
vah,4968,absent,,0
samudyoga,4976,absent,,0
hvA,4977,absent,,0
pfzWatas,4995,absent,,0
luq,4999,absent,,0
maRqalIkar,5004,absent,,0
pataMga,5055,absent,,0
mardana,5060,absent,,0
jArAsaMDi,5061,absent,,0
tap,5067,absent,,0
ninIzu,5071,absent,,0
prekzita,5076,absent,,0
ruh,5084,absent,,0
vyA,5087,absent,,0
paYcaka,5089,absent,,0
luq,5096,absent,,0
lokApavAda,5109,absent,,0
sA,5128,absent,,0
mlA,5130,absent,,0
cakora,5135,absent,,0
dA,5146,absent,,0
yat,5173,absent,,0
luq,5174,absent,,0
duHSala,5176,absent,,0
yat,5179,absent,,0
brahmabanDu,5191,absent,,0
plu,5196,absent,,0
cud,5202,absent,,0
tar,5219,absent,,0
vivArayizu,5219,absent,,0
has,5219,absent,,0
cyu,5220,absent,,0
vinASin,5223,absent,,0
GrA,5228,absent,,0
gA,5229,absent,,0
graB,5234,absent,,0
graB,5235,absent,,0
DA,5267,absent,,0
dah,5277,absent,,0
dru,5292,absent,,0
gErika,5300,absent,,0
prasyandin,5300,absent,,0
lul,5311,absent,,0
vad,5318,absent,,0
viprakAra,5369,absent,,0
smi,5375,absent,,0
marz,5381,absent,,0
sad,5399,absent,,0
SoBin,5401,absent,,0
var,5406,absent,,0
gUQapAda,5407,absent,,0
vEkalya,5412,absent,,0
sAyakamaya,5433,absent,,0
miSray,5440,absent,,0
samAja,5445,absent,,0
yat,5458,absent,,0
dIrGApekzin,5467,absent,,0
dIrGaprekzin,5467,absent,,0
vASitA,5483,absent,,0
har,5484,absent,,0
diS,5492,absent,,0
tUvaraka,5493,absent,,0
viSArada,5540,absent,,0
pad,5558,absent,,0
durjara,5561,absent,,0
varRay,5562,absent,,0
vid,5575,absent,,0
has,5582,absent,,0
cArucitra,5594,absent,,0
citrAkza,5594,absent,,0
sIv,5599,absent,,0
muc,5603,absent,,0
sfj,5604,absent,,0
vErocani,5608,absent,,0
pat,5621,absent,,0
vAja,5642,absent,,0
ruha,5643,absent,,0
nihantavya,5646,absent,,0
sar,5677,absent,,0
vezwaka,5688,absent,,0
yuj,5694,absent,,0
vikaca,5718,absent,,0
SakracApa,5732,absent,,0
ruh,5738,absent,,0
goDA,5743,absent,,0
cawacawA,5743,absent,,0
ram,5745,absent,,0
has,5755,absent,,0
viDanvan,5756,absent,,0
vicarman,5761,absent,,0
laya,5767,absent,,0
lI,5767,absent,,0
ruh,5768,absent,,0
su,5783,absent,,0
tUvaraka,5786,absent,,0
samudyoga,5792,absent,,0
lI,5794,absent,,0
duzkula,5799,absent,,0
siD,5805,absent,,0
yA,5806,absent,,0
har,5810,absent,,0
viS,5812,absent,,0
han,5816,absent,,0
luq,5823,absent,,0
var,5839,absent,,0
har,5851,absent,,0
sad,5852,absent,,0
ji,5855,absent,,0
rAvaRi,5888,absent,,0
yA,5908,absent,,0
yoktra,5922,absent,,0
pASana,5923,absent,,0
lAsana,5923,absent,,0
vibanDa,5923,absent,,0
saMdAna,5923,absent,,0
saMDAna,5923,absent,,0
raTANga,5940,absent,,0
jar,5967,absent,,0
jar,5967,absent,,0
saMbanDin,5970,absent,,0
yiyAsu,5985,absent,,0
pakzavAda,6009,absent,,0
kaYcuka,6012,absent,,0
vyavasAyavant,6020,absent,,0
sma,6021,absent,,0
dinArDa,6036,absent,,0
dinArDa,6036,absent,,0
vijetar,6046,absent,,0
hiMsaka,6049,absent,,0
sic,6050,absent,,0
har,6051,absent,,0
yA,6065,absent,,0
Sri,6085,absent,,0
Sri,6085,absent,,0
raTAkza,6090,absent,,0
dah,6092,absent,,0
Boga,6100,absent,,0
Bogin,6100,absent,,0
tarj,6131,absent,,0
vAtika,6132,absent,,0
nad,6143,absent,,0
piNgala,6148,absent,,0
pat,6149,absent,,0
sPowa,6153,absent,,0
sma,6157,absent,,0
mantray,6158,absent,,0
mantray,6161,absent,,0
plu,6164,absent,,0
vyaNguli,6176,absent,,0
viDura,6177,absent,,0
roDas,6186,absent,,0
paS,6194,absent,,0
var,6195,absent,,0
paS,6199,absent,,0
gup,6218,absent,,0
nam,6222,absent,,0
han,6236,absent,,0
BIzaRaka,6239,absent,,0
mahABIzaRaka,6239,absent,,0
nABi,6241,absent,,0
SIGrAstra,6249,absent,,0
sma,6249,absent,,0
praKya,6253,absent,,0
mantray,6253,absent,,0
yA,6257,absent,,0
samantapaYcaka,6267,absent,,0
praBaYjana,6268,absent,,0
lih,6272,absent,,0
kadambakIkar,6276,absent,,0
pat,6287,absent,,0
tamoGna,6296,absent,,0
sad,6305,absent,,0
yA,6307,absent,,0
nI,6310,absent,,0
sad,6315,absent,,0
sad,6317,absent,,0
sad,6320,absent,,0
har,6323,absent,,0
durAcarita,6336,absent,,0
manogata,6337,absent,,0
nI,6343,absent,,0
saMnivartana,6351,absent,,0
Kac,6379,absent,,0
pad,6380,absent,,0
yantra,6383,absent,,0
pramuKatas,6387,absent,,0
odarika,6390,absent,,0
vikala,6397,absent,,0
vac,6398,absent,,0
durvacas,6399,absent,,0
Sru,6403,absent,,0
tu,6406,absent,,0
yA,6406,absent,,0
pad,6411,absent,,0
varDanIya,6421,absent,,0
vah,6421,absent,,0
yazwi,6432,absent,,0
guh,6436,absent,,0
darImuKa,6437,absent,,0
darImuKa,6437,absent,,0
parisrava,6437,absent,,0
vanDura,6440,absent,,0
modana,6443,absent,,0
prakarzaRa,6446,absent,,0
prakarzaRa,6446,absent,,0
cyu,6449,absent,,0
sIv,6449,absent,,0
tar,6452,absent,,0
pad,6456,absent,,0
vikarRin,6488,absent,,0
tar,6490,absent,,0
yantray,6490,absent,,0
samudyama,6501,absent,,0
luB,6506,absent,,0
SI,6509,absent,,0
sad,6524,absent,,0
jYA,6536,absent,,0
man,6537,absent,,0
Sri,6549,absent,,0
tap,6555,absent,,0
saMtarpya,6566,absent,,0
muz,6569,absent,,0
vyavasAyavant,6595,absent,,0
luq,6624,absent,,0
vip,6645,absent,,0
kavala,6658,absent,,0
rAS,6658,absent,,0
cawacawA,6665,absent,,0
vallakI,6665,absent,,0
cItkAra,6666,absent,,0
hez,6666,absent,,0
ru,6670,absent,,0
purovAta,6674,absent,,0
stanita,6675,absent,,0
plu,6676,absent,,0
luq,6690,absent,,0
luq,6692,absent,,0
puT,6708,absent,,0
jayarAta,6710,absent,,0
tElapAyin,6713,absent,,0
lul,6725,absent,,0
han,6726,absent,,0
pAMsana,6736,absent,,0
vfttasTa,6741,absent,,0
BaYj,6774,absent,,0
pad,6782,absent,,0
nalva,6786,absent,,0
nam,6792,absent,,0
nam,6792,absent,,0
nimnita,6792,absent,,0
galadvAra,6793,absent,,0
praBaYjana,6809,absent,,0
nad,6814,absent,,0
bAD,6822,absent,,0
hEqambi,6822,absent,,0
BI,6825,absent,,0
raTAkza,6829,absent,,0
viBAvan,6832,absent,,0
saMkawa,6833,absent,,0
prasravaRa,6834,absent,,0
puraMjaya,6851,absent,,0
hemapuYjaka,6851,absent,,0
jayaDarman,6852,absent,,0
parakrATin,6852,absent,,0
nErfta,6864,absent,,0
dAraka,6871,absent,,0
mantray,6875,absent,,0
plu,6887,absent,,0
Sat,6898,absent,,0
viSfNga,6900,absent,,0
maRqUka,6902,absent,,0
pAzARa,6904,absent,,0
vapra,6904,absent,,0
varj,6905,absent,,0
SatruMjaya,6910,absent,,0
pfzaDru,6912,absent,,0
plu,6927,absent,,0
nipAtin,6928,absent,,0
prAtipIya,6934,absent,,0
nAgadatta,6938,absent,,0
virajas,6938,absent,,0
vIragavAkza,6944,absent,,0
vasAtika,6949,absent,,0
yODeya,6950,absent,,0
dA,6976,absent,,0
ruz,6993,absent,,0
ruz,6993,absent,,0
han,6993,absent,,0
pUjaka,7005,absent,,0
jayapriya,7011,absent,,0
vIraBadra,7011,absent,,0
taTya,7044,absent,,0
rAj,7063,absent,,0
Sallaka,7107,absent,,0
BasmIkar,7122,absent,,0
yA,7159,absent,,0
tarj,7176,absent,,0
vAtika,7188,absent,,0
visarpin,7211,absent,,0
dIp,7237,absent,,0
ci,7242,absent,,0
lih,7262,absent,,0
varj,7272,absent,,0
luq,7287,absent,,0
digdEvata,7293,absent,,0
pat,7293,absent,,0
pat,7295,absent,,0
pradIpaka,7295,absent,,0
vidIpaka,7295,absent,,0
dIp,7296,absent,,0
sev,7297,absent,,0
pratipraBA,7299,absent,,0
dIp,7306,absent,,0
miSray,7309,absent,,0
sic,7319,absent,,0
dIp,7322,absent,,0
pratikANkzin,7350,absent,,0
pratikANkzin,7350,absent,,0
samAvAya,7351,absent,,0
saMkawa,7370,absent,,0
pravaRa,7397,absent,,0
siD,7397,absent,,0
siD,7397,absent,,0
siD,7397,absent,,0
muc,7401,absent,,0
Salalita,7418,absent,,0
mantray,7421,absent,,0
sImanta,7451,absent,,0
tu,7473,absent,,0
sunizWura,7477,absent,,0
pat,7488,absent,,0
sPar,7493,absent,,0
sad,7510,absent,,0
cyu,7515,absent,,0
nirmoka,7516,absent,,0
Salala,7527,absent,,0
padAtIya,7598,absent,,0
sva,7608,absent,,0
svakIya,7608,absent,,0
drumasena,7631,absent,,0
vileKana,7634,absent,,0
mard,7657,absent,,0
Cattra,7687,absent,,0
man,7740,absent,,0
bAD,7761,absent,,0
sADuvAdin,7786,absent,,0
pratyudyAtar,7810,absent,,0
nizedDar,7826,absent,,0
yA,7844,absent,,0
sfj,7875,absent,,0
graB,7880,absent,,0
nam,7894,absent,,0
nam,7894,absent,,0
nimnita,7894,absent,,0
SaNkukarRa,7894,absent,,0
harit,7894,absent,,0
BrU,7895,absent,,0
varzman,7896,absent,,0
nABi,7897,absent,,0
piRqaka,7897,absent,,0
vikawa,7897,absent,,0
sPij,7897,absent,,0
bahurUpaka,7899,absent,,0
nalva,7901,absent,,0
gErika,7919,absent,,0
prasrava,7919,absent,,0
BUtAntaka,7926,absent,,0
Salalita,7944,absent,,0
prasravaRa,7962,absent,,0
saMkawa,7962,absent,,0
vah,7963,absent,,0
vispandana,7993,absent,,0
BI,7995,absent,,0
prakza,7997,absent,,0
praKya,7997,absent,,0
carmin,8025,absent,,0
pratidarSana,8029,absent,,0
barh,8036,absent,,0
pratyamitra,8039,absent,,0
cawacawA,8092,absent,,0
goSIrza,8097,absent,,0
jagatIruha,8098,absent,,0
pIlu,8098,absent,,0
sru,8104,absent,,0
visUta,8125,absent,,0
nad,8127,absent,,0
prasaMGa,8128,absent,,0
pravarza,8128,absent,,0
dIp,8138,absent,,0
nah,8141,absent,,0
lI,8146,absent,,0
BaYj,8152,absent,,0
BaYj,8152,absent,,0
nirdaSana,8160,absent,,0
yam,8180,absent,,0
vyA,8181,absent,,0
sPuw,8181,absent,,0
aMsay,8190,absent,,0
nI,8192,absent,,0
jramB,8198,absent,,0
yam,8210,absent,,0
tadDita,8211,absent,,0
tadDita,8211,absent,,0
jarAsaMDa,8214,absent,,0
Sri,8215,absent,,0
Darz,8220,absent,,0
rOhiReya,8220,absent,,0
sImanta,8221,absent,,0
rOhiRinandana,8222,absent,,0
dar,8223,absent,,0
saMsTApana,8241,absent,,0
viroDin,8263,absent,,0
vah,8279,absent,,0
niragni,8284,absent,,0
bAD,8292,absent,,0
hi,8292,absent,,0
nI,8294,absent,,0
vimoktavya,8298,absent,,0
gAh,8313,absent,,0
han,8346,absent,,0
par,8378,absent,,0
svapnAy,8381,absent,,0
nad,8386,absent,,0
mIl,8388,absent,,0
boDa,8405,absent,,0
daSaSatAkza,8409,absent,,0
piYjara,8409,absent,,0
vidAraRa,8409,absent,,0
sar,8413,absent,,0
marz,8421,absent,,0
muc,8431,absent,,0
pratyudGAta,8433,absent,,0
vittapati,8444,absent,,0
tAmrIkar,8458,absent,,0
muz,8458,absent,,0
i,8458,absent,,0
sar,8479,absent,,0
piz,8484,absent,,0
vEqUrya,8498,absent,,0
Sap,8509,absent,,0
Sap,8509,absent,,0
samutpiYja,8514,absent,,0
nejana,8530,absent,,0
nij,8531,absent,,0
susaMpUrRa,8533,absent,,0
Penila,8534,absent,,0
vij,8541,absent,,0
pArijAta,8551,absent,,0
ruc,8551,absent,,0
SarIrAvaraRa,8562,absent,,0
pravegita,8590,absent,,0
vij,8590,absent,,0
saMDAna,8598,absent,,0
pradarSin,8600,absent,,0
su,8603,absent,,0
Sam,8624,absent,,0
pat,8627,absent,,0
vastika,8638,absent,,0
sUcIkapiSa,8639,absent,,0
has,8648,absent,,0
DA,8651,absent,,0
jar,8652,absent,,0
yA,8670,absent,,0
han,8677,absent,,0
nud,8691,absent,,0
sEkata,8711,absent,,0
tar,8721,absent,,0
pfSni,8728,absent,,0
nizpARqava,8739,absent,,0
jyAyaMs,8741,absent,,0
nam,8750,absent,,0
pat,8768,absent,,0
miSray,8773,absent,,0
han,8786,absent,,0
muc,8787,absent,,0
vegin,8798,absent,,0
vimanaska,8829,absent,,0
sPur,8829,absent,,0
vivArayizu,8838,absent,,0
trap,8848,absent,,0
vikarman,8848,absent,,0
nam,8859,absent,,0
durAkrama,8861,absent,,0
tud,8869,absent,,0
yA,8881,absent,,0
vid,8885,absent,,0
vid,8885,absent,,0
glA,8898,absent,,0
har,8903,absent,,0
Durya,8916,absent,,0
ruh,8917,absent,,0
pratisrotas,8918,absent,,0
saMkawa,8920,absent,,0
rukmavAhana,8943,absent,,0
gam,8969,absent,,0
pIq,8974,absent,,0
jihIrzu,8980,absent,,0
viDarmika,8989,absent,,0
vihaga,9021,absent,,0
qiRqima,9025,absent,,0
stanayitnumant,9029,absent,,0
pratisrotas,9030,absent,,0
ruh,9041,absent,,0
sIv,9043,absent,,0
barh,9048,absent,,0
nad,9055,absent,,0
car,9062,absent,,0
vArzika,9088,absent,,0
marz,9092,absent,,0
sopAna,9122,absent,,0
drohin,9125,absent,,0
nizeva,9126,absent,,0
vikutsA,9135,absent,,0
sA,9140,absent,,0
sA,9140,absent,,0
pAMsana,9141,absent,,0
pASana,9141,absent,,0
dru,9159,absent,,0
joza,9162,absent,,0
spand,9176,absent,,0
Sam,9185,absent,,0
sad,9186,absent,,0
DA,9209,absent,,0
brU,9226,absent,,0
vigraha,9240,absent,,0
pratidvaMdva,9243,absent,,0
nizpratidvaMdva,9265,absent,,0
vyuparama,9280,absent,,0
brU,9283,absent,,0
brU,9283,absent,,0
parisrava,9325,absent,,0
mard,9328,absent,,0
dAman,9342,absent,,0
han,9345,absent,,0
mIl,9355,absent,,0
par,9357,absent,,0
pravarzin,9361,absent,,0
Bid,9379,absent,,0
pradveza,9394,absent,,0
sad,9396,absent,,0
SlIla,9403,absent,,0
mantray,9407,absent,,0
plu,9408,absent,,0
arcis,9408,absent,,0
gam,9410,absent,,0
ras,9419,absent,,0
Sam,9427,absent,,0
DA,9455,absent,,0
paraSvaDin,9455,absent,,0
yajYopavIta,9456,absent,,0
saMniDAna,9456,absent,,0
mA,9457,absent,,0
tap,9458,absent,,0
nipAtin,9462,absent,,0
sAyujya,9468,absent,,0
riz,9469,absent,,0
dA,9499,absent,,0
dA,9499,absent,,0
jagaddIpa,9506,absent,,0
jit,9518,absent,,0
mIQvaMs,9524,absent,,0
muYja,9527,absent,,0
nivAsin,9532,absent,,0
Danvan,9536,absent,,0
atikopa,9554,absent,,0
nI,9557,absent,,0
nI,9557,absent,,0
toyamaya,9608,absent,,0
vac,9611,absent,,0
mah,9616,absent,,0
DUrjawi,9621,absent,,0
vyomakeSa,9626,absent,,0
BAsvant,9633,absent,,0
sAMgrAmika,9642,absent,,0
parASara,9645,absent,,0
sar,14246,absent,,0
