headword,n_matched,mw_senses,pwg_senses,concordance
DAman,7,9,10,1.0
SItala,7,13,12,1.0
Ardra,6,7,8,1.0
Asura,6,9,10,1.0
Avarta,6,8,10,1.0
Bava,6,11,7,1.0
Ka,6,14,17,1.0
Kawa,6,6,7,1.0
SAsana,6,11,7,1.0
BAj,5,7,8,1.0
Bara,5,9,6,1.0
Danus,5,8,8,1.0
Dvaja,5,10,9,1.0
Karu,5,6,9,1.0
Sambara,5,11,10,1.0
Sara,5,7,6,1.0
Saya,5,7,7,1.0
aditi,5,7,11,1.0
arka,5,10,15,1.0
ADi,4,9,9,1.0
Aloka,4,5,5,1.0
Alu,4,6,5,1.0
Aroha,4,8,12,1.0
Asana,4,8,12,1.0
AvasaTya,4,4,4,1.0
Avft,4,15,4,1.0
Ayatti,4,6,9,1.0
BARqa,4,8,8,1.0
BAkta,4,4,5,1.0
BAzya,4,4,4,1.0
BUtAtman,4,5,5,1.0
Badraka,4,8,8,1.0
Bakta,4,11,8,1.0
Bedin,4,12,7,1.0
Bitti,4,9,5,1.0
BujaMga,4,8,7,1.0
Bukta,4,5,5,1.0
Buvana,4,6,5,1.0
Canda,4,5,4,1.0
Cattra,4,6,6,1.0
DArAwa,4,4,4,1.0
DAra,4,5,7,1.0
GAta,4,6,7,1.0
ISAna,4,4,4,1.0
OzaDa,4,4,5,1.0
Palgu,4,7,4,1.0
SAkala,4,11,6,1.0
SAlAra,4,4,4,1.0
SIta,4,9,6,1.0
SabdArTa,4,4,4,1.0
SiKin,4,11,15,1.0
SoBana,4,11,8,1.0
Sruta,4,7,5,1.0
Sukti,4,9,8,1.0
aBijAta,4,7,9,1.0
aBitas,4,5,8,1.0
aByantara,4,6,8,1.0
aYjana,4,8,10,1.0
acala,4,5,6,1.0
aga,4,4,7,1.0
av,4,8,17,1.0
avama,4,4,6,1.0
Suci,12,21,16,0.985
Druva,10,17,18,0.978
Sruti,9,12,13,0.944
DaraRa,6,9,16,0.933
anubanDa,6,12,17,0.933
avagraha,7,11,11,0.905
BAga,5,12,8,0.9
Cedana,5,6,6,0.9
SaNKa,5,17,8,0.9
SeKara,5,7,8,0.9
SfNgAra,5,11,8,0.9
SyAma,5,12,8,0.9
antarA,5,5,10,0.9
apara,5,9,14,0.9
Agama,8,12,18,0.893
Sukra,10,18,13,0.889
KaRqa,9,14,12,0.889
Cad,11,15,43,0.873
Svasana,6,11,6,0.867
Gana,8,20,25,0.857
SuBa,8,15,19,0.857
SaNku,7,13,15,0.857
SfNga,11,17,18,0.836
Ajya,4,5,6,0.833
Akula,4,5,4,0.833
Arya,4,11,11,0.833
Ayasa,4,5,5,0.833
Ayati,4,9,5,0.833
Ayu,4,15,4,0.833
Bujizya,4,6,6,0.833
Dana,4,5,7,0.833
DaruRa,4,6,11,0.833
Kid,4,4,13,0.833
SAlu,4,4,5,0.833
SfNgAwa,4,8,4,0.833
SrAvaRa,4,7,5,0.833
SuBra,4,9,7,0.833
amBas,4,6,4,0.833
avara,4,5,9,0.833
arizwa,7,14,16,0.81
Ceda,6,10,10,0.8
DIra,6,9,10,0.8
SArada,6,9,11,0.8
SrI,6,13,11,0.8
Svas,6,9,56,0.8
Ahnika,5,9,6,0.8
Ama,5,11,7,0.8
Badra,5,18,14,0.8
Bedana,5,12,10,0.8
Boga,5,16,6,0.8
DAtu,5,7,9,0.8
Dfti,5,10,6,0.8
SoDana,5,14,9,0.8
arDacandra,5,7,7,0.8
SUnya,8,16,13,0.786
SiKA,8,15,15,0.786
antara,11,16,28,0.782
SudDa,9,18,10,0.778
SuB,7,11,19,0.762
aruRa,7,14,20,0.762
Sukla,14,15,19,0.758
Bavya,8,16,14,0.75
DArA,10,17,19,0.733
AsTA,6,17,9,0.733
Beda,6,19,11,0.733
Sabda,6,9,6,0.733
Sikz,6,7,21,0.733
adri,6,6,9,0.733
Suc,13,16,33,0.718
ASaya,7,10,10,0.714
SiKara,7,8,9,0.714
agra,7,11,13,0.714
amfta,7,21,29,0.714
arTa,12,14,20,0.712
Sveta,10,19,15,0.711
AvApa,5,11,16,0.7
DI,5,8,20,0.7
Goza,5,19,8,0.7
ISvara,5,5,9,0.7
KaRqana,5,7,7,0.7
Kara,5,13,9,0.7
Sliz,5,7,42,0.7
aDi,5,6,18,0.7
anvaya,5,7,7,0.7
Baj,10,14,35,0.689
Cid,10,12,59,0.689
BaNga,9,20,16,0.667
BAz,7,10,36,0.667
BOma,7,10,12,0.667
DAv,7,8,57,0.667
ASraya,6,17,10,0.667
asita,6,11,9,0.667
Aditya,4,8,10,0.667
Anulomya,4,6,4,0.667
ArohaRa,4,6,5,0.667
Darma,4,17,12,0.667
SAla,4,6,5,0.667
SEla,4,5,6,0.667
SarIra,4,5,5,0.667
SiKarin,4,10,12,0.667
Sizwa,4,9,8,0.667
SradDA,4,15,4,0.667
SrezWa,4,6,9,0.667
a,4,14,8,0.667
aSvayuj,4,5,4,0.667
anujAta,4,4,4,0.667
BU,31,37,150,0.658
As,13,19,82,0.654
Buj,17,22,50,0.647
Siva,10,28,21,0.644
Gawa,8,10,19,0.643
SAs,7,14,35,0.619
api,14,20,16,0.615
DA,14,17,292,0.604
BAva,11,26,18,0.6
akza,11,19,25,0.6
BUmi,6,13,7,0.6
DAraRa,6,7,19,0.6
BaYj,5,10,16,0.6
DizRya,5,11,8,0.6
Dur,5,8,7,0.6
Ir,5,6,32,0.6
SravaRa,5,10,10,0.6
anyatas,5,5,7,0.6
anyatra,5,7,9,0.6
asura,5,8,13,0.6
ati,5,7,7,0.6
Bram,10,16,36,0.578
ah,7,9,23,0.571
arjuna,7,13,14,0.571
SI,9,10,31,0.556
Sam,9,11,28,0.556
Bid,18,27,62,0.549
AdAna,6,9,8,0.533
SuD,9,14,42,0.528
A,7,20,15,0.524
Atman,7,8,17,0.524
DU,7,10,45,0.524
Gaw,7,14,30,0.524
aS,7,10,39,0.524
anta,10,14,23,0.511
aNka,8,15,19,0.5
Adya,4,5,5,0.5
BaNgi,4,8,8,0.5
Bakti,4,11,8,0.5
Davala,4,7,9,0.5
GrA,4,5,27,0.5
SUla,4,6,9,0.5
SiSira,4,7,4,0.5
SlAG,4,6,7,0.5
Suz,4,7,16,0.5
apas,4,6,4,0.5
avaroDana,4,5,5,0.5
BAvana,7,12,17,0.476
Baga,7,9,9,0.476
Bojana,6,8,6,0.467
BA,7,11,33,0.429
BUta,7,15,15,0.429
Sri,9,10,151,0.417
Ap,10,11,97,0.4
Sap,6,9,19,0.4
aNga,6,17,15,0.4
Ikz,5,6,120,0.4
Pal,5,10,8,0.4
Dam,8,10,28,0.393
Pala,8,17,17,0.393
as,9,11,129,0.389
Sru,11,15,60,0.364
BraMS,9,13,28,0.333
SaMs,7,12,35,0.333
SAnta,6,13,8,0.333
BrAmara,4,5,6,0.333
SAnti,4,9,5,0.333
Sak,4,8,17,0.333
agni,4,8,10,0.333
arDa,4,8,9,0.333
Odumbara,5,6,11,0.3
BAs,6,8,17,0.267
Denu,5,5,6,0.2
SaNk,5,5,26,0.2
BaraRa,4,5,8,0.167
Sama,4,10,5,0.167
Svitra,4,4,4,0.167
antya,4,7,6,0.167
anuttara,4,8,8,0.167
DvaMs,6,9,31,0.067
Suzka,4,6,4,0.0
aDizWAna,4,10,9,0.0
