title	norm	dcs_siglum	tok_2021	tok_2026	in_2021	in_2026	title_2021
Mahābhārata	mahabharata	MBh	1145830	1147887	1	1	Mahābhārata
Rāmāyaṇa	ramayana	Rām	261058	261568	1	1	Rāmāyaṇa
Ṛgveda	rgveda		170845	169972	1	1	Ṛgveda
Suśrutasaṃhitā	susrutasamhita	Su	146441	146721	1	1	Suśrutasaṃhitā
Śatapathabrāhmaṇa	satapathabrahmana	ŚpBr	3718	144139	1	1	Śatapathabrāhmaṇa
Liṅgapurāṇa	lingapurana	LiPu	127403	127599	1	1	Liṅgapurāṇa
Matsyapurāṇa	matsyapurana	MaPu	122615	122842	1	1	Matsyapurāṇa
Skandapurāṇa (Revākhaṇḍa)	skandapuranarevakhanda	SkPuR	114012	113333	1	1	Skandapurāṇa Revākhaṇḍa)
Kathāsaritsāgara	kathasaritsagara		66531	111298	1	1	Kathāsaritsāgara
Aṣṭāṅgahṛdayasaṃhitā	astangahrdayasamhita	AHS	107441	107515	1	1	Aṣṭāṅgahṛdayasaṃhitā
Carakasaṃhitā	carakasamhita	Ca	94636	94852	1	1	Carakasaṃhitā
Viṣṇupurāṇa	visnupurana	ViPu	87516	87622	1	1	Viṣṇupurāṇa
Harivaṃśa	harivamsa		0	85975	0	1	
Bhāratamañjarī	bharatamanjari		85562	85655	1	1	Bhāratamañjarī
Ānandakanda	anandakanda	ĀK	83767	83818	1	1	Ānandakanda
Kūrmapurāṇa	kurmapurana	KūPu	81766	81928	1	1	Kūrmapurāṇa
Bhāgavatapurāṇa	bhagavatapurana	BhāgP	77591	77801	1	1	Bhāgavatapurāṇa
Garuḍapurāṇa	garudapurana	GarPu	75643	75739	1	1	Garuḍapurāṇa
Atharvaveda (Śaunaka)	atharvavedasaunaka		52925	71249	1	1	Atharvaveda Śaunaka)
Divyāvadāna	divyavadana		67394	67449	1	1	Divyāvadāna
Maitrāyaṇīsaṃhitā	maitrayanisamhita		5664	65375	1	1	Maitrāyaṇīsaṃhitā
Bṛhatkathāślokasaṃgraha	brhatkathaslokasamgraha	Bṛhat	62090	62202	1	1	Bṛhatkathāślokasaṃgraha
Aitareyabrāhmaṇa	aitareyabrahmana		45706	55243	1	1	Aitareyabrāhmaṇa
Jaiminīyabrāhmaṇa	jaiminiyabrahmana		2531	53735	1	1	Jaiminīyabrāhmaṇa
Rasaratnākara	rasaratnakara	RRĀ	52756	52761	1	1	Rasaratnākara
Rājanighaṇṭu	rajanighantu	RājNi	49954	49969	1	1	Rājanighaṇṭu
Taittirīyasaṃhitā	taittiriyasamhita		1941	47989	1	1	Taittirīyasaṃhitā
Aṣṭasāhasrikā	astasahasrika		43156	43457	1	1	Aṣṭasāhasrikā
Tantrāloka	tantraloka	TĀ	41254	41311	1	1	Tantrāloka
Baudhāyanaśrautasūtra	baudhayanasrautasutra		938	39205	1	1	Baudhāyanaśrautasūtra
Āyurvedadīpikā	ayurvedadipika	ĀyDī	38721	38924	1	1	Āyurvedadīpikā
Kāṭhakasaṃhitā	kathakasamhita		0	38894	0	1	
Manusmṛti	manusmrti	MaS	37609	37660	1	1	Manusmṛti
Daśakumāracarita	dasakumaracarita	DKCar	35076	35188	1	1	Daśakumāracarita
Āpastambaśrautasūtra	apastambasrautasutra		861	33857	1	1	Āpastambaśrautasūtra
Harṣacarita	harsacarita		41	33503	1	1	Harṣacarita
Rasārṇava	rasarnava	RArṇ	31928	31936	1	1	Rasārṇava
Saddharmapuṇḍarīkasūtra	saddharmapundarikasutra		0	31908	0	1	
Atharvaveda (Paippalāda)	atharvavedapaippalada		0	31212	0	1	
Gopathabrāhmaṇa	gopathabrahmana	GopBr	7468	30459	1	1	Gopathabrāhmaṇa NEW
Mugdhāvabodhinī	mugdhavabodhini	Mugh	30124	30166	1	1	Mugdhāvabodhinī
Pañcaviṃśabrāhmaṇa	pancavimsabrahmana		28696	29329	1	1	Pañcaviṃśabrāhmaṇa
Haribhaktivilāsa	haribhaktivilasa	HBh	28837	28884	1	1	Haribhaktivilāsa
Rasaratnasamuccaya	rasaratnasamuccaya	RRS	28084	28096	1	1	Rasaratnasamuccaya
Vaikhānasaśrautasūtra	vaikhanasasrautasutra		0	26794	0	1	
Lalitavistara	lalitavistara		25216	25309	1	1	Lalitavistara
Vārāhaśrautasūtra	varahasrautasutra		0	25108	0	1	
Hitopadeśa	hitopadesa	H	24958	25040	1	1	Hitopadeśa
Pañcārthabhāṣya	pancarthabhasya	PABh	23170	23412	1	1	Pañcārthabhāṣya
Kauśikasūtra	kausikasutra	Kauś	5213	22833	1	1	Kauśikasūtra
Mṛgendraṭīkā	mrgendratika	MṛgṬī	22078	22416	1	1	Mṛgendraṭīkā
Jaiminīya-Upaniṣad-Brāhmaṇa	jaiminiyaupanisadbrahmana		0	22367	0	1	
Bhāradvājaśrautasūtra	bharadvajasrautasutra		0	22148	0	1	
Śāṅkhāyanaśrautasūtra	sankhayanasrautasutra		0	20886	0	1	
Arthaśāstra	arthasastra	ArthŚ	19415	20415	1	1	Arthaśāstra
Avadānaśataka	avadanasataka		19812	19890	1	1	Avadānaśataka
Viṣṇusmṛti	visnusmrti	ViSmṛ	19168	19296	1	1	Viṣṇusmṛti
Buddhacarita	buddhacarita	BCar	19017	19065	1	1	Buddhacarita
Bṛhadāraṇyakopaniṣad	brhadaranyakopanisad		18821	19014	1	1	Bṛhadāraṇyakopaniṣad
Saundarānanda	saundarananda		18982	19008	1	1	Saundarānanda
Kāmasūtra	kamasutra	KāSū	18839	18909	1	1	Kāmasūtra
Kirātārjunīya	kiratarjuniya	Kir	18408	18439	1	1	Kirātārjunīya
Rasendracūḍāmaṇi	rasendracudamani	RCūM	17903	17920	1	1	Rasendracūḍāmaṇi
Skandapurāṇa	skandapurana	SkPu	16431	16479	1	1	Skandapurāṇa
Mīmāṃsāsūtrabhāṣya	mimamsasutrabhasya		0	16044	0	1	
Chāndogyopaniṣad	chandogyopanisad	ChāUp	15570	15905	1	1	Chāndogyopaniṣad
Vājasaneyisaṃhitā (Mādhyandina)	vajasaneyisamhitamadhyandina		0	15687	0	1	
Rasaprakāśasudhākara	rasaprakasasudhakara	RPSu	15604	15610	1	1	Rasaprakāśasudhākara
Aṣṭādhyāyī	astadhyayi	Aṣṭ	15460	15455	1	1	Aṣṭādhyāyī
Kauṣītakibrāhmaṇa	kausitakibrahmana		0	15331	0	1	
Taittirīyabrāhmaṇa	taittiriyabrahmana		0	15064	0	1	
Baudhāyanagṛhyasūtra	baudhayanagrhyasutra		2648	14999	1	1	Baudhāyanagṛhyasūtra
Śārṅgadharasaṃhitādīpikā	sarngadharasamhitadipika	ŚdhSDī	14761	14766	1	1	Śārṅgadharasaṃhitādīpikā
Baudhāyanadharmasūtra	baudhayanadharmasutra	BauSū	1680	14751	1	1	Baudhāyanadharmasūtra
Gokarṇapurāṇasāraḥ	gokarnapuranasarah	GokP	14681	14697	1	1	Gokarṇapurāṇasāraḥ
Kātyāyanasmṛti	katyayanasmrti	KātSm	14266	14317	1	1	Kātyāyanasmṛti
Yājñavalkyasmṛti	yajnavalkyasmrti	YāSmṛ	14205	14280	1	1	Yājñavalkyasmṛti
Tantrasāra	tantrasara	TantS	14139	14215	1	1	Tantrasāra
Bodhicaryāvatāra	bodhicaryavatara	BoCA	13720	13770	1	1	Bodhicaryāvatāra
Laṅkāvatārasūtra	lankavatarasutra	LAS	13228	13599	1	1	Laṅkāvatārasūtra
Nāradasmṛti	naradasmrti	NāS	13275	13336	1	1	Nāradasmṛti
Rasendracintāmaṇi	rasendracintamani	RCint	13305	13310	1	1	Rasendracintāmaṇi
Bhāvaprakāśa	bhavaprakasa	BhPr	13054	13064	1	1	Bhāvaprakāśa
Śāṅkhāyanāraṇyaka	sankhayanaranyaka		12700	12747	1	1	Śāṅkhāyanāraṇyaka
Rasamañjarī	rasamanjari	RMañj	12578	12579	1	1	Rasamañjarī
Kātyāyanaśrautasūtra	katyayanasrautasutra		106	12528	1	1	Kātyāyanaśrautasūtra
Rasaratnasamuccayaṭīkā	rasaratnasamuccayatika	RRSṬī	12166	12180	1	1	Rasaratnasamuccayaṭīkā
Amarakośa	amarakosa	AmK	11967	11968	1	1	Amarakośa
Āryāsaptaśatī	aryasaptasati		11797	11811	1	1	Āryāsaptaśatī
Bhāradvājagṛhyasūtra	bharadvajagrhyasutra		504	11643	1	1	Bhāradvājagṛhyasūtra
Uḍḍāmareśvaratantra	uddamaresvaratantra	UḍḍT	10910	10923	1	1	Uḍḍāmareśvaratantra
Drāhyāyaṇaśrautasūtra	drahyayanasrautasutra		0	10724	0	1	
Spandakārikānirṇaya	spandakarikanirnaya	SpKāNi	10213	10650	1	1	Spandakārikānirṇaya
Hiraṇyakeśigṛhyasūtra	hiranyakesigrhyasutra		1154	10383	1	1	Hiraṇyakeśigṛhyasūtra
Aitareya-Āraṇyaka	aitareyaaranyaka		0	10283	0	1	
Kumārasaṃbhava	kumarasambhava	KumS	10237	10261	1	1	Kumārasaṃbhava
Sātvatatantra	satvatatantra	SātT	10044	10061	1	1	Sātvatatantra
Yogasūtrabhāṣya	yogasutrabhasya	YSBh	9976	10012	1	1	Yogasūtrabhāṣya
Vasiṣṭhadharmasūtra	vasisthadharmasutra		0	10009	0	1	
Sāṃkhyakārikābhāṣya	samkhyakarikabhasya	SKBh	9955	9994	1	1	Sāṃkhyakārikābhāṣya
Śukasaptati	sukasaptati		9668	9678	1	1	Śukasaptati
Vaitānasūtra	vaitanasutra		0	9422	0	1	
Āpastambadharmasūtra	apastambadharmasutra		0	9297	0	1	
Sarvāṅgasundarā	sarvangasundara	SaAHS	9063	9102	1	1	Sarvāṅgasundarā
Śatakatraya	satakatraya		8688	8702	1	1	Śatakatraya
Vaiśeṣikasūtravṛtti	vaisesikasutravrtti	VaiSūVṛ	8649	8680	1	1	Vaiśeṣikasūtravṛtti
Agnipurāṇa	agnipurana	AgniP	8333	8363	1	1	Agnipurāṇa
Tantrākhyāyikā	tantrakhyayika	TAkh	8301	8311	1	1	Tantrākhyāyikā
Śāṅkhāyanagṛhyasūtra	sankhayanagrhyasutra		750	8282	1	1	Śāṅkhāyanagṛhyasūtra
Parāśaradharmasaṃhitā	parasaradharmasamhita	ParDh	8176	8183	1	1	Parāśaradharmasaṃhitā
Vaikhānasagṛhyasūtra	vaikhanasagrhyasutra		7752	8163	1	1	Vaikhānasagṛhyasūtra
Pāraskaragṛhyasūtra	paraskaragrhyasutra		661	8131	1	1	Pāraskaragṛhyasūtra
Rasahṛdayatantra	rasahrdayatantra	RHT	8113	8120	1	1	Rasahṛdayatantra
Mānavagṛhyasūtra	manavagrhyasutra		81	7957	1	1	Mānavagṛhyasūtra
Rasakāmadhenu	rasakamadhenu	RKDh	7874	7875	1	1	Rasakāmadhenu
Nāṭyaśāstra	natyasastra	Nāṭ	7842	7849	1	1	Nāṭyaśāstra
Atharvaprāyaścittāni	atharvaprayascittani		517	7848	1	1	Atharvaprāyaścittāni
Mātṛkābhedatantra	matrkabhedatantra	MBhT	7840	7842	1	1	Mātṛkābhedatantra
Rasādhyāyaṭīkā	rasadhyayatika	RasṬ	7764	7780	1	1	Rasādhyāyaṭīkā
Saṅghabhedavastu	sanghabhedavastu	Saṅgh	7630	7642	1	1	Saṅghabhedavastu
Parāśarasmṛtiṭīkā	parasarasmrtitika	ParāṬī	7550	7596	1	1	Parāśarasmṛtiṭīkā
Ṣaḍviṃśabrāhmaṇa	sadvimsabrahmana		0	7540	0	1	
Ṛgvedakhilāni	rgvedakhilani		1315	7505	1	1	Ṛgvedakhilāni
Gobhilagṛhyasūtra	gobhilagrhyasutra		1317	7399	1	1	Gobhilagṛhyasūtra
Nibandhasaṃgraha	nibandhasamgraha	NiSaṃ	7335	7356	1	1	Nibandhasaṃgraha
Kāṭhakagṛhyasūtra	kathakagrhyasutra	KāṭhGṛ	177	7324	1	1	Kāṭhakagṛhyasūtra
Jaiminigṛhyasūtra	jaiminigrhyasutra		6778	7109	1	1	Jaiminigṛhyasūtra
Āśvalāyanagṛhyasūtra	asvalayanagrhyasutra		1088	7046	1	1	Āśvalāyanagṛhyasūtra
Taittirīyāraṇyaka	taittiriyaranyaka		0	6957	0	1	
Dhanvantarinighaṇṭu	dhanvantarinighantu	DhaNi	6938	6939	1	1	Dhanvantarinighaṇṭu
Rasādhyāya	rasadhyaya	RAdhy	6640	6641	1	1	Rasādhyāya
Mūlamadhyamakārikāḥ	mulamadhyamakarikah	MūlaK	2849	6547	1	1	Mūlamadhyamakārikāḥ
Yogaratnākara	yogaratnakara	YRā	6478	6481	1	1	Yogaratnākara
Rasaratnasamuccayabodhinī	rasaratnasamuccayabodhini	RasR	6426	6430	1	1	Rasaratnasamuccayabodhinī
Āśvālāyanaśrautasūtra	asvalayanasrautasutra		0	6246	0	1	
Madanapālanighaṇṭu	madanapalanighantu	MPāNi	6181	6186	1	1	Madanapālanighaṇṭu
Gītagovinda	gitagovinda	GīG	6020	6020	1	1	Gītagovinda
Kaṭhāraṇyaka	katharanyaka		0	5961	0	1	
Sāṃkhyatattvakaumudī	samkhyatattvakaumudi	STKau	5848	5937	1	1	Sāṃkhyatattvakaumudī
Gautamadharmasūtra	gautamadharmasutra	GauDh	5613	5696	1	1	Gautamadharmasūtra
Rasendrasārasaṃgraha	rasendrasarasamgraha	RSS	5676	5676	1	1	Rasendrasārasaṃgraha
Haṭhayogapradīpikā	hathayogapradipika	HYP	5656	5659	1	1	Haṭhayogapradīpikā
Śārṅgadharasaṃhitā	sarngadharasamhita	ŚdhS	5617	5617	1	1	Śārṅgadharasaṃhitā
Kāvyālaṃkāra	kavyalamkara	KāvAl	5584	5593	1	1	Kāvyālaṃkāra
Narmamālā	narmamala		5578	5583	1	1	Narmamālā
Toḍalatantra	todalatantra	ToḍT	5452	5463	1	1	Toḍalatantra
Ratnaṭīkā	ratnatika		5392	5445	1	1	Ratnaṭīkā
Gheraṇḍasaṃhitā	gherandasamhita	GherS	5372	5381	1	1	Gheraṇḍasaṃhitā
Śivasūtravārtika	sivasutravartika	ŚiSūV	5341	5345	1	1	Śivasūtravārtika
Śyainikaśāstra	syainikasastra		5271	5276	1	1	Śyainikaśāstra
Vaikhānasadharmasūtra	vaikhanasadharmasutra		4896	5213	1	1	Vaikhānasadharmasūtra
Sāmavidhānabrāhmaṇa	samavidhanabrahmana		0	5185	0	1	
Vārāhagṛhyasūtra	varahagrhyasutra		4602	4840	1	1	Vārāhagṛhyasūtra
Gūḍhārthadīpikā	gudharthadipika	ŚGDī	4822	4822	1	1	Gūḍhārthadīpikā
Rasārṇavakalpa	rasarnavakalpa	RAK	4796	4798	1	1	Rasārṇavakalpa
Kokilasaṃdeśa	kokilasamdesa		4640	4640	1	1	Kokilasaṃdeśa
Aṣṭāvakragīta	astavakragita	AṣṭGī	4552	4572	1	1	Aṣṭāvakragīta
Rasasaṃketakalikā	rasasamketakalika	RSK	4543	4546	1	1	Rasasaṃketakalikā
Aṣṭāṅganighaṇṭu	astanganighantu	AṣṭNi	4484	4477	1	1	Aṣṭāṅganighaṇṭu
Abhidhānacintāmaṇi	abhidhanacintamani		4326	4471	1	1	Abhidhānacintāmaṇi
Kāvyādarśa	kavyadarsa	KāvĀ	4445	4462	1	1	Kāvyādarśa
Ayurvedarasāyana	ayurvedarasayana	AHSra	4103	4113	1	1	Ayurvedarasāyana
Kālikāpurāṇa	kalikapurana	KālPu	4090	4093	1	1	Kālikāpurāṇa
Jaiminīyaśrautasūtra	jaiminiyasrautasutra		0	4088	0	1	
Haṃsadūta	hamsaduta	Haṃ	2618	3906	1	1	Haṃsadūta
Kṛṣiparāśara	krsiparasara	KṛṣiP	3860	3863	1	1	Kṛṣiparāśara
Nirukta	nirukta	Nir	807	3713	1	1	Nirukta
Saṃvitsiddhi	samvitsiddhi		3398	3403	1	1	Saṃvitsiddhi
Nyāyasūtra	nyayasutra	NyāSū	3334	3396	1	1	Nyāyasūtra
Meghadūta	meghaduta	Megh	3387	3393	1	1	Meghadūta
Khādiragṛhyasūtra	khadiragrhyasutra		1999	3358	1	1	Khādiragṛhyasūtra
Mṛgendratantra	mrgendratantra	MṛgT	3308	3328	1	1	Mṛgendratantra
Kṛṣṇāmṛtamahārṇava	krsnamrtamaharnava	KAM	3300	3304	1	1	Kṛṣṇāmṛtamahārṇava
Janmamaraṇavicāra	janmamaranavicara	JanM	3252	3259	1	1	Janmamaraṇavicāra
Amaruśataka	amarusataka	AmŚ	3219	3221	1	1	Amaruśataka
Dhanurveda	dhanurveda	DhanV	3139	3140	1	1	Dhanurveda
Ṛtusaṃhāra	rtusamhara	ṚtuS	3130	3133	1	1	Ṛtusaṃhāra
Āpastambagṛhyasūtra	apastambagrhyasutra		3120	3132	1	1	Āpastambagṛhyasūtra
Kāśikāvṛtti	kasikavrtti	KāśVṛ	2859	2875	1	1	Kāśikāvṛtti
Bhallaṭaśataka	bhallatasataka		2809	2810	1	1	Bhallaṭaśataka
Rasataraṅgiṇī	rasatarangini	RTar	2683	2684	1	1	Rasataraṅgiṇī
Abhinavacintāmaṇi	abhinavacintamani		2603	2604	1	1	Abhinavacintāmaṇi
Nāṭyaśāstravivṛti	natyasastravivrti	NŚVi	2585	2603	1	1	Nāṭyaśāstravivṛti
Taittirīyopaniṣad	taittiriyopanisad		407	2462	1	1	Taittirīyopaniṣad
Sūryaśatakaṭīkā	suryasatakatika	SūrŚṬī	2322	2328	1	1	Sūryaśatakaṭīkā
Aṣṭāṅgasaṃgraha	astangasamgraha	ASaṃ	2184	2187	1	1	Aṣṭāṅgasaṃgraha
Śvetāśvataropaniṣad	svetasvataropanisad	ŚveUp	2100	2147	1	1	Śvetāśvataropaniṣad
Sūryasiddhānta	suryasiddhanta	SūrSi	2138	2142	1	1	Sūryasiddhānta
Vaiśeṣikasūtra	vaisesikasutra	VaiSū	2120	2133	1	1	Vaiśeṣikasūtra
Kaṭhopaniṣad	kathopanisad		2120	2129	1	1	Kaṭhopaniṣad
Vātūlanāthasūtravṛtti	vatulanathasutravrtti	VNSūV	2058	2062	1	1	Vātūlanāthasūtravṛtti
Nighaṇṭuśeṣa	nighantusesa	NiŚe	2003	2003	1	1	Nighaṇṭuśeṣa
Tarkasaṃgraha	tarkasamgraha	Tarka	1962	1978	1	1	Tarkasaṃgraha
Commentary on the Kādambarīsvīkaraṇasūtramañjarī	commentaryonthekadambarisvikaranasutramanjari	KādSv	1899	1902	1	1	Commentary on the Kādambarīsvīkaraṇasūtramañjarī
Viṃśatikāvṛtti	vimsatikavrtti		1854	1860	1	1	Viṃśatikāvṛtti
Kaiyadevanighaṇṭu	kaiyadevanighantu	KaiNi	1826	1826	1	1	Kaiyadevanighaṇṭu
Paraśurāmakalpasūtra	parasuramakalpasutra		1722	1722	1	1	Paraśurāmakalpasūtra
Atharvavedapariśiṣṭa	atharvavedaparisista		24	1695	1	1	Atharvavedapariśiṣṭa
Haṃsasaṃdeśa	hamsasamdesa		620	1631	1	1	Haṃsasaṃdeśa
Ṭikanikayātrā	tikanikayatra	Ṭika	1614	1615	1	1	Ṭikanikayātrā
Śira'upaniṣad	siraupanisad	ŚirUp	1577	1585	1	1	"Śira\""upaniṣad"
Nāḍīparīkṣā	nadipariksa	Nāḍī	1553	1554	1	1	Nāḍīparīkṣā
Gṛhastharatnākara	grhastharatnakara	GṛRĀ	1538	1542	1	1	Gṛhastharatnākara
Gorakṣaśataka	goraksasataka	GorŚ	1470	1469	1	1	Gorakṣaśataka
Ratnadīpikā	ratnadipika	RatDī	1467	1468	1	1	Ratnadīpikā
Muṇḍakopaniṣad	mundakopanisad		1300	1285	1	1	Muṇḍakopaniṣad
Devīkālottarāgama	devikalottaragama		1257	1263	1	1	Devīkālottarāgama
Mānavaśrautasūtra	manavasrautasutra		0	1221	0	1	
Caurapañcaśikā	caurapancasika		1182	1183	1	1	Caurapañcaśikā
Yogasūtra	yogasutra	YS	1137	1144	1	1	Yogasūtra
Abhidharmakośa	abhidharmakosa	Abh	1331	1091	1	1	Abhidharmakośa
Sāṃkhyakārikā	samkhyakarika	SāṃK	1067	1073	1	1	Sāṃkhyakārikā
Sarvadarśanasaṃgraha	sarvadarsanasamgraha	SDS	1048	1052	1	1	Sarvadarśanasaṃgraha
Smaradīpikā	smaradipika	SmaDī	913	1031	1	1	Smaradīpikā
Amaraughaśāsana	amaraughasasana	AmŚā	1020	1020	1	1	Amaraughaśāsana
Nyāyabhāṣya	nyayabhasya	NyāBh	952	958	1	1	Nyāyabhāṣya
Maṇimāhātmya	manimahatmya	Maṇi	913	913	1	1	Maṇimāhātmya
Acintyastava	acintyastava	AcTa	894	910	1	1	Acintyastava
Mukundamālā	mukundamala		908	909	1	1	Mukundamālā
Trikāṇḍaśeṣa	trikandasesa	TriKŚ	904	904	1	1	Trikāṇḍaśeṣa
Kauṣītakyupaniṣad	kausitakyupanisad		747	864	1	1	Kauṣītakyupaniṣad
Aitareyopaniṣad	aitareyopanisad	AitUp	843	848	1	1	Aitareyopaniṣad
Hiraṇyakeśiśrautasūtra	hiranyakesisrautasutra		0	831	0	1	
Śivapurāṇa	sivapurana	ŚivaP	827	827	1	1	Śivapurāṇa
Vetālapañcaviṃśatikā	vetalapancavimsatika	VetPV	975	814	1	1	Vetālapañcaviṃśatikā
Śikṣāsamuccaya	siksasamuccaya		791	792	1	1	Śikṣāsamuccaya
Bījanighaṇṭu	bijanighantu	BījNi	775	774	1	1	Bījanighaṇṭu
Ṛgvidhāna	rgvidhana		0	772	0	1	
Rājamārtaṇḍa	rajamartanda	RājMā	761	765	1	1	Rājamārtaṇḍa
Spandakārikā	spandakarika	SpaKā	746	757	1	1	Spandakārikā
Commentary on Amaraughaśāsana	commentaryonamaraughasasana	AmŚā	672	673	1	1	Commentary on Amaraughaśāsana
Kauṣītakagṛhyasūtra	kausitakagrhyasutra		0	641	0	1	
Varāhapurāṇa	varahapurana	VarPu	621	622	1	1	Varāhapurāṇa
Agastīyaratnaparīkṣā	agastiyaratnapariksa	AgRa	604	608	1	1	Agastīyaratnaparīkṣā
Sūryaśataka	suryasataka	SūrŚ	593	597	1	1	Sūryaśataka
Garbhopaniṣat	garbhopanisat	GarUp	558	559	1	1	Garbhopaniṣat
Mahācīnatantra	mahacinatantra	MahT	546	546	1	1	Mahācīnatantra
Kauśikasūtradārilabhāṣya	kausikasutradarilabhasya	KDār	440	522	1	1	Kauśikasūtradārilabhāṣya
Narasiṃhapurāṇa	narasimhapurana		502	503	1	1	Narasiṃhapurāṇa
Pāśupatasūtra	pasupatasutra	PāśSū	493	499	1	1	Pāśupatasūtra
Vṛddhayamasmṛti	vrddhayamasmrti	Vṛd	440	442	1	1	Vṛddhayamasmṛti
Śāktavijñāna	saktavijnana	ŚākVi	427	427	1	1	Śāktavijñāna
Commentary on the Kāvyālaṃkāravṛtti	commentaryonthekavyalamkaravrtti		0	398	0	1	
Sphuṭārthāvyākhyā	sphutarthavyakhya	SphAbh	358	379	1	1	Sphuṭārthāvyākhyā
Rasikapriyā	rasikapriya	RasPr	346	346	1	1	Rasikapriyā
Viṃśatikākārikā	vimsatikakarika	ViṃKā	342	343	1	1	Viṃśatikākārikā
Brahmabindūpaniṣat	brahmabindupanisat	BraUp	320	322	1	1	Brahmabindūpaniṣat
Kauśikasūtrakeśavapaddhati	kausikasutrakesavapaddhati		0	313	0	1	
Prasannapadā	prasannapada	PrasP	409	303	1	1	Prasannapadā
Śivasūtra	sivasutra	ŚiSū	297	299	1	1	Śivasūtra
Nādabindūpaniṣat	nadabindupanisat	NāUp	272	274	1	1	Nādabindūpaniṣat
Kādambarīsvīkaraṇasūtramañjarī	kadambarisvikaranasutramanjari	KāSvī	265	266	1	1	Kādambarīsvīkaraṇasūtramañjarī
Nyāyabindu	nyayabindu	NyāBi	159	237	1	1	Nyāyabindu
Bhramarāṣṭaka	bhramarastaka	Bhra	216	216	1	1	Bhramarāṣṭaka
Paramānandīyanāmamālā	paramanandiyanamamala	ParMā	211	211	1	1	Paramānandīyanāmamālā
Bhadrabāhucarita	bhadrabahucarita	BhCa	210	210	1	1	Bhadrabāhucarita
Bhairavastava	bhairavastava	Bhai	204	204	1	1	Bhairavastava
Tattvavaiśāradī	tattvavaisaradi	Tattva	203	203	1	1	Tattvavaiśāradī
Devīmāhātmya	devimahatmya		24	192	1	1	Devīmāhātmya
Ṛgvedavedāṅgajyotiṣa	rgvedavedangajyotisa	ṚVJ	185	185	1	1	Ṛgvedavedāṅgajyotiṣa
Rasikasaṃjīvanī	rasikasamjivani	Rsaṃ	166	166	1	1	Rasikasaṃjīvanī
Carakatattvapradīpikā	carakatattvapradipika	CaDī	121	121	1	1	Carakatattvapradīpikā
Abhidharmakośabhāṣya	abhidharmakosabhasya	AbhBh	107	118	1	1	Abhidharmakośabhāṣya
Amṛtabindūpaniṣat	amrtabindupanisat	AmUp	97	97	1	1	Amṛtabindūpaniṣat
Gaṇakārikā	ganakarika	GaṇaK	95	95	1	1	Gaṇakārikā
Vātūlanāthasūtras	vatulanathasutras	VNSū	84	84	1	1	Vātūlanāthasūtras
Rasaratnasamuccayadīpikā	rasaratnasamuccayadipika	RRSDī	82	82	1	1	Rasaratnasamuccayadīpikā
Kāvyālaṃkāravṛtti	kavyalamkaravrtti	KāVṛ	71	71	1	1	Kāvyālaṃkāravṛtti
Padārthacandrikā	padarthacandrika	PaAHS	28	28	1	1	Padārthacandrikā
Indu (ad AHS)	induadahs	InAHS	18	18	1	1	Indu ad AHS)
Cakra ?) on Suśr	cakraonsusr	Cakra	165	0	1	0	Cakra ?) on Suśr
Comm. on the Kāvyālaṃkāravṛtti	commonthekavyalamkaravrtti	KāVṛ	393	0	1	0	Comm. on the Kāvyālaṃkāravṛtti
Ekākṣarakoṣa	ekaksarakosa		0	0	1	0	Ekākṣarakoṣa
Hārāṇacandara on Suśr	haranacandaraonsusr	HāSu	162	0	1	0	Hārāṇacandara on Suśr
Khādiragṛhyasūtrarudraskandavyākhyā	khadiragrhyasutrarudraskandavyakhya		172	0	1	0	Khādiragṛhyasūtrarudraskandavyākhyā
Nāḍīvijñāna	nadivijnana		0	0	1	0	Nāḍīvijñāna
"Śira""upaniṣad"	siraupanisad		0	0	1	0	"Śira""upaniṣad"
Atharvaveda Śaunaka)	atharvavedasaunaka		0	0	1	0	Atharvaveda Śaunaka)
Gopathabrāhmaṇa NEW	gopathabrahmananew		0	0	1	0	Gopathabrāhmaṇa NEW
Indu ad AHS)	induadahs		0	0	1	0	Indu ad AHS)
Skandapurāṇa Revākhaṇḍa)	skandapuranarevakhanda		0	0	1	0	Skandapurāṇa Revākhaṇḍa)
