dcs_title	pd_sigla	pd_citations	dcs_tok_2021	dcs_tok_2026	dcs_chapters	coverage_grade
Mahābhārata	MahāBhā.	9337	1145830	1147887	1995	present
Ṛgveda	ṚV.	4088	170845	169972	0	present
Skandapurāṇa	SkandP.	3335	16431	16479	0	partial (DCS ~ Revākhaṇḍa / fragments only)
Kāśikāvṛtti	KāśiVṛ.|Kāśi.	3268	2859	2875	0	partial (DCS text incomplete)
Rāmāyaṇa	Rāmā.	3157	261058	261568	606	present
Atharvaveda (Śaunaka)	AV.	3001	52925	71249	0	present
Śatapathabrāhmaṇa	ŚatBr.	2945	3718	144139	9	present
Nyāyasūtra	NyāySu.|NyāySū.	2723	3334	3396	10	present
Bhāgavatapurāṇa	BhāgP.	2137	77591	77801	0	present
Carakasaṃhitā	CaraS.	1730	94636	94852	82	present
Kathāsaritsāgara	KathāSaSāg.	1715	66531	111298	0	present
Taittirīyasaṃhitā	TaiS.	1559	1941	47989	0	present
Āpastambaśrautasūtra	ĀpaŚS.	1559	861	33857	0	present
Aṣṭāṅgasaṃgraha	AṣṭāSaṃ.	1515	2184	2187	3	present
Mīmāṃsāsūtrabhāṣya	ŚābaBh.	1329	0	16044	0	present
Kāṭhakasaṃhitā	KāṭhS.	1296	0	38894	0	present
Maitrāyaṇīsaṃhitā	MaiS.	1283	5664	65375	0	present
Viṣṇupurāṇa	ViṣṇuP.	1235	87516	87622	0	present
Jaiminīyabrāhmaṇa	JaimiBr.	1203	2531	53735	0	present
Śivapurāṇa	ŚivaP.	1190	827	827	0	present
Vājasaneyisaṃhitā (Mādhyandina)	VājaS.	1189	0	15687	0	present
Matsyapurāṇa	MatsyaP.	1158	122615	122842	0	present
Suśrutasaṃhitā	SuśruS.	1141	146441	146721	186	present
Agnipurāṇa	AgniP.	1136	8333	8363	0	present
Arthaśāstra	ArthŚā.	1077	19415	20415	0	present
Baudhāyanaśrautasūtra	BaudhŚS.	1034	938	39205	0	present
Bhāvaprakāśa	BhāvPra.	988	13054	13064	5	present
Harṣacarita	HarṣaC.	927	41	33503	0	present
Manusmṛti	ManuSm.	923	37609	37660	0	present
Taittirīyabrāhmaṇa	TaiBr.	846	0	15064	0	present
Hiraṇyakeśiśrautasūtra	HirŚS.	814	0	831	0	present
Liṅgapurāṇa	LiṅgaP.	778	127403	127599	0	present
Daśakumāracarita	DaśKuC.	760	35076	35188	14	present
Amarakośa	AmaK.	755	11967	11968	0	present
Mānavaśrautasūtra	MānŚS.	729	0	1221	0	present
Abhidhānacintāmaṇi	AbhidhāCin.	722	4326	4471	0	present
Nāṭyaśāstra	NāṭyaŚā.	716	7842	7849	0	present
Āśvālāyanaśrautasūtra	ĀśvaŚS.	669	0	6246	0	present
Harivaṃśa	HariVaṃ.	651	0	85975	0	present
Aitareyabrāhmaṇa	AitBr.	631	45706	55243	0	present
Tarkasaṃgraha	TarkSaṃ.	627	1962	1978	0	present
Aṣṭāṅgahṛdayasaṃhitā	AṣṭāHṛ.	582	107441	107515	120	present
Kāmasūtra	KāmSū.	558	18839	18909	36	present
Taittirīyāraṇyaka	TaiĀ.	556	0	6957	0	present
Bṛhatkathāślokasaṃgraha	BṛKathāŚloSaṃ.	546	62090	62202	0	present
Kātyāyanaśrautasūtra	KātyŚS.	542	106	12528	0	present
Sarvadarśanasaṃgraha	SarvaDaSaṃ.	529	1048	1052	1	present
Pañcaviṃśabrāhmaṇa	PañcBr.	520	28696	29329	0	present
Kūrmapurāṇa	KūrmaP.	512	81766	81928	0	present
Kirātārjunīya	Kirātā.	505	18408	18439	18	present
Kauṣītakibrāhmaṇa	KauṣīBr.	490	0	15331	0	present
Varāhapurāṇa	VarāP.	483	621	622	0	present
Nirukta	Nir.	475	807	3713	0	present
Tattvavaiśāradī	TattvVai.	453	203	203	0	present
Śāṅkhāyanaśrautasūtra	ŚāṅkhāŚS.	448	0	20886	0	present
Tantrākhyāyikā	Tantrākhyā.	433	8301	8311	0	present
Hitopadeśa	Hitopa.	429	24958	25040	0	present
Gopathabrāhmaṇa	GopBr.	415	7468	30459	0	present
Śatakatraya	ŚatTrayī.	406	8688	8702	0	present
Saundarānanda	Saund.	393	18982	19008	0	present
Nyāyabhāṣya	NyāyBh.	393	952	958	0	present
Viṣṇusmṛti	ViṣṇuSm.	392	19168	19296	100	present
Kāvyālaṃkāra	Kāvyālaṅ.	387	5584	5593	0	present
Bhāradvājaśrautasūtra	BhārŚS.	373	0	22148	0	present
Baudhāyanadharmasūtra	BaudhDS.	358	1680	14751	0	present
Vaikhānasaśrautasūtra	VaikhāŚS.	357	0	26794	0	present
Rasaratnasamuccaya	RasRaSa.	343	28084	28096	18	present
Yājñavalkyasmṛti	YājñaSm.	340	14205	14280	3	present
Buddhacarita	BuddhaC.	320	19017	19065	14	present
Aitareya-Āraṇyaka	AitĀ.	316	0	10283	0	present
Trikāṇḍaśeṣa	TrikāŚe.	314	904	904	1	present
Kauśikasūtra	KauśiSū.	301	5213	22833	0	present
Abhidharmakośabhāṣya	AbhidhKoBh.	293	107	118	0	present
Kumārasaṃbhava	KumāSaṃ.	292	10237	10261	0	present
Mṛgendratantra	MṛgendraT.	270	3308	3328	12	present
Rājanighaṇṭu	RājNi.	268	49954	49969	0	present
Chāndogyopaniṣad	ChāndoU.	247	15570	15905	153	present
Bṛhadāraṇyakopaniṣad	BṛĀraU.	241	18821	19014	0	present
Śārṅgadharasaṃhitā	ŚārṅgaS.	240	5617	5617	0	present
Gautamadharmasūtra	GautDS.	235	5613	5696	0	present
Āpastambadharmasūtra	ĀpaDS.	227	0	9297	0	present
Drāhyāyaṇaśrautasūtra	DrāhyŚS.	215	0	10724	0	present
Kāvyādarśa	Kāvyāda.	211	4445	4462	2	present
Vārāhaśrautasūtra	VārāŚS.	206	0	25108	0	present
Vetālapañcaviṃśatikā	VetāPañ.	205	975	814	2	present
Lalitavistara	LaliVi.	192	25216	25309	0	present
Yogasūtrabhāṣya	YogBh.	189	9976	10012	0	present
Jaiminīya-Upaniṣad-Brāhmaṇa	JaimiUBr.	188	0	22367	0	present
Śāṅkhāyanāraṇyaka	ŚāṅkhāĀ.	187	12700	12747	0	present
Baudhāyanagṛhyasūtra	BaudhGS.	168	2648	14999	0	present
Vasiṣṭhadharmasūtra	VāsiDS.	168	0	10009	0	present
Abhidharmakośa	AbhidhK.	166	1331	1091	0	present
Gobhilagṛhyasūtra	GobhiGS.	163	1317	7399	0	present
Śāṅkhāyanagṛhyasūtra	ŚāṅkhāGS.	159	750	8282	0	present
Kauṣītakagṛhyasūtra	KauṣīGS.	158	0	641	0	present
Vaikhānasagṛhyasūtra	VaikhāGS.	155	7752	8163	0	present
Parāśaradharmasaṃhitā	ParāSm.	152	8176	8183	0	present
Sāṃkhyatattvakaumudī	SāṃkhyaTaKau.	152	5848	5937	0	present
Āśvalāyanagṛhyasūtra	ĀśvaGS.	139	1088	7046	0	present
Gītagovinda	GītGo.	137	6020	6020	0	present
Mānavagṛhyasūtra	MānGS.	127	81	7957	0	present
Ṣaḍviṃśabrāhmaṇa	ṢaḍviBr.	126	0	7540	0	present
Bhāradvājagṛhyasūtra	BhārGS.	126	504	11643	0	present
Divyāvadāna	Divyāva.	126	67394	67449	0	present
Hiraṇyakeśigṛhyasūtra	HirGS.	123	1154	10383	0	present
Kātyāyanasmṛti	KātySm.	116	14266	14317	0	present
Pāraskaragṛhyasūtra	PāraGS.	113	661	8131	0	present
Sūryasiddhānta	SūrySi.	111	2138	2142	0	present
Vaitānasūtra	VaitāSū.	108	0	9422	0	present
Nāradasmṛti	NāraSm.	104	13275	13336	0	present
Sāṃkhyakārikābhāṣya	SāṃkhyaKāBh.	104	9955	9994	0	present
Kāṭhakagṛhyasūtra	KāṭhGS.	103	177	7324	0	present
Dhanvantarinighaṇṭu	DhanvNi.	102	6938	6939	0	present
Saddharmapuṇḍarīkasūtra	SaddhaPuṇ.	101	0	31908	0	present
Sāmavidhānabrāhmaṇa	SāmaViBr.	100	0	5185	0	present
Jaiminigṛhyasūtra	JaimiGS.	97	6778	7109	0	present
Meghadūta	MeghDū.	88	3387	3393	2	present
Śvetāśvataropaniṣad	ŚvetāU.	86	2100	2147	0	present
