group,members,tree,kind,n_quartets,n_recovered,recovery
stemma:Wilson,SHS WIL YAT,canonical_consensus,convention,1218,538,0.4417
stemma:Wilson,SHS WIL YAT,B_whamming_upgma,convention,1218,538,0.4417
stemma:Wilson,SHS WIL YAT,B_whamming_nj,convention,1218,526,0.4319
stemma:Wilson,SHS WIL YAT,B_hamming_upgma,convention,1218,482,0.3957
stemma:Wilson,SHS WIL YAT,B_hamming_nj,convention,1218,522,0.4286
stemma:Wilson,SHS WIL YAT,A_jaccard_upgma,convention,1218,794,0.6519
stemma:Wilson,SHS WIL YAT,A_jaccard_nj,convention,1218,612,0.5025
stemma:Wilson,SHS WIL YAT,C_chamming_upgma,convention,1218,506,0.4154
stemma:Wilson,SHS WIL YAT,C_chamming_nj,convention,1218,518,0.4253
stemma:Wilson,SHS WIL YAT,bayesian_map,convention,1218,540,0.4433
stemma:Wilson,SHS WIL YAT,preview_common_convention,convention,1053,437,0.415
stemma:Wilson,SHS WIL YAT,preview_common_lemma,content,1053,1053,1.0
stemma:Cappeller,CAE CCS,canonical_consensus,convention,435,435,1.0
stemma:Cappeller,CAE CCS,B_whamming_upgma,convention,435,435,1.0
stemma:Cappeller,CAE CCS,B_whamming_nj,convention,435,435,1.0
stemma:Cappeller,CAE CCS,B_hamming_upgma,convention,435,435,1.0
stemma:Cappeller,CAE CCS,B_hamming_nj,convention,435,435,1.0
stemma:Cappeller,CAE CCS,A_jaccard_upgma,convention,435,435,1.0
stemma:Cappeller,CAE CCS,A_jaccard_nj,convention,435,435,1.0
stemma:Cappeller,CAE CCS,C_chamming_upgma,convention,435,435,1.0
stemma:Cappeller,CAE CCS,C_chamming_nj,convention,435,354,0.8138
stemma:Cappeller,CAE CCS,bayesian_map,convention,435,435,1.0
stemma:Cappeller,CAE CCS,preview_common_convention,convention,378,378,1.0
stemma:Cappeller,CAE CCS,preview_common_lemma,content,378,378,1.0
stemma:Petersburg,CAE CCS PW PWG SCH,canonical_consensus,convention,3510,3510,1.0
stemma:Petersburg,CAE CCS PW PWG SCH,B_whamming_upgma,convention,3510,3510,1.0
stemma:Petersburg,CAE CCS PW PWG SCH,B_whamming_nj,convention,3510,3510,1.0
stemma:Petersburg,CAE CCS PW PWG SCH,B_hamming_upgma,convention,3510,3510,1.0
stemma:Petersburg,CAE CCS PW PWG SCH,B_hamming_nj,convention,3510,3510,1.0
stemma:Petersburg,CAE CCS PW PWG SCH,A_jaccard_upgma,convention,3510,3510,1.0
stemma:Petersburg,CAE CCS PW PWG SCH,A_jaccard_nj,convention,3510,3510,1.0
stemma:Petersburg,CAE CCS PW PWG SCH,C_chamming_upgma,convention,3510,3510,1.0
stemma:Petersburg,CAE CCS PW PWG SCH,C_chamming_nj,convention,3510,3510,1.0
stemma:Petersburg,CAE CCS PW PWG SCH,bayesian_map,convention,3510,3510,1.0
stemma:Petersburg,CAE CCS PW PWG SCH,preview_common_convention,convention,3000,1782,0.594
stemma:Petersburg,CAE CCS PW PWG SCH,preview_common_lemma,content,3000,1184,0.3947
stemma:Monier-Williams,MW MW72,canonical_consensus,convention,435,325,0.7471
stemma:Monier-Williams,MW MW72,B_whamming_upgma,convention,435,325,0.7471
stemma:Monier-Williams,MW MW72,B_whamming_nj,convention,435,325,0.7471
stemma:Monier-Williams,MW MW72,B_hamming_upgma,convention,435,200,0.4598
stemma:Monier-Williams,MW MW72,B_hamming_nj,convention,435,253,0.5816
stemma:Monier-Williams,MW MW72,A_jaccard_upgma,convention,435,237,0.5448
stemma:Monier-Williams,MW MW72,A_jaccard_nj,convention,435,351,0.8069
stemma:Monier-Williams,MW MW72,C_chamming_upgma,convention,435,300,0.6897
stemma:Monier-Williams,MW MW72,C_chamming_nj,convention,435,259,0.5954
stemma:Monier-Williams,MW MW72,bayesian_map,convention,435,189,0.4345
stemma:Monier-Williams,MW MW72,preview_common_convention,convention,378,125,0.3307
stemma:Monier-Williams,MW MW72,preview_common_lemma,content,378,108,0.2857
stemma:Apte,AP AP90,canonical_consensus,convention,435,406,0.9333
stemma:Apte,AP AP90,B_whamming_upgma,convention,435,406,0.9333
stemma:Apte,AP AP90,B_whamming_nj,convention,435,435,1.0
stemma:Apte,AP AP90,B_hamming_upgma,convention,435,435,1.0
stemma:Apte,AP AP90,B_hamming_nj,convention,435,435,1.0
stemma:Apte,AP AP90,A_jaccard_upgma,convention,435,435,1.0
stemma:Apte,AP AP90,A_jaccard_nj,convention,435,435,1.0
stemma:Apte,AP AP90,C_chamming_upgma,convention,435,435,1.0
stemma:Apte,AP AP90,C_chamming_nj,convention,435,435,1.0
stemma:Apte,AP AP90,bayesian_map,convention,435,435,1.0
stemma:Apte,AP AP90,preview_common_convention,convention,378,378,1.0
stemma:Apte,AP AP90,preview_common_lemma,content,378,378,1.0
tradition:English-Sanskrit,AE BOR,canonical_consensus,convention,435,219,0.5034
tradition:English-Sanskrit,AE BOR,B_whamming_upgma,convention,435,219,0.5034
tradition:English-Sanskrit,AE BOR,B_whamming_nj,convention,435,378,0.869
tradition:English-Sanskrit,AE BOR,B_hamming_upgma,convention,435,326,0.7494
tradition:English-Sanskrit,AE BOR,B_hamming_nj,convention,435,214,0.492
tradition:English-Sanskrit,AE BOR,A_jaccard_upgma,convention,435,378,0.869
tradition:English-Sanskrit,AE BOR,A_jaccard_nj,convention,435,435,1.0
tradition:English-Sanskrit,AE BOR,C_chamming_upgma,convention,435,235,0.5402
tradition:English-Sanskrit,AE BOR,C_chamming_nj,convention,435,277,0.6368
tradition:English-Sanskrit,AE BOR,bayesian_map,convention,435,378,0.869
tradition:Sanskrit-English,AP AP90 BEN CAE GST LRV MD MW MW72 SHS WIL YAT,canonical_consensus,convention,12540,5506,0.4391
tradition:Sanskrit-English,AP AP90 BEN CAE GST LRV MD MW MW72 SHS WIL YAT,B_whamming_upgma,convention,12540,5506,0.4391
tradition:Sanskrit-English,AP AP90 BEN CAE GST LRV MD MW MW72 SHS WIL YAT,B_whamming_nj,convention,12540,5376,0.4287
tradition:Sanskrit-English,AP AP90 BEN CAE GST LRV MD MW MW72 SHS WIL YAT,B_hamming_upgma,convention,12540,5311,0.4235
tradition:Sanskrit-English,AP AP90 BEN CAE GST LRV MD MW MW72 SHS WIL YAT,B_hamming_nj,convention,12540,5542,0.4419
tradition:Sanskrit-English,AP AP90 BEN CAE GST LRV MD MW MW72 SHS WIL YAT,A_jaccard_upgma,convention,12540,4922,0.3925
tradition:Sanskrit-English,AP AP90 BEN CAE GST LRV MD MW MW72 SHS WIL YAT,A_jaccard_nj,convention,12540,5295,0.4222
tradition:Sanskrit-English,AP AP90 BEN CAE GST LRV MD MW MW72 SHS WIL YAT,C_chamming_upgma,convention,12540,4501,0.3589
tradition:Sanskrit-English,AP AP90 BEN CAE GST LRV MD MW MW72 SHS WIL YAT,C_chamming_nj,convention,12540,5473,0.4364
tradition:Sanskrit-English,AP AP90 BEN CAE GST LRV MD MW MW72 SHS WIL YAT,bayesian_map,convention,12540,4660,0.3716
tradition:Sanskrit-English,AP AP90 BEN CAE GST LRV MD MW MW72 SHS WIL YAT,preview_common_convention,convention,10098,4295,0.4253
tradition:Sanskrit-English,AP AP90 BEN CAE GST LRV MD MW MW72 SHS WIL YAT,preview_common_lemma,content,10098,4066,0.4027
tradition:Sanskrit-French,BUR STC,canonical_consensus,convention,435,50,0.1149
tradition:Sanskrit-French,BUR STC,B_whamming_upgma,convention,435,50,0.1149
tradition:Sanskrit-French,BUR STC,B_whamming_nj,convention,435,38,0.0874
tradition:Sanskrit-French,BUR STC,B_hamming_upgma,convention,435,42,0.0966
tradition:Sanskrit-French,BUR STC,B_hamming_nj,convention,435,44,0.1011
tradition:Sanskrit-French,BUR STC,A_jaccard_upgma,convention,435,198,0.4552
tradition:Sanskrit-French,BUR STC,A_jaccard_nj,convention,435,50,0.1149
tradition:Sanskrit-French,BUR STC,C_chamming_upgma,convention,435,43,0.0989
tradition:Sanskrit-French,BUR STC,C_chamming_nj,convention,435,44,0.1011
tradition:Sanskrit-French,BUR STC,bayesian_map,convention,435,85,0.1954
tradition:Sanskrit-French,BUR STC,preview_common_convention,convention,378,37,0.0979
tradition:Sanskrit-French,BUR STC,preview_common_lemma,content,378,235,0.6217
tradition:Sanskrit-German,CCS GRA PW PWG SCH,canonical_consensus,convention,3510,2360,0.6724
tradition:Sanskrit-German,CCS GRA PW PWG SCH,B_whamming_upgma,convention,3510,2360,0.6724
tradition:Sanskrit-German,CCS GRA PW PWG SCH,B_whamming_nj,convention,3510,2316,0.6598
tradition:Sanskrit-German,CCS GRA PW PWG SCH,B_hamming_upgma,convention,3510,2324,0.6621
tradition:Sanskrit-German,CCS GRA PW PWG SCH,B_hamming_nj,convention,3510,2300,0.6553
tradition:Sanskrit-German,CCS GRA PW PWG SCH,A_jaccard_upgma,convention,3510,2508,0.7145
tradition:Sanskrit-German,CCS GRA PW PWG SCH,A_jaccard_nj,convention,3510,2244,0.6393
tradition:Sanskrit-German,CCS GRA PW PWG SCH,C_chamming_upgma,convention,3510,2492,0.71
tradition:Sanskrit-German,CCS GRA PW PWG SCH,C_chamming_nj,convention,3510,2402,0.6843
tradition:Sanskrit-German,CCS GRA PW PWG SCH,bayesian_map,convention,3510,2640,0.7521
tradition:Sanskrit-German,CCS GRA PW PWG SCH,preview_common_convention,convention,3000,1435,0.4783
tradition:Sanskrit-German,CCS GRA PW PWG SCH,preview_common_lemma,content,3000,989,0.3297
tradition:Sanskrit-Sanskrit,SKD VCP,canonical_consensus,convention,435,406,0.9333
tradition:Sanskrit-Sanskrit,SKD VCP,B_whamming_upgma,convention,435,406,0.9333
tradition:Sanskrit-Sanskrit,SKD VCP,B_whamming_nj,convention,435,406,0.9333
tradition:Sanskrit-Sanskrit,SKD VCP,B_hamming_upgma,convention,435,406,0.9333
tradition:Sanskrit-Sanskrit,SKD VCP,B_hamming_nj,convention,435,406,0.9333
tradition:Sanskrit-Sanskrit,SKD VCP,A_jaccard_upgma,convention,435,435,1.0
tradition:Sanskrit-Sanskrit,SKD VCP,A_jaccard_nj,convention,435,406,0.9333
tradition:Sanskrit-Sanskrit,SKD VCP,C_chamming_upgma,convention,435,406,0.9333
tradition:Sanskrit-Sanskrit,SKD VCP,C_chamming_nj,convention,435,406,0.9333
tradition:Sanskrit-Sanskrit,SKD VCP,bayesian_map,convention,435,406,0.9333
tradition:Sanskrit-Sanskrit,SKD VCP,preview_common_convention,convention,378,378,1.0
tradition:Sanskrit-Sanskrit,SKD VCP,preview_common_lemma,content,378,72,0.1905
tradition:Specialized,ACC BHS FRI INM KRM MCI PUI VEI,canonical_consensus,convention,7728,2354,0.3046
tradition:Specialized,ACC BHS FRI INM KRM MCI PUI VEI,B_whamming_upgma,convention,7728,2354,0.3046
tradition:Specialized,ACC BHS FRI INM KRM MCI PUI VEI,B_whamming_nj,convention,7728,2600,0.3364
tradition:Specialized,ACC BHS FRI INM KRM MCI PUI VEI,B_hamming_upgma,convention,7728,2322,0.3005
tradition:Specialized,ACC BHS FRI INM KRM MCI PUI VEI,B_hamming_nj,convention,7728,2615,0.3384
tradition:Specialized,ACC BHS FRI INM KRM MCI PUI VEI,A_jaccard_upgma,convention,7728,3704,0.4793
tradition:Specialized,ACC BHS FRI INM KRM MCI PUI VEI,A_jaccard_nj,convention,7728,2852,0.369
tradition:Specialized,ACC BHS FRI INM KRM MCI PUI VEI,C_chamming_upgma,convention,7728,2366,0.3062
tradition:Specialized,ACC BHS FRI INM KRM MCI PUI VEI,C_chamming_nj,convention,7728,2705,0.35
tradition:Specialized,ACC BHS FRI INM KRM MCI PUI VEI,bayesian_map,convention,7728,2620,0.339
tradition:Specialized,ACC BHS FRI INM KRM MCI PUI VEI,preview_common_convention,convention,6468,2142,0.3312
tradition:Specialized,ACC BHS FRI INM KRM MCI PUI VEI,preview_common_lemma,content,6468,5418,0.8377
