feature,root,skd,vcp,krm,yat,shs
gana,BUza,curadi,bhvadi,bhvadi|curadi,,
gana,Bida,rudhadi,bhvadi,,,
gana,Capa,curadi,bhvadi,,,
gana,Cfda,curadi|rudhadi,bhvadi|rudhadi,,,bhvadi
gana,Cfpa,,bhvadi,curadi,,bhvadi
gana,Cuqa,,bhvadi|tudadi,tudadi,,bhvadi
gana,Cura,tudadi,tudadi,tudadi,,bhvadi
gana,Cuwa,curadi,tudadi,tudadi,,tudadi
gana,DU,svadi|tudadi,tudadi,tudadi,svadi,
gana,DUpa,curadi,bhvadi|curadi,bhvadi|curadi,,bhvadi
gana,Dana,juhotyadi,bhvadi,juhotyadi,,bhvadi
gana,Df,curadi|tudadi,bhvadi|curadi|tudadi,,bhvadi,bhvadi
gana,Dfza,curadi|svadi,bhvadi|curadi|svadi,curadi,,bhvadi
gana,Drasa,curadi|kryadi,,kryadi,,curadi
gana,Dru,tudadi,tudadi,,tudadi,bhvadi
gana,Gf,curadi|juhotyadi,juhotyadi,,bhvadi,
gana,GuRa,tudadi,bhvadi|tudadi,bhvadi,,
gana,Gura,tudadi,tudadi,tudadi,bhvadi,
gana,Guza,curadi,bhvadi,,bhvadi,
gana,I,,divadi,,adadi,
gana,Iqa,,adadi,curadi,,
gana,Ira,curadi,adadi|bhvadi,adadi|curadi,,
gana,JF,divadi,,kryadi,bhvadi,
gana,Kida,rudhadi|tudadi,divadi|tudadi,divadi,,
gana,Kuqa,curadi,bhvadi|curadi,tudadi,,
gana,Rada,curadi,bhvadi,bhvadi|curadi,,
gana,SIka,bhvadi|curadi,bhvadi,curadi,bhvadi,
gana,SIla,curadi,bhvadi|curadi,bhvadi|curadi,bhvadi,
gana,Saka,bhvadi|divadi|svadi,bhvadi,divadi,divadi,
gana,Samba,bhvadi,bhvadi,curadi,bhvadi,
gana,Sawa,bhvadi|curadi,curadi,bhvadi,,
gana,Si,svadi,bhvadi,,svadi,
gana,Siza,adadi|bhvadi|curadi,bhvadi|rudhadi,curadi,,
gana,Sraga,svadi,bhvadi,,bhvadi,
gana,Srama,divadi,bhvadi,,,
gana,Urjja,curadi,bhvadi,,,
gana,aGa,curadi,bhvadi,,curadi,
gana,aha,curadi,bhvadi|curadi|svadi,svadi,,
gana,aka,curadi,,bhvadi,,
gana,arha,curadi,bhvadi|curadi,curadi,bhvadi,
gana,bila,curadi,tudadi,curadi|tudadi,curadi,
gana,bukka,curadi,bhvadi,bhvadi|curadi,,
gana,buwa,curadi,bhvadi,,,
gana,byuza,curadi,curadi,,divadi,
gana,cIka,curadi,bhvadi,curadi,,
gana,ci,curadi|svadi,bhvadi,curadi,,
gana,ciwa,curadi,bhvadi|curadi,bhvadi,,
gana,cuba,curadi,bhvadi,,,
gana,cuqa,curadi,bhvadi|curadi,tudadi,,
gana,cura,curadi,bhvadi,curadi,,
gana,cyu,curadi,bhvadi|curadi,curadi,bhvadi,
gana,dA,adadi|juhotyadi,adadi|bhvadi,,,bhvadi
gana,dASa,curadi|svadi,bhvadi|curadi|svadi,svadi,,bhvadi
gana,dAsa,svadi,bhvadi,,,bhvadi
gana,dE,tudadi,bhvadi,,bhvadi,
gana,dF,divadi|kryadi,bhvadi|divadi,kryadi,kryadi,bhvadi
gana,daBa,curadi,curadi,bhvadi,,curadi
gana,daGa,svadi,bhvadi|divadi,svadi,,bhvadi
gana,daSa,curadi,curadi,,,bhvadi
gana,daha,curadi,bhvadi|curadi,,,bhvadi
gana,dala,bhvadi|curadi,curadi,bhvadi|curadi,,bhvadi
gana,dasa,curadi|divadi,curadi,,,bhvadi
gana,df,tudadi,svadi|tudadi,,tudadi,bhvadi
gana,dfBa,curadi|tudadi,bhvadi|tudadi,curadi,,bhvadi
gana,dfmpa,curadi,,,,tudadi
gana,dfpa,curadi|divadi|tudadi,bhvadi|tudadi,curadi|tudadi,,bhvadi
gana,dimpa,curadi,curadi,,,bhvadi
gana,diva,curadi|divadi,bhvadi|curadi|divadi,,,bhvadi
gana,drU,svadi,svadi,,kryadi,svadi
gana,dru,svadi,bhvadi|svadi,,bhvadi,bhvadi
gana,du,svadi,bhvadi|svadi,,bhvadi,bhvadi
gana,duha,adadi,bhvadi,,,bhvadi
gana,f,juhotyadi|svadi,svadi,kryadi,bhvadi,
gana,fza,tudadi,tudadi,,bhvadi,
gana,gA,juhotyadi,bhvadi,,bhvadi,
gana,gaja,curadi,bhvadi|curadi,bhvadi|curadi,bhvadi,
gana,gardda,curadi,bhvadi,,,
gana,garha,curadi,bhvadi,bhvadi|curadi,,
gana,gf,,bhvadi,curadi,bhvadi,
gana,gfha,curadi,curadi,curadi,bhvadi,
gana,glaha,curadi,,bhvadi,,
gana,granTa,curadi,bhvadi,curadi|kryadi,,
gana,grasa,curadi,bhvadi,curadi,bhvadi,
gana,hana,adadi,bhvadi,adadi,,
gana,hf,bhvadi|juhotyadi,juhotyadi,,bhvadi,
gana,hfza,bhvadi|divadi,bhvadi,divadi,divadi,
gana,hikka,bhvadi|curadi,curadi,bhvadi,,
gana,hiva,bhvadi,svadi,,,
gana,i,adadi,,bhvadi,adadi|bhvadi,
gana,jAgf,adadi,adadi,adadi,juhotyadi,
gana,jF,divadi|kryadi,curadi|divadi,bhvadi|curadi,bhvadi,
gana,jYA,curadi|kryadi,curadi,curadi,kryadi,
gana,jaB,,,,bhvadi,curadi
gana,jaBa,curadi,bhvadi,,,
gana,jakza,adadi,bhvadi,adadi,,bhvadi
gana,jarja,,tudadi,bhvadi|tudadi,tudadi,bhvadi
gana,jartsa,,bhvadi,,tudadi,bhvadi
gana,ji,,bhvadi,curadi,bhvadi,
gana,jivi,,,bhvadi,svadi,
gana,jrI,kryadi,curadi,,kryadi,
gana,jri,,bhvadi,curadi,bhvadi,
gana,juza,curadi|tudadi,bhvadi|tudadi,curadi,,bhvadi
gana,jvala,bhvadi,bhvadi,bhvadi,,curadi
gana,kaRa,curadi,bhvadi,bhvadi|curadi,curadi,
gana,kaSa,,bhvadi,adadi,,
gana,kaWa,curadi,bhvadi,bhvadi,,
gana,kita,juhotyadi,,bhvadi,,
gana,klaTa,curadi,,bhvadi,,
gana,klida,divadi,bhvadi,,,
gana,knaTa,curadi,bhvadi,bhvadi,,
gana,knasa,curadi,bhvadi|divadi,,,
gana,kraTa,curadi,curadi,bhvadi,,
gana,ku,adadi|tudadi,adadi|bhvadi,,bhvadi,
gana,kuSa,curadi|divadi,bhvadi,,,
gana,kuba,curadi,bhvadi,,,
gana,kzala,bhvadi|curadi,bhvadi,curadi,,
gana,kzi,svadi|tudadi,bhvadi|svadi|tudadi,,bhvadi,
gana,luRwa,curadi,bhvadi,,,
gana,luba,curadi,bhvadi,,,
gana,mArga,curadi,bhvadi|curadi,curadi,bhvadi,
gana,mI,curadi|divadi|kryadi,bhvadi,curadi,divadi,
gana,mfqa,kryadi,tudadi,kryadi|tudadi,,
gana,miza,bhvadi|tudadi,bhvadi,tudadi,,
gana,mlE,bhvadi,bhvadi,,curadi,
gana,mlecCa,curadi,bhvadi,bhvadi|curadi,,
gana,mokza,curadi,bhvadi,curadi,,
gana,muca,bhvadi|curadi|tudadi,bhvadi|tudadi,curadi,,
gana,muja,curadi,bhvadi,bhvadi,,
gana,muz,divadi,,,bhvadi,
gana,muza,bhvadi|kryadi,bhvadi|divadi,kryadi,,
gana,naqa,curadi,curadi,,,bhvadi
gana,nawa,curadi,curadi,curadi,,bhvadi
gana,olaqa,curadi,bhvadi,,,
gana,pA,adadi,adadi|bhvadi,,bhvadi,
gana,pF,curadi|kryadi,bhvadi,curadi|juhotyadi|kryadi,kryadi,bhvadi
gana,pU,bhvadi|divadi|kryadi,bhvadi,,kryadi,bhvadi
gana,pUla,curadi,bhvadi,bhvadi|curadi,,
gana,pUrvva,curadi,,,bhvadi,
gana,pUya,bhvadi,divadi,,,divadi
gana,paTa,bhvadi|curadi,bhvadi,curadi,bhvadi,bhvadi
gana,paca,curadi,bhvadi|curadi,,,bhvadi
gana,pada,curadi|divadi,bhvadi|curadi,curadi|divadi,,bhvadi
gana,pakza,curadi,curadi,curadi,,bhvadi
gana,paqa,curadi,bhvadi|curadi,,,bhvadi
gana,pata,bhvadi|curadi|divadi,bhvadi|curadi,curadi,,bhvadi
gana,pawa,curadi,bhvadi|curadi,bhvadi|curadi,,bhvadi
gana,pf,curadi|juhotyadi|svadi|tudadi,curadi|svadi|tudadi,,juhotyadi,svadi
gana,pfc,,,,adadi,bhvadi
gana,pfca,adadi|curadi|rudhadi,adadi|bhvadi,curadi,,
gana,picCa,tudadi,,curadi,,tudadi
gana,picca,curadi,curadi,,bhvadi,curadi
gana,piqa,curadi,bhvadi,,,bhvadi
gana,pisa,curadi,bhvadi|curadi,curadi,,bhvadi
gana,prasa,bhvadi,,bhvadi,,divadi
gana,pruza,bhvadi|kryadi,bhvadi|kryadi,kryadi,bhvadi,
gana,puTa,bhvadi|curadi|divadi,bhvadi|curadi,curadi|divadi,,bhvadi
gana,puqa,,bhvadi,tudadi,,bhvadi
gana,qI,divadi,bhvadi,,bhvadi,bhvadi
gana,qiBa,curadi,bhvadi,,,
gana,qiba,curadi,bhvadi,,,
gana,rADa,svadi,divadi,divadi,,
gana,rUza,curadi,curadi,bhvadi,,
gana,ri,tudadi,tudadi,,svadi,
gana,rica,curadi|rudhadi,bhvadi,curadi,,
gana,ru,adadi|bhvadi,bhvadi,adadi,adadi,
gana,sPula,tudadi,tudadi,tudadi,bhvadi,
gana,sTUla,curadi,curadi,curadi,bhvadi,
gana,samba,bhvadi|curadi,curadi,,bhvadi,
gana,satra,curadi,curadi,curadi,bhvadi,
gana,sku,,svadi,,kryadi,
gana,skunBa,kryadi,svadi,,,
gana,smIla,bhvadi,bhvadi,bhvadi,curadi,
gana,stamBa,kryadi,,,svadi,
gana,stana,bhvadi|curadi,curadi,bhvadi|curadi,bhvadi,
gana,stunBa,kryadi,svadi,,,
gana,tUla,curadi,bhvadi|curadi,bhvadi,,
gana,takza,svadi,bhvadi,bhvadi,,
gana,tala,curadi,bhvadi,curadi,,curadi
gana,tanca,adadi,bhvadi|rudhadi,,,
gana,taqa,curadi,bhvadi|curadi,curadi,,bhvadi
gana,tasa,curadi|divadi,bhvadi|divadi,,,bhvadi
gana,tawa,curadi,bhvadi|curadi,bhvadi,,
gana,tfda,rudhadi,bhvadi,,,
gana,tiGa,svadi,bhvadi,,,svadi
gana,tiga,svadi,bhvadi,svadi,,svadi
gana,tika,svadi,bhvadi,svadi,,svadi
gana,tila,curadi,bhvadi|curadi|tudadi,bhvadi|curadi|tudadi,,bhvadi
gana,truwa,curadi,curadi|divadi,curadi|tudadi,,divadi
gana,tuBa,divadi,bhvadi|divadi,bhvadi|divadi|kryadi,bhvadi,
gana,tuba,curadi,bhvadi,,,
gana,tuja,curadi,bhvadi|curadi,bhvadi,,bhvadi
gana,tula,curadi,bhvadi,curadi,,
gana,tupa,curadi|tudadi,bhvadi|curadi|tudadi,bhvadi|tudadi,,bhvadi
gana,tuqa,tudadi,bhvadi|tudadi,tudadi,,bhvadi
gana,tura,juhotyadi,,juhotyadi,bhvadi,
gana,vaha,bhvadi|curadi,curadi,bhvadi,,
gana,vfRa,tanadi,,tudadi,tudadi,
gana,vrI,divadi|kryadi,divadi|kryadi,kryadi,divadi,
gana,vrIsa,curadi,bhvadi,,,
gana,vruqa,tudadi,curadi,tudadi,,
gana,waka,curadi,curadi,,,bhvadi
gana,yasa,divadi,bhvadi,,,
gana,yata,,bhvadi,curadi,,
gana,yatra,curadi,bhvadi,,,
gana,zama,bhvadi|curadi,curadi,bhvadi,,
gana,zi,kryadi,svadi,,svadi,
gana,zu,adadi|bhvadi|svadi,bhvadi|svadi,,adadi,
gana,zuha,adadi,,divadi,divadi,
pada,BAja,parasmaipada,ubhayapada,ubhayapada,,
pada,BAma,atmanepada|parasmaipada,atmanepada,parasmaipada|ubhayapada,,
pada,BAza,atmanepada,,parasmaipada,,
pada,BUza,parasmaipada,ubhayapada,parasmaipada|ubhayapada,,
pada,Balla,atmanepada,parasmaipada,,atmanepada,
pada,Bartsa,ubhayapada,ubhayapada,parasmaipada,ubhayapada,
pada,Bida,ubhayapada,parasmaipada,,,
pada,BrI,,parasmaipada,,ubhayapada,
pada,Carda,,,ubhayapada,parasmaipada,
pada,Cidra,,,ubhayapada,parasmaipada,
pada,Cuwa,,ubhayapada,parasmaipada,,ubhayapada
pada,DU,ubhayapada,ubhayapada,parasmaipada,ubhayapada,
pada,DUpa,parasmaipada,parasmaipada|ubhayapada,parasmaipada|ubhayapada,,ubhayapada
pada,DUsa,,,ubhayapada,parasmaipada,
pada,Df,atmanepada|ubhayapada,atmanepada|ubhayapada,,parasmaipada,ubhayapada
pada,Dfza,atmanepada,atmanepada|parasmaipada|ubhayapada,ubhayapada,,ubhayapada
pada,Drasa,,parasmaipada,parasmaipada,,ubhayapada
pada,Du,ubhayapada,ubhayapada,,parasmaipada,ubhayapada
pada,Dvansa,atmanepada,parasmaipada,,,
pada,GUrRa,ubhayapada,,parasmaipada,parasmaipada,
pada,Gasa,atmanepada,parasmaipada,,,
pada,Gawa,atmanepada,atmanepada|ubhayapada,ubhayapada,,
pada,Gawwa,atmanepada,atmanepada|ubhayapada,ubhayapada,,ubhayapada
pada,GuRa,atmanepada,parasmaipada,,,
pada,Gura,,parasmaipada,parasmaipada,atmanepada,
pada,Guwa,atmanepada,atmanepada|parasmaipada,parasmaipada,,
pada,Guza,atmanepada,parasmaipada|ubhayapada,,atmanepada,
pada,I,atmanepada,atmanepada|parasmaipada,,parasmaipada,
pada,Ikza,atmanepada,parasmaipada,,,
pada,Iqa,atmanepada,atmanepada,ubhayapada,,
pada,Ira,atmanepada,atmanepada|ubhayapada,parasmaipada|ubhayapada,,
pada,Iza,atmanepada,atmanepada|parasmaipada,parasmaipada,,
pada,Kaqa,atmanepada,atmanepada|ubhayapada,ubhayapada,,
pada,Kawwa,,ubhayapada,ubhayapada,parasmaipada,
pada,Kuqa,atmanepada,atmanepada|ubhayapada,parasmaipada,,
pada,KyA,,ubhayapada,,parasmaipada,
pada,QOka,atmanepada,atmanepada,,parasmaipada,
pada,RaBa,atmanepada,atmanepada|parasmaipada,parasmaipada,,
pada,Raya,atmanepada,parasmaipada,,ubhayapada,
pada,SI,parasmaipada,atmanepada,,atmanepada,
pada,SIka,atmanepada,atmanepada|ubhayapada,ubhayapada,atmanepada,
pada,SUra,atmanepada,ubhayapada,,,
pada,SUrpa,parasmaipada,ubhayapada,ubhayapada,parasmaipada,
pada,Sabda,parasmaipada,ubhayapada,,parasmaipada,
pada,Saka,atmanepada|parasmaipada|ubhayapada,ubhayapada,ubhayapada,parasmaipada,
pada,Sala,atmanepada|parasmaipada,atmanepada|parasmaipada,parasmaipada,atmanepada,
pada,Samba,parasmaipada,parasmaipada,ubhayapada,parasmaipada,
pada,Saqa,atmanepada,parasmaipada,,,
pada,Sija,atmanepada,parasmaipada,,,
pada,Sikza,atmanepada,,parasmaipada,,
pada,Siza,parasmaipada,parasmaipada|ubhayapada,ubhayapada,,
pada,Sliza,parasmaipada,parasmaipada|ubhayapada,ubhayapada,,
pada,Sri,ubhayapada,ubhayapada,,parasmaipada,
pada,Sulka,parasmaipada,ubhayapada,ubhayapada,parasmaipada,
pada,Sulva,parasmaipada,ubhayapada,,,
pada,SvaBra,parasmaipada,ubhayapada,ubhayapada,parasmaipada,
pada,SvaWa,parasmaipada,ubhayapada,ubhayapada,,
pada,Svalka,parasmaipada,,ubhayapada,parasmaipada,
pada,Svita,atmanepada,ubhayapada,,,
pada,Uha,parasmaipada,parasmaipada,parasmaipada,atmanepada,
pada,Una,,ubhayapada,ubhayapada,parasmaipada,
pada,aGa,atmanepada,atmanepada,,parasmaipada,
pada,aNga,,ubhayapada,ubhayapada,parasmaipada,
pada,aNka,,ubhayapada,ubhayapada,parasmaipada,
pada,aSa,atmanepada,parasmaipada,,,
pada,aWa,atmanepada,parasmaipada,,,
pada,aha,atmanepada,atmanepada|parasmaipada|ubhayapada,parasmaipada,,
pada,aka,atmanepada,,parasmaipada,,
pada,ala,ubhayapada,ubhayapada,,parasmaipada,
pada,anDa,,,ubhayapada,parasmaipada,
pada,andola,,ubhayapada,,parasmaipada,
pada,arTa,parasmaipada,,atmanepada,atmanepada,
pada,arha,,parasmaipada|ubhayapada,ubhayapada,parasmaipada,
pada,avaDIra,ubhayapada,ubhayapada,,parasmaipada,
pada,aya,atmanepada,parasmaipada,,,
pada,baDa,atmanepada|parasmaipada,atmanepada,ubhayapada,,
pada,balha,atmanepada,atmanepada,ubhayapada,,
pada,barha,atmanepada,,ubhayapada,,
pada,bila,,ubhayapada,parasmaipada|ubhayapada,parasmaipada,
pada,bukka,parasmaipada,ubhayapada,parasmaipada|ubhayapada,,
pada,bula,parasmaipada,ubhayapada,ubhayapada,,
pada,busta,parasmaipada,ubhayapada,ubhayapada,parasmaipada,
pada,buwa,parasmaipada,ubhayapada,,,
pada,byuza,parasmaipada,ubhayapada,,parasmaipada,
pada,cURa,,ubhayapada,,parasmaipada,
pada,cUrRa,,,ubhayapada,parasmaipada,
pada,cada,ubhayapada,parasmaipada,,,
pada,carva,,ubhayapada,parasmaipada,,ubhayapada
pada,citra,,ubhayapada,ubhayapada,parasmaipada,
pada,cuba,atmanepada,ubhayapada,,,
pada,cuqa,atmanepada,parasmaipada,parasmaipada,,
pada,cuwwa,,ubhayapada,ubhayapada,parasmaipada,
pada,cyu,atmanepada,ubhayapada,ubhayapada,atmanepada,
pada,dASa,atmanepada|ubhayapada,parasmaipada|ubhayapada,parasmaipada,,ubhayapada
pada,dIDI,parasmaipada,atmanepada,,atmanepada,
pada,dU,atmanepada,atmanepada,,parasmaipada,
pada,daBa,,ubhayapada,parasmaipada,,ubhayapada
pada,daRqa,,ubhayapada,ubhayapada,parasmaipada,ubhayapada
pada,daSa,atmanepada,atmanepada|ubhayapada,,,ubhayapada
pada,dasa,atmanepada,parasmaipada,,,parasmaipada
pada,df,atmanepada,parasmaipada,,atmanepada,ubhayapada
pada,dfSa,atmanepada,parasmaipada,,,parasmaipada
pada,dfmpa,ubhayapada,,,,parasmaipada
pada,dfpa,ubhayapada,parasmaipada,parasmaipada|ubhayapada,,ubhayapada
pada,diBa,,ubhayapada,,parasmaipada,ubhayapada
pada,diva,atmanepada,atmanepada|parasmaipada|ubhayapada,,,ubhayapada
pada,drAGa,atmanepada,parasmaipada,,,parasmaipada
pada,duha,ubhayapada,parasmaipada,,,ubhayapada
pada,ez,,parasmaipada,,atmanepada,
pada,gF,atmanepada,atmanepada|parasmaipada,parasmaipada,parasmaipada,
pada,gUrdda,atmanepada,ubhayapada,,,
pada,galBa,atmanepada,,,parasmaipada,
pada,garha,atmanepada,atmanepada,ubhayapada,,
pada,gaveza,,,ubhayapada,parasmaipada,
pada,gf,,parasmaipada,atmanepada,parasmaipada,
pada,graTa,atmanepada,atmanepada,ubhayapada,,
pada,grasa,atmanepada,atmanepada|ubhayapada,ubhayapada,atmanepada,ubhayapada
pada,gu,atmanepada,atmanepada|parasmaipada,,parasmaipada,
pada,guDa,atmanepada,atmanepada|parasmaipada,parasmaipada,,
pada,guRa,,ubhayapada,ubhayapada,parasmaipada,
pada,gudra,,ubhayapada,,parasmaipada,
pada,heWa,atmanepada|parasmaipada,parasmaipada,parasmaipada,ubhayapada,
pada,heza,atmanepada,,,parasmaipada,
pada,hillola,parasmaipada,ubhayapada,,,
pada,hlapa,parasmaipada,,ubhayapada,parasmaipada,
pada,hnu,atmanepada,atmanepada,,parasmaipada,
pada,hoqa,atmanepada,,,parasmaipada,
pada,hve,ubhayapada,ubhayapada,,parasmaipada,
pada,i,atmanepada,parasmaipada,parasmaipada,atmanepada|parasmaipada,
pada,iN,,atmanepada,parasmaipada,,
pada,jF,,parasmaipada|ubhayapada,parasmaipada|ubhayapada,parasmaipada,ubhayapada
pada,jUza,parasmaipada,ubhayapada,parasmaipada,parasmaipada,
pada,jYapa,parasmaipada,ubhayapada,ubhayapada,,ubhayapada
pada,jaB,,,,parasmaipada,ubhayapada
pada,jaBa,atmanepada,parasmaipada,,,
pada,jakza,atmanepada,parasmaipada,parasmaipada,,parasmaipada
pada,jana,atmanepada,parasmaipada,parasmaipada,parasmaipada,
pada,ji,,parasmaipada,ubhayapada,parasmaipada,
pada,jrI,,ubhayapada,,parasmaipada,
pada,jri,,parasmaipada,ubhayapada,parasmaipada,
pada,ju,atmanepada,atmanepada|parasmaipada,,parasmaipada,parasmaipada
pada,juza,atmanepada,ubhayapada,ubhayapada,,ubhayapada
pada,kAla,,ubhayapada,ubhayapada,parasmaipada,
pada,kAsa,atmanepada,parasmaipada,,,
pada,kF,atmanepada|ubhayapada,atmanepada|parasmaipada|ubhayapada,parasmaipada,parasmaipada,
pada,kIwa,,ubhayapada,ubhayapada,parasmaipada,
pada,kU,atmanepada|ubhayapada,ubhayapada,,atmanepada,
pada,kURa,atmanepada,atmanepada|ubhayapada,ubhayapada,,
pada,kaRqU,,ubhayapada,,parasmaipada,
pada,kaTa,,ubhayapada,ubhayapada,parasmaipada,
pada,kaWa,atmanepada,parasmaipada|ubhayapada,parasmaipada,,
pada,kaba,atmanepada,parasmaipada,,,
pada,kala,atmanepada,atmanepada|ubhayapada,ubhayapada,,
pada,kama,atmanepada,parasmaipada,,,
pada,kapa,atmanepada,parasmaipada,,,
pada,kaqa,atmanepada,parasmaipada|ubhayapada,parasmaipada,,
pada,karRa,,,ubhayapada,parasmaipada,
pada,kasa,atmanepada,atmanepada|parasmaipada,parasmaipada,,
pada,katTa,atmanepada,parasmaipada,,,
pada,katra,,ubhayapada,ubhayapada,parasmaipada,
pada,kfpa,atmanepada,parasmaipada|ubhayapada,ubhayapada,,
pada,kfza,ubhayapada,parasmaipada,parasmaipada|ubhayapada,,
pada,kliSa,ubhayapada,parasmaipada,,,
pada,knaTa,,ubhayapada,parasmaipada,,
pada,krI,ubhayapada,ubhayapada,,parasmaipada,
pada,krada,atmanepada,parasmaipada,,,
pada,kumAla,,ubhayapada,,parasmaipada,
pada,kumAra,,ubhayapada,ubhayapada,parasmaipada,
pada,kuqa,atmanepada,atmanepada|parasmaipada|ubhayapada,parasmaipada,,
pada,kutsa,parasmaipada,parasmaipada,,ubhayapada,
pada,kuwa,atmanepada,parasmaipada,parasmaipada,,
pada,kuwwa,atmanepada,atmanepada|ubhayapada,ubhayapada,parasmaipada,
pada,kzIva,atmanepada,parasmaipada,,,
pada,kzama,atmanepada,parasmaipada,,,
pada,kzipa,ubhayapada,parasmaipada,parasmaipada|ubhayapada,,
pada,kzuBa,atmanepada,,parasmaipada,,
pada,kzvida,atmanepada,parasmaipada,,,
pada,kzviqa,atmanepada,parasmaipada,,,
pada,lAqa,parasmaipada,ubhayapada,,,
pada,lI,atmanepada|parasmaipada,parasmaipada|ubhayapada,,atmanepada,
pada,lUza,parasmaipada,ubhayapada,parasmaipada|ubhayapada,,
pada,laSa,parasmaipada,ubhayapada,,,
pada,laYja,parasmaipada,ubhayapada,,,
pada,laga,parasmaipada,parasmaipada|ubhayapada,ubhayapada,,
pada,lala,atmanepada|parasmaipada,ubhayapada,,,
pada,loka,atmanepada|parasmaipada,ubhayapada,,,
pada,luRwa,parasmaipada,ubhayapada,,,
pada,luba,parasmaipada,ubhayapada,,,
pada,luja,parasmaipada,ubhayapada,,,
pada,mArga,parasmaipada,ubhayapada,ubhayapada,parasmaipada,
pada,mArja,,,ubhayapada,parasmaipada,
pada,mArjja,parasmaipada,ubhayapada,,,
pada,mI,atmanepada|ubhayapada,ubhayapada,parasmaipada,atmanepada,
pada,mUtra,ubhayapada,ubhayapada,ubhayapada,parasmaipada,
pada,maGa,atmanepada,parasmaipada,,,
pada,maqa,atmanepada|parasmaipada,ubhayapada,,,
pada,maska,atmanepada,parasmaipada,atmanepada,,
pada,mepa,atmanepada,,,parasmaipada,
pada,mf,parasmaipada,parasmaipada,,atmanepada,
pada,mfDa,ubhayapada,ubhayapada,,parasmaipada,
pada,mfga,atmanepada,parasmaipada,parasmaipada,,
pada,miSra,parasmaipada,,ubhayapada,parasmaipada,
pada,mlecCa,parasmaipada,ubhayapada,parasmaipada|ubhayapada,,
pada,mokza,parasmaipada,parasmaipada,ubhayapada,,
pada,mrakza,parasmaipada,parasmaipada|ubhayapada,ubhayapada,,
pada,muWa,atmanepada,parasmaipada,,,
pada,muda,atmanepada|parasmaipada,,ubhayapada,,
pada,muha,parasmaipada,ubhayapada,,,
pada,nATa,atmanepada,parasmaipada,,,parasmaipada
pada,pAra,,ubhayapada,ubhayapada,parasmaipada,ubhayapada
pada,pF,parasmaipada,parasmaipada,parasmaipada|ubhayapada,parasmaipada,ubhayapada
pada,pUR,,,,parasmaipada,ubhayapada
pada,pURa,parasmaipada,ubhayapada,,,
pada,pUj,,,,parasmaipada,ubhayapada
pada,pUja,parasmaipada,ubhayapada,ubhayapada,,
pada,pUrRa,,,ubhayapada,parasmaipada,
pada,pUra,atmanepada|parasmaipada,atmanepada|ubhayapada,,,ubhayapada
pada,paRa,atmanepada,parasmaipada,atmanepada,,
pada,paTa,,parasmaipada|ubhayapada,ubhayapada,parasmaipada,ubhayapada
pada,pada,atmanepada,atmanepada|parasmaipada,,,parasmaipada
pada,pala,,ubhayapada,parasmaipada,,parasmaipada|ubhayapada
pada,palyUla,,ubhayapada,,parasmaipada,
pada,palyula,,ubhayapada,,parasmaipada,ubhayapada
pada,paqa,atmanepada,ubhayapada,,,ubhayapada
pada,parRa,,ubhayapada,ubhayapada,parasmaipada,
pada,parza,atmanepada,atmanepada,,parasmaipada,atmanepada
pada,pata,atmanepada,parasmaipada,ubhayapada,,ubhayapada
pada,pf,atmanepada|parasmaipada,atmanepada|parasmaipada|ubhayapada,,parasmaipada,ubhayapada
pada,pfT,,,,parasmaipada,ubhayapada
pada,pfTa,parasmaipada,ubhayapada,ubhayapada,,
pada,pfc,,,,atmanepada,ubhayapada
pada,pfca,atmanepada|parasmaipada,atmanepada|ubhayapada,ubhayapada,,
pada,picCa,,,ubhayapada,,parasmaipada
pada,picca,,ubhayapada,,parasmaipada,ubhayapada
pada,pija,atmanepada,ubhayapada,,,ubhayapada
pada,piqa,atmanepada,ubhayapada,,,atmanepada
pada,praTa,atmanepada|parasmaipada,ubhayapada,ubhayapada,atmanepada,ubhayapada
pada,preNKola,parasmaipada,ubhayapada,,,
pada,preza,parasmaipada,parasmaipada,,atmanepada,
pada,puTa,parasmaipada,parasmaipada,parasmaipada|ubhayapada,,ubhayapada
pada,pula,parasmaipada,parasmaipada|ubhayapada,parasmaipada|ubhayapada,,ubhayapada
pada,puza,parasmaipada,parasmaipada|ubhayapada,parasmaipada|ubhayapada,,ubhayapada
pada,qipa,atmanepada,ubhayapada,atmanepada|parasmaipada|ubhayapada,,
pada,rIva,ubhayapada,ubhayapada,,atmanepada,
pada,rUkza,parasmaipada,ubhayapada,ubhayapada,,
pada,rUpa,parasmaipada,ubhayapada,ubhayapada,,
pada,rUza,parasmaipada,ubhayapada,parasmaipada,,
pada,raGa,atmanepada|parasmaipada,ubhayapada,,,
pada,raMha,parasmaipada,ubhayapada,,,
pada,raca,parasmaipada,ubhayapada,ubhayapada,,
pada,rama,atmanepada,,parasmaipada,,
pada,repa,atmanepada,atmanepada,,parasmaipada,
pada,reza,atmanepada,atmanepada,,parasmaipada,
pada,ruca,atmanepada,,parasmaipada,,
pada,ruja,parasmaipada,parasmaipada|ubhayapada,ubhayapada,,
pada,ruwa,atmanepada|parasmaipada,parasmaipada|ubhayapada,ubhayapada,,
pada,sAma,parasmaipada,ubhayapada,ubhayapada,parasmaipada,
pada,sAmba,parasmaipada,ubhayapada,ubhayapada,parasmaipada,
pada,sAntva,parasmaipada,ubhayapada,,parasmaipada,
pada,sAra,parasmaipada,ubhayapada,ubhayapada,,
pada,sAta,parasmaipada,ubhayapada,,,
pada,sIka,atmanepada|parasmaipada,ubhayapada,,,
pada,sKada,atmanepada,,parasmaipada,,
pada,sPaqa,parasmaipada,ubhayapada,,,
pada,sPiwa,parasmaipada,ubhayapada,ubhayapada,parasmaipada,
pada,sPiwwa,,,ubhayapada,parasmaipada,
pada,sTUla,atmanepada,ubhayapada,,atmanepada,
pada,sUca,parasmaipada,ubhayapada,ubhayapada,,
pada,sUtra,parasmaipada,ubhayapada,,parasmaipada,
pada,saBAja,parasmaipada,ubhayapada,ubhayapada,,
pada,saNketa,,,ubhayapada,parasmaipada,
pada,saWa,parasmaipada,ubhayapada,,parasmaipada,
pada,samba,parasmaipada,ubhayapada,,parasmaipada,
pada,seva,ubhayapada,,,atmanepada,
pada,smiwa,parasmaipada,ubhayapada,ubhayapada,,
pada,sniwa,parasmaipada,,ubhayapada,parasmaipada,
pada,spfha,parasmaipada,ubhayapada,ubhayapada,parasmaipada,
pada,stUpa,parasmaipada,ubhayapada,parasmaipada|ubhayapada,,
pada,stana,parasmaipada,ubhayapada,parasmaipada|ubhayapada,parasmaipada,
pada,stena,parasmaipada,ubhayapada,ubhayapada,parasmaipada,
pada,stepa,,ubhayapada,,parasmaipada,
pada,stf,parasmaipada|ubhayapada,parasmaipada,,ubhayapada,
pada,stoma,parasmaipada,ubhayapada,ubhayapada,,
pada,suKa,parasmaipada,ubhayapada,ubhayapada,,
pada,suwwa,parasmaipada,,ubhayapada,parasmaipada,
pada,svF,parasmaipada,parasmaipada,,ubhayapada,
pada,svada,,,parasmaipada,atmanepada,
pada,svara,parasmaipada,ubhayapada,ubhayapada,,
pada,tIra,,ubhayapada,ubhayapada,parasmaipada,
pada,tURa,atmanepada,ubhayapada,,,
pada,tUla,atmanepada,parasmaipada,parasmaipada,,
pada,tapa,atmanepada,ubhayapada,parasmaipada|ubhayapada,,
pada,taqa,atmanepada,atmanepada|ubhayapada,ubhayapada,,ubhayapada
pada,tarka,,ubhayapada,ubhayapada,parasmaipada,ubhayapada
pada,tija,atmanepada,atmanepada|ubhayapada,atmanepada|ubhayapada,,ubhayapada
pada,tika,atmanepada,atmanepada|parasmaipada,parasmaipada,,parasmaipada
pada,trA,atmanepada,,,parasmaipada,
pada,trE,atmanepada,,,parasmaipada,
pada,truwa,atmanepada,parasmaipada,parasmaipada,,parasmaipada
pada,tuBa,atmanepada,parasmaipada|ubhayapada,parasmaipada,atmanepada,
pada,tuja,,parasmaipada|ubhayapada,parasmaipada,,ubhayapada
pada,tuqa,atmanepada,parasmaipada,parasmaipada,,parasmaipada
pada,uDrasa,,parasmaipada,ubhayapada,,
pada,vAha,parasmaipada,,,atmanepada,
pada,vAsa,parasmaipada,ubhayapada,ubhayapada,parasmaipada,
pada,vAta,parasmaipada,ubhayapada,ubhayapada,parasmaipada,
pada,vF,ubhayapada,ubhayapada,parasmaipada,ubhayapada,
pada,vIja,,ubhayapada,,parasmaipada,
pada,valBa,atmanepada,atmanepada,parasmaipada,,
pada,valha,atmanepada|parasmaipada,ubhayapada,,atmanepada,
pada,valka,parasmaipada,,ubhayapada,parasmaipada,
pada,valyula,parasmaipada,ubhayapada,,parasmaipada,
pada,vaqa,atmanepada|parasmaipada,ubhayapada,,,
pada,varDa,,,ubhayapada,parasmaipada,
pada,varRa,parasmaipada,,ubhayapada,parasmaipada,
pada,vara,parasmaipada,ubhayapada,ubhayapada,,
pada,vardDa,parasmaipada,ubhayapada,,,
pada,varha,atmanepada|parasmaipada,ubhayapada,ubhayapada,parasmaipada,
pada,vasta,atmanepada,ubhayapada,,atmanepada,
pada,vela,parasmaipada,parasmaipada,ubhayapada,,
pada,vevI,parasmaipada,atmanepada,,atmanepada,
pada,vf,atmanepada|parasmaipada|ubhayapada,ubhayapada,,atmanepada,
pada,vfDa,atmanepada|parasmaipada,ubhayapada,,,
pada,vfRa,ubhayapada,,parasmaipada,parasmaipada,
pada,vipa,parasmaipada,ubhayapada,,parasmaipada,
pada,vitta,parasmaipada,ubhayapada,,,
pada,vlI,parasmaipada,parasmaipada,parasmaipada,ubhayapada,
pada,vrI,atmanepada|parasmaipada,parasmaipada,parasmaipada,atmanepada,
pada,vrIqa,parasmaipada,parasmaipada,parasmaipada,atmanepada,
pada,vraSca,parasmaipada,,,atmanepada,
pada,vuwa,parasmaipada,ubhayapada,,,
pada,vyapa,parasmaipada,ubhayapada,,,
pada,yata,,atmanepada,ubhayapada,,
pada,yatra,parasmaipada,ubhayapada,,,
pada,zAntva,parasmaipada,ubhayapada,ubhayapada,,
pada,zRA,parasmaipada,parasmaipada,,atmanepada,
pada,zRiha,parasmaipada,ubhayapada,ubhayapada,,
pada,zRu,ubhayapada,,parasmaipada,parasmaipada,
pada,zUrkza,parasmaipada,parasmaipada,,atmanepada,
pada,zaca,atmanepada|parasmaipada,atmanepada|parasmaipada,parasmaipada|ubhayapada,atmanepada,
pada,zada,parasmaipada,parasmaipada|ubhayapada,ubhayapada,,
pada,zaha,atmanepada|parasmaipada,ubhayapada,parasmaipada|ubhayapada,atmanepada,
pada,zama,parasmaipada,ubhayapada,parasmaipada,,
pada,zamba,parasmaipada,parasmaipada,ubhayapada,parasmaipada,
pada,zawwa,parasmaipada,,ubhayapada,parasmaipada,
pada,zuwwa,parasmaipada,ubhayapada,ubhayapada,parasmaipada,
pada,zvada,atmanepada|parasmaipada,ubhayapada,parasmaipada|ubhayapada,,
transitivity,BAja,sakarmaka,sakarmaka,akarmaka,,
transitivity,BF,sakarmaka,sakarmaka,akarmaka,,
transitivity,Basa,sakarmaka,sakarmaka,akarmaka,,
transitivity,Bawa,sakarmaka,sakarmaka,akarmaka,,
transitivity,Baza,sakarmaka,sakarmaka,akarmaka,,
transitivity,Blakza,sakarmaka,sakarmaka,akarmaka,,
transitivity,BrURa,sakarmaka,sakarmaka,akarmaka,,
transitivity,BraRa,sakarmaka,sakarmaka,akarmaka,,
transitivity,BraSa,akarmaka,sakarmaka,,,
transitivity,Cfpa,,akarmaka,sakarmaka,,sakarmaka
transitivity,Dikza,,sakarmaka,sakarmaka,,akarmaka
transitivity,Drasa,,sakarmaka,akarmaka,,sakarmaka
transitivity,Dru,,sakarmaka,,,akarmaka
transitivity,Dukza,,,sakarmaka,,akarmaka
transitivity,Dvana,,akarmaka|sakarmaka,akarmaka,,sakarmaka
transitivity,Dvf,,sakarmaka,,,akarmaka
transitivity,Gaza,,akarmaka,sakarmaka,,
transitivity,Gura,,akarmaka,sakarmaka,,
transitivity,Iha,sakarmaka,sakarmaka,akarmaka,,
transitivity,Irzya,,akarmaka,sakarmaka,,
transitivity,KE,,sakarmaka,akarmaka,,
transitivity,Kala,,akarmaka,sakarmaka,,
transitivity,Karja,,akarmaka,sakarmaka,,
transitivity,Pakka,akarmaka,akarmaka,sakarmaka,,
transitivity,RIla,,sakarmaka,akarmaka,,
transitivity,RIva,,sakarmaka,akarmaka,,
transitivity,Rala,,sakarmaka,akarmaka,,
transitivity,RiSa,,sakarmaka,akarmaka,,
transitivity,Rila,,sakarmaka,akarmaka,,
transitivity,SAra,akarmaka,sakarmaka,,,
transitivity,SOqa,akarmaka,sakarmaka,,,
transitivity,SUla,sakarmaka,akarmaka,sakarmaka,,
transitivity,SUra,akarmaka|sakarmaka,sakarmaka,akarmaka,,
transitivity,SaSa,akarmaka,sakarmaka,sakarmaka,,
transitivity,Sabda,akarmaka,sakarmaka,,,
transitivity,Samba,sakarmaka,sakarmaka,akarmaka,,
transitivity,Sapa,sakarmaka,sakarmaka,akarmaka,,
transitivity,Saqa,sakarmaka,akarmaka,,,
transitivity,Scyuta,akarmaka,sakarmaka,,,
transitivity,Sila,sakarmaka,sakarmaka,akarmaka,,
transitivity,Siza,sakarmaka,sakarmaka,akarmaka,,
transitivity,SlAGa,sakarmaka,akarmaka,,,
transitivity,SroRa,sakarmaka,akarmaka,,,
transitivity,SuDa,akarmaka,sakarmaka,,,
transitivity,SuWa,akarmaka,sakarmaka,akarmaka|sakarmaka,,
transitivity,Suca,sakarmaka,sakarmaka,akarmaka,,
transitivity,Sulka,sakarmaka,sakarmaka,akarmaka,,
transitivity,Suza,akarmaka,sakarmaka,,,
transitivity,Svala,akarmaka,akarmaka,sakarmaka,,
transitivity,Svalla,akarmaka,akarmaka,sakarmaka,,
transitivity,Svasa,akarmaka,sakarmaka,akarmaka,,
transitivity,Svida,akarmaka,sakarmaka,,,
transitivity,Svita,akarmaka,sakarmaka,,,
transitivity,Una,,sakarmaka,akarmaka,,
transitivity,bAqa,akarmaka,sakarmaka,,,
transitivity,baRa,akarmaka,sakarmaka,akarmaka,,
transitivity,baWa,akarmaka,sakarmaka,,,
transitivity,bada,akarmaka,sakarmaka,sakarmaka,,
transitivity,banDa,sakarmaka,sakarmaka,akarmaka,,
transitivity,biwa,,sakarmaka,akarmaka,,
transitivity,bukka,sakarmaka,sakarmaka,akarmaka,,
transitivity,cezwa,,sakarmaka,akarmaka,,
transitivity,cila,,akarmaka,sakarmaka,,
transitivity,cilla,,akarmaka,sakarmaka,,
transitivity,cupa,,sakarmaka,akarmaka,,
transitivity,cuqqa,,sakarmaka,akarmaka,,
transitivity,cyusa,,akarmaka,sakarmaka,,
transitivity,dE,akarmaka,sakarmaka,,,
transitivity,dIDI,,akarmaka,,,sakarmaka
transitivity,dU,,sakarmaka,,,akarmaka
transitivity,dfBa,,akarmaka|sakarmaka,akarmaka,,sakarmaka
transitivity,dfPa,,sakarmaka,,,akarmaka
transitivity,drA,,sakarmaka,,,akarmaka
transitivity,druRa,,sakarmaka,sakarmaka,,akarmaka
transitivity,eWa,,akarmaka,sakarmaka,,
transitivity,gF,,sakarmaka,akarmaka,,
transitivity,galBa,,sakarmaka,akarmaka,,
transitivity,gfja,sakarmaka,akarmaka,sakarmaka,,
transitivity,gozwa,,akarmaka,sakarmaka,,
transitivity,guPa,,sakarmaka,akarmaka,,
transitivity,guqa,,sakarmaka,akarmaka,,
transitivity,haWa,akarmaka,sakarmaka,akarmaka,,
transitivity,heWa,sakarmaka,sakarmaka,akarmaka,,
transitivity,hikka,akarmaka|sakarmaka,sakarmaka,akarmaka,,
transitivity,hillola,akarmaka,sakarmaka,,,
transitivity,hlapa,sakarmaka,,akarmaka,,
transitivity,hmala,akarmaka,akarmaka,sakarmaka,,
transitivity,hrasa,akarmaka,sakarmaka,akarmaka,,
transitivity,hurcCa,akarmaka,sakarmaka,,,
transitivity,hvala,sakarmaka,akarmaka,akarmaka,,
transitivity,hve,sakarmaka,akarmaka,,,
transitivity,jIva,,sakarmaka,akarmaka,,akarmaka
transitivity,jUra,,sakarmaka,,,akarmaka
transitivity,jaja,,akarmaka,sakarmaka,,
transitivity,ji,,sakarmaka,akarmaka,,
transitivity,kIwa,,sakarmaka,akarmaka,,
transitivity,kUwa,,sakarmaka,akarmaka,,
transitivity,kaKa,,akarmaka,sakarmaka,,
transitivity,kaSa,,sakarmaka,akarmaka,,
transitivity,kaka,,sakarmaka,akarmaka,,
transitivity,katTa,,sakarmaka,akarmaka,,
transitivity,katra,,akarmaka,sakarmaka,,
transitivity,kfSa,,sakarmaka,akarmaka,,
transitivity,kila,,akarmaka,sakarmaka,,
transitivity,kliSa,sakarmaka,sakarmaka,akarmaka,,
transitivity,krapa,,akarmaka,sakarmaka,,
transitivity,krunca,,akarmaka,sakarmaka,,
transitivity,kunTa,,akarmaka,sakarmaka,,
transitivity,kusa,,sakarmaka,akarmaka,,
transitivity,kusma,,sakarmaka,akarmaka,,
transitivity,kuwumba,,akarmaka,sakarmaka,,
transitivity,kzRu,,sakarmaka,akarmaka,,
transitivity,kzara,sakarmaka,sakarmaka,akarmaka,,
transitivity,kzmAya,sakarmaka,akarmaka,,,
transitivity,kzmIla,,akarmaka,sakarmaka,,
transitivity,kzuBa,,akarmaka,sakarmaka,,
transitivity,lAKa,akarmaka,sakarmaka,,,
transitivity,lOqa,akarmaka,sakarmaka,,,
transitivity,laCa,sakarmaka,sakarmaka,akarmaka,,
transitivity,lapa,sakarmaka,,akarmaka,,
transitivity,lawa,sakarmaka,akarmaka,akarmaka,,
transitivity,lowa,akarmaka,sakarmaka,,,
transitivity,mIma,akarmaka,sakarmaka,,,
transitivity,mIva,akarmaka,akarmaka,sakarmaka,,
transitivity,mUtra,sakarmaka,akarmaka,akarmaka,,
transitivity,maKa,sakarmaka,sakarmaka,akarmaka,,
transitivity,maSa,akarmaka,sakarmaka,akarmaka,,
transitivity,maWa,sakarmaka,sakarmaka,akarmaka,,
transitivity,mala,sakarmaka,akarmaka,sakarmaka,,
transitivity,malla,sakarmaka,akarmaka,sakarmaka,,
transitivity,mana,sakarmaka,akarmaka|sakarmaka,akarmaka,,
transitivity,mawa,akarmaka,sakarmaka,,,
transitivity,mfDa,akarmaka,sakarmaka,,,
transitivity,mfda,sakarmaka,sakarmaka,akarmaka,,
transitivity,mfqa,akarmaka,sakarmaka,akarmaka|sakarmaka,,
transitivity,miSa,akarmaka,sakarmaka,akarmaka,,
transitivity,mila,akarmaka,sakarmaka,sakarmaka,,
transitivity,mlE,akarmaka,sakarmaka,,,
transitivity,mlecCa,sakarmaka,akarmaka,akarmaka,,
transitivity,mlewa,akarmaka,sakarmaka,,,
transitivity,mrakza,sakarmaka,sakarmaka,akarmaka,,
transitivity,mrewa,akarmaka,sakarmaka,,,
transitivity,muca,akarmaka|sakarmaka,sakarmaka,akarmaka,,
transitivity,muja,sakarmaka,sakarmaka,akarmaka,,
transitivity,murcCa,akarmaka,sakarmaka,,,
transitivity,muza,sakarmaka,sakarmaka,akarmaka,,
transitivity,nF,,sakarmaka,akarmaka,,
transitivity,pIla,,sakarmaka,akarmaka,,sakarmaka
transitivity,pIva,,akarmaka,sakarmaka,,akarmaka
transitivity,pUla,,sakarmaka,akarmaka,,
transitivity,pUrva,,sakarmaka,akarmaka,,
transitivity,parRa,,sakarmaka,akarmaka,,
transitivity,pardda,,akarmaka,,,sakarmaka
transitivity,pfRa,sakarmaka,,akarmaka,,
transitivity,pfqa,sakarmaka,akarmaka,akarmaka,,
transitivity,piSa,,sakarmaka,akarmaka,,akarmaka
transitivity,plu,akarmaka,sakarmaka,,,
transitivity,praTa,akarmaka|sakarmaka,akarmaka|sakarmaka,akarmaka,,sakarmaka
transitivity,prasa,sakarmaka,sakarmaka,akarmaka,,sakarmaka
transitivity,preNKola,akarmaka,sakarmaka,,,
transitivity,puRa,,sakarmaka,akarmaka,,sakarmaka
transitivity,pula,akarmaka,sakarmaka,akarmaka,,sakarmaka
transitivity,puwwa,,sakarmaka,akarmaka,,sakarmaka
transitivity,qapa,,sakarmaka,akarmaka,,
transitivity,rADa,sakarmaka,sakarmaka,akarmaka,,
transitivity,rUpa,sakarmaka,sakarmaka,akarmaka,,
transitivity,rUza,akarmaka,akarmaka,sakarmaka,,
transitivity,raWa,sakarmaka,sakarmaka,akarmaka,,
transitivity,raca,sakarmaka,sakarmaka,akarmaka,,
transitivity,rapa,sakarmaka,sakarmaka,akarmaka,,
transitivity,rawa,sakarmaka,sakarmaka,akarmaka,,
transitivity,riBa,akarmaka,sakarmaka,,,
transitivity,riKa,sakarmaka,akarmaka,sakarmaka,,
transitivity,rica,akarmaka,sakarmaka,sakarmaka,,
transitivity,ru,akarmaka|sakarmaka,sakarmaka,akarmaka,,
transitivity,ruda,sakarmaka,akarmaka,,,
transitivity,sAmba,sakarmaka,sakarmaka,akarmaka,,
transitivity,sAra,akarmaka,sakarmaka,akarmaka,,
transitivity,sKala,sakarmaka,akarmaka,,,
transitivity,sPula,akarmaka,sakarmaka,akarmaka,,
transitivity,sUca,sakarmaka,sakarmaka,akarmaka,,
transitivity,sUrkzya,sakarmaka,,akarmaka,,
transitivity,saNgrAma,akarmaka,sakarmaka,akarmaka,,
transitivity,smIla,akarmaka,sakarmaka,sakarmaka,,
transitivity,sniwa,akarmaka,sakarmaka,akarmaka,,
transitivity,spardDa,sakarmaka,akarmaka,,,
transitivity,srE,sakarmaka,akarmaka,,,
transitivity,stUpa,sakarmaka,akarmaka,akarmaka,,
transitivity,stana,akarmaka|sakarmaka,sakarmaka,akarmaka,,
transitivity,stoma,sakarmaka,akarmaka,sakarmaka,,
transitivity,suKa,sakarmaka,sakarmaka,akarmaka,,
transitivity,suda,akarmaka,sakarmaka,,,sakarmaka
transitivity,svana,akarmaka,akarmaka,sakarmaka,,
transitivity,syama,sakarmaka,akarmaka|sakarmaka,akarmaka,,
transitivity,tIra,,akarmaka,sakarmaka,,akarmaka
transitivity,tUza,,sakarmaka,akarmaka,,
transitivity,taga,,sakarmaka,,,akarmaka
transitivity,taka,,sakarmaka,akarmaka,,
transitivity,tala,,akarmaka,sakarmaka,,
transitivity,tawa,,sakarmaka,akarmaka,,
transitivity,tfza,,sakarmaka,akarmaka,,
transitivity,tika,,sakarmaka,sakarmaka,,akarmaka
transitivity,tima,,akarmaka|sakarmaka,akarmaka,,sakarmaka
transitivity,tsara,,sakarmaka,akarmaka,,
transitivity,tusa,,sakarmaka,akarmaka,,
transitivity,vaRa,sakarmaka,sakarmaka,akarmaka,,
transitivity,vaha,akarmaka,sakarmaka,,,
transitivity,vakza,sakarmaka,sakarmaka,akarmaka,,
transitivity,valga,akarmaka,,sakarmaka,,
transitivity,valha,akarmaka,akarmaka|sakarmaka,sakarmaka,,
transitivity,vella,sakarmaka,sakarmaka,akarmaka,,
transitivity,vepa,akarmaka,sakarmaka,,,
transitivity,vfRa,sakarmaka,,akarmaka,,
transitivity,viwa,sakarmaka,sakarmaka,akarmaka,,
transitivity,vrIqa,sakarmaka,sakarmaka,akarmaka,,
transitivity,vyaTa,akarmaka,akarmaka,sakarmaka,,
transitivity,vyapa,akarmaka,sakarmaka,,,
transitivity,yaBa,akarmaka,sakarmaka,akarmaka,,
transitivity,yata,,akarmaka,sakarmaka,,
transitivity,yucCa,akarmaka,sakarmaka,akarmaka,,
transitivity,yupa,sakarmaka,akarmaka,sakarmaka,,
transitivity,zRasa,akarmaka,sakarmaka,,,
transitivity,zRiha,akarmaka,akarmaka,sakarmaka,,
transitivity,zRu,sakarmaka,sakarmaka,akarmaka,,
transitivity,zUra,sakarmaka,akarmaka,,,
transitivity,zUrkzya,akarmaka,sakarmaka,,,
transitivity,zWA,akarmaka,sakarmaka,akarmaka,,
transitivity,zWIva,sakarmaka,akarmaka,,,
transitivity,zWaga,akarmaka,sakarmaka,,,
transitivity,zanja,akarmaka,sakarmaka,,,
transitivity,zapa,akarmaka,sakarmaka,akarmaka,,
transitivity,zawa,akarmaka,sakarmaka,akarmaka,,
transitivity,zuha,sakarmaka,sakarmaka,akarmaka,,
transitivity,zunBa,sakarmaka,akarmaka,,,
transitivity,zwIma,akarmaka,,sakarmaka,,
transitivity,zwUpa,sakarmaka,akarmaka,,,
transitivity,zwana,akarmaka,sakarmaka,akarmaka,,
transitivity,zwima,akarmaka,akarmaka,sakarmaka,,
transitivity,zwuca,sakarmaka,akarmaka,akarmaka,,
