dict,L,k1,quote
ap,14,aMSukam,aMSukaM netravastrayoH .
ap,14,aMSukam,aMSukaM sUkzmavastre syAt pariDAnottarIyayoH . kiraRAnAM samUhe
ap,37,akaTita,anaBihitam akaTitaM karma
ap,39.002,akanizWaH,bahUni SatasahasrARi yAvadakanizWAnAM saMnipatitAnyaBUvan .
ap,138,akzaH,akzo dyUte varUTANge
ap,138.102,akzaBAraH,tattaddeSe tu CidraM syAdakzaBAre
ap,183,akzOhiRI,ekeBEkaraTA tryaSvA pattiH paYcapadAtikA . pattyaNgEstriguREH
ap,206.002,agaH,… aTa pannage . nagAH
ap,255.004,agram,… agramAlambane'Dike . puropariprAntAdyezu na puMsi pramitASane .
ap,305.002,aNgaH,aNgaM gAtrAntikopAya
ap,305.022,aNgADipaH,"˚rAjaH, ˚patiH, ˚ISvaraH, ˚aDISvaraH"
ap,313.004,aNgadaH,aNgado vAlinandane
ap,351,aNGri,dantadvandvaprahIRAdikamiBavaramapyaNGnimUlyena
ap,360.004,acalA,acalaH parvate vfkze kIlAvasuDayoH striyAm
ap,379.002,acCaH,˚Balla
ap,394.002,ajaH,ajo harO hare kAme viDO CAge raGoH sute .
ap,419,ajara,vfdDatvaM jarayA vinA
ap,441.002,ajitaH,paramAtmanyAtmani ca trizu syAdasPuwe'jitaH .
ap,445,ajihma,ajihmaH satkftAvfjO .
ap,454,ajIvaniH,aBAve BavatAM yo'smin
ap,475,aYcita,kanakAcalasaMkASadevatAyatanAYcite
ap,479.002,aYjanam,dAridryaM paramAYjanam
ap,479.002,aYjanam,anekArTasya Sabdasya vAcakatve niyantrite .
ap,511.002,awwaH,awwaM Bitticatuzke syAtkzAme'tyarTe gfhAntare .
ap,528,aRaka,mfte'pi tvayi jIvantyA
ap,569,ati,prakarze laNGane'pyati
ap,634,atiTiH,yasya na jYAyate nAma na ca gotraM na ca sTitiH . akasmAd gfhamAyAtaH
ap,641,atideSaH,atideSo nAma
ap,707.002,atimuktaH,ka idAnIM sahakAramantareRAtimuktalatAM pallavitAM
ap,770,ativyaTanam,sapatranizpatrAdativyaTane
ap,786.002,atiSvA,sevAM lAGavakAriRIM kftaDiyaH sTAne SvavfttiM
ap,814,atyayaH,aSuBe cApadi smftaH . atyayo 'tikrame kfcCre doze
ap,884.002,atriH,aTa nayanasamutTaM jyotiratreriva dyOH
ap,890,aTo,maNgalAnantarAramBapraSnakArtsnyezvaTo
ap,986,adriH,adriH SEle'rkavfkzayoH .
ap,986.070,adriSayyaH,"˚ISa, ˚indra"
ap,1008,aDama,aDamaH kutsite nyUne
ap,1010.002,aDaraH,aDaraM Kalu bimbanAmakaM PalamAByAmiti
ap,1154,aDizWAnam,aDizwAnaM cakapurapraBAvADyAsanezvapi .
ap,1164,aDyayanam,yaTA paSurBAravAhI na tasya Bajate Palam . dvijastaTArTAnaBijYo
ap,1191,aDyakza,pratyakze'Dikfte'DyakzaH .
ap,1232,aDyAhAraH,aparipUrRaM yad vAkyaM
ap,1274.002,anaNgaH,anaNge manmaTe vAyO piSAcacCAyayorapi
ap,1297.008,anantam,anantaH SezavizRvoScAnavaDO klIbamambare .
ap,1361,anayaH,anayo vyasane dEve cASuBe cApadi smftaH .
ap,1377,analaH,nAgnistfpyati kAzwAnAm
ap,1377,analaH,analo rAjYi nAle ca puMsyagnyOzaDiBedayoH
ap,1580.004,animizaH,sure matsye cAnimizaH …
ap,1587,aniravasita,pAtrAdaniravasitAnAm . yErmukte pAtraM saMskAreRa
ap,1957,anubanDaH,anubanDaH prakftyAdO dozotpAde vinaSvare .
ap,1978,anuBAvaH,anuBAvaH praBAve ca satAM ca matiniScaye
ap,2030,anuyuktin,"gfhItin, aDItin"
ap,2093,anuvAdaH,"viDyanuvAdayorviDirjyAyAn, apUrvArTaprakalpatvAditi"
ap,2162,anuSayaH,… anuSayo dveze paScAttApAnubanDayoH
ap,2180,anuzaNgaH,anuzaNgaSca PalavacanamaBavizyat
ap,2263.004,anUkam,anUkamastriyAM vaMSe SIle ca gatajanmani
ap,2290,anfc,taTA'nfce havirdatvA na dAtA laBate Palam
ap,2292,anfRa,jAyamAno vE brAhmaRastriBirfRErvA
ap,2292,anfRa,fzidevagaRasvaDABujAM SrutayAgaprasavEH sa
ap,2304.020,aneqamUka,anDe'pyaneqamUkaH syAt
ap,2311,anehas,tasmAdanehasaM kaMcitpratIkzasva mahABuja
ap,2328.002,antaH,antastu BAge'vasite racanAyAM ca tatpare .
ap,2334.144,antarnagaram,˚puram
ap,2334.285,antarvediH,ete BagavatyO
ap,2335.002,antaram,yogontareRonayuto'rDitastO
ap,2335.002,antaram,praDAnapuruzAntaraM sUkzmam
ap,2335.002,antaram,sTAnAtmIyAnyatAdarTyaranDrAntarDizu
ap,2376.002,antrI,"ajAntrI, CagalAntrI"
ap,2385.040,anDatAmisraH,anDatAmisrA hyasUryA nAma te lokAsteByaH
ap,2396.118,annavikAraH,annAdretaH saMBavati
ap,2411.038,anyaTAstotram,yatra vikftAkftireva darSanIyastvamasItyucyate
ap,2431,anvak,anvagBAvaM raGuvfzaBayorvAnarendro
ap,2568,apacitiH,strI pUjAyAmapacitirdvayoSca syAtkzayArcayoH
ap,2589,apaRqita,apaRqitAste puruzA
ap,2619,apadeSaH,apadeSaH pade lakzye syAt prasidDanimittayoH .
ap,2636.002,apaDvastaH,apaDvastaH parityakte ninditezvaTa cUrRite .
ap,2690,apara,"anuttama, anuttara"
ap,2774,apavAdaH,… apavAdastu nindane . AjYAyAM syAt … .
ap,2820,apaSabdaH,vEyAkaraRakirAtAdapaSabdamfgAH
ap,2828,apaScima,vipaScitAmapaScimaH .
ap,2863,apaskaraH,syAdraTANgamapaskaraH .
ap,2971,api,… apiH praSnaviroDayoH . saMBAvanAyAM garhAyAM samuccayavitarkayoH .
ap,3225,apsaras,yA tapoviSezapariSANkitasya sukumAraM praharaRaM
ap,3225,apsaras,paraspareRa kzatayoH prahartrerutkAntavATvoH
ap,3259.002,abjaH,abjastu nicule SaNKe padme DanvantarAvapi .
ap,3264.002,abdaH,… abdo meGe ca darpaRe . praBavAdO parvate ca ..
ap,3301.002,aBAvaH,atra saptamasyABAvakaTanAdeva
ap,3401.004,aBijYA,nAmasmftyoraBijYA syAt
ap,3404,aBijYAnam,ABijYAnaM smftAvapi .
ap,3627,aBirUpa,prAptarUpABirUpO dvO vidvAMse sundare'pi ca
ap,3738,aBizaNgaH,aBizaNgastu SapaTe SApe saNge parABave
ap,3864.002,aBIkaH,… aTa krUre ca kAmuke . BayahIne kavO puMsyAdaBIkaH
ap,3891,aBISuH,aBISuH pragraharaSimanoH .
ap,3904.022,aBUtatadBAvaH,payoDarIBUtacatuHsamudrAm
ap,3984,aByAsaH,anyAyaSca kfte'ByAsaH .
ap,4113,am,aM suKaM kaSmalaM duHKaM pUrRaM dUraM gataM varam
ap,4229.006,amftam,amftaM vAri surayornirvARe cAtisundare . ayAcite yajYaSeze puMsi
ap,4261,ambaram,aMbaraM vyomni vAsasi . suganDini ca kArpAse … .
ap,4265,ambazWaH,ambazWAnAM dArvihomiko brAhmaRaH .
ap,4298.002,ayaH,ayaH puMsi gatAvapi .
ap,4311,ayatna,ayatnaSItalaM vAri suKaM ca svedavarjitam
ap,4346,ayi,ayi praSnAnunayayoH …
ap,4376.002,araH,aravyaktirnazwA sTitamiva javAccakravalayam
ap,4427,aravindam,sUryAMSuBirBinnamivAravindam
ap,4452.024,arikeliH,arikeliH SatrulIlA
ap,4465.006,arizwam,… arizwaM sUtikAgfhe . aSuBe nimbavfkze ca SuBe takrANkayoH
ap,4478.004,aruRA,aruRaH kapile kuzWe sanDyArAge'rkasAraTO .
ap,4516.002,arkaH,arko'rkaparRe sPawike tAmre sUrye
ap,4526.002,arGatantram,raktabilvAkzatEH puzpErdaDidUrvANkuSEstilEH .
ap,4526.002,arGatantram,arGaH pUjAviDO mUlye … .
ap,4526.028,arGabalAbalam,arGasya hrAsaM vfdDiM vA … .
ap,4551.002,arjunaH,arjunaH PAlguno
ap,4551.008,arjunAH,arjunaH kakuBe pArTe
ap,4564,arTaH,arTo'BiDeyarEvastuprayojananivfttizu .
ap,4564.084,arTaguRAH,BAvikatvaM suSabdatvaM paryAyoktiH suDarmitA . catvAro'rTaguRAH
ap,4574.022,arTisAt,arTI tu yAcako vidyAt yasyArTaH sa ca arTavAn
ap,4582.006,arDam,arDaM KaRqe samAMSake
ap,4582.089,arDacandraH,arDacandrastadAkAre bARe barhe SiKaRqinaH
ap,4582.128,arDanArISaH,… patirapi jagatAmarDanArISvaro'BUt
ap,4586,arDin,yezAmarDaM te arDinaH .
ap,4604.002,aryaH,aryaH svAmivESyayoH
ap,4604.002,aryaH,… aryastu bAhuje
ap,4667,alaMkAraH,kAvyaSoBAkarAn DarmAnalaMkArAn pracakzate . alaMkarizRavaste
ap,4698,aliH,… aliH paNktO ca vfScike . BfNge vayasyAM
ap,4867.002,avagItam,… avagItaM tu garhite . janyopaSlizwayorvAcyaliNgaHkutsitakUjite .
ap,4984.002,avadAtaH,avadAtaH site pIte
ap,5044,avanam,avanaM KaRqane trARe gatO tfpte ca yAcane . SravaRe
ap,5047,avanata,liKannAste BUmiM bahiravanataH
ap,5073,avantiH,ayoDyA maTurA mAyA kASI kAYciravantikA . purI dvArAvatI cEva saptEtA
ap,5073,avantiH,Avantya eva nipuRAH sudfSo ratakarmaRi
ap,5187,avaroDaH,avaroDastiroDAne rAjadArezu tadgfhe
ap,5229,avalepaH,avalepastu garve syAllepane dUzaRe'pi ca
ap,5275,avaSyaMBAvin,avaSyaMBAviBAvAmAM pratIkAro Baved yadi . tadA
ap,5299,avazwamBaH,avazwamBaH suvarRe ca stamBaprAramBayorapi .
ap,5347,avasAyaH,aTAvasAyaH SezaH
ap,5484,avikzita,rakzogaRaM kziptumavikzitAtmA
ap,5582.002,aviratam,BajAmastvAM gOrIM nagapatikiSorImaviratam
ap,5585.020,aviralaDArAsAraH,aviralamadaDArADOtakumBaH
ap,5838.002,aSokaH,asUta sadyaH kusumAnyaSokaH … pAdena
ap,5894.002,aSvataraH,aSvataraH suravAjinoH … .
ap,5898,aSvatTAman,aSvatTAmA balirvyAso hanUmAMSca viBIzaRaH .
ap,5908.002,aSvinO,tvAzwrI tu saviturBAryA
ap,5923.023,azwANgam,urasA SirasA dfzwyA vacasA manasA taTA . padByAM karAByAM
ap,5948.002,astakam,udaye savitA rakto raktaScAstamane taTA .
ap,5990,asakO,avyayasarvanAmnAm akac prAkweH
ap,6135.042,asiDenuH,syAcCastrI cAsiputrI ca cCurikA cAsiDenukA .
ap,6225,asTi,"anasTa, puruzAsTa"
ap,6263,asyavAmIyam,sakfjvaptvAsyavAmIyaM SivasaMkalpameva ca
ap,6309,ahaha,ahahetyadBute Kede …
ap,6348,AH,AH svayaMBUriBo vAjI KedaH SaMkaravAsavO . pArijAtaH
ap,6365,AkalpakaH,‘AkalpakastamomohagranTizUtkalikAmudoH’
ap,6382.033,AkASagaNgA,uBO yadi vyomni pfTak pravAhAvAkASagaNgApayasaH
ap,6382.064,AkASayAnam,vAyubanDakavastreRa subadDo yAnamastake .
ap,6397,AkUtam,cirayati mayi vyaktAkUtA manAk
ap,6407,AkftiH,Akftistu SarIre syAdrUpasAmAnyayorapi
ap,6410,AkarzaH,AkarzaH SAriPalake dyUte'kze kArmuke'pi ca
ap,6428,AkrandaH,… Akrando
ap,6589.002,ANgirasaH,ANgIrasastvabdaBede muniBede tadIritam .
ap,6618,AcAryaH,Acinoti ca SAstrArTam AcAre sTApayatyapi . svayamAcarate
ap,6703,AwiH,AwirAqI SarAqI
ap,6708,AqambaraH,… Aqambaro'striyAm . turyaSabde ca
ap,6730,AtaYcanam,AtaYcanaM pratIvApe javanApyAyanArTayoH
ap,6780,Atman,"AtmasaMpanna, Atmavat"
ap,6780.036,AtmASin,matsyA iva janA nityaM Bakzayanti parasparam
ap,6780.078,AtmaGozaH,AtmaGozo vAyase syAdAtmastutipare'pi ca
ap,6853,AdarSaH,AdarSo darpaRe wIkA pratipustakayorapi
ap,6902,ADAraH,ADAra AlavAle'mbubanDe ca kiraRe'pi ca
ap,6934,AnakaH,… AnakaH svanadambude . BeryAM mfdaNge pawahe …
ap,6940,AnandaH,vijYAnamAnandaM brahma
ap,7049,AnvIkzikI,AnvIkzikI trayI vArtA daRqanItiSceti
ap,7057.038,Aptavacanam,AptaSrutirAptavacanam tu
ap,7247.034,AmajvaraH,svedyamAmajvaraM prAjYaH ko'mBasA
ap,7748,AvfttiH,tasmAdAvfttiH staraRamantrasya .
ap,7803,ASis,varaH Kalveza nASIH
ap,7845.002,ASravaH,avidyA'smitArAgadvezABiniveSAH kleSAH
ap,7884,Asanam,"padma˚, vIra˚, Badra˚"
ap,7884,Asanam,anAyAsena yena syAdajasraM brahmacintanam . AsanaM
ap,7884,Asanam,mastakadvitayaM dantAvAsanaM
ap,7952.002,AstikaH,agastyo mADavaScEva
ap,7954.002,AstIkaH,sarpApasarpa BadraM te gacCa sarpa
ap,8011,Ahan,AjaGne vizamavilocanasya vakzaH
ap,8075,iH,iH kAmaH sTARurindro'rko varuRaH pAdapo dvipaH . SuciH SrImAnajo
ap,8154,idAnIm,yAvantyetarhIRi tAvanti paMcadaSakftva idAnIni
ap,8159.002,inaH,ino BAgo DAmaniDiraMSumAlyabjinIpatiH
ap,8176.058,indrakoSaH,awwAlakapratolImaDye triDAnuzkADizWAnaM-indrakoSaM
ap,8184.004,indriyam,mA BUvannapaTavarAstavendriyASvAH
ap,8262,izwApUrtam,izwApUrte putrapaSUMSca
ap,8269.048,izumAtra,yadA hi dvijavarasyezumAtrAvalokanAnugaterna samAhitA
ap,8285.020,ihAmutra,ihAmutrArTaBogavirAgaH .
ap,8350.002,ISvaraH,ISvarastu parjanyavad drazwavyaH
ap,8364,IhA,hantuM kroDavaSAdIhAM cakrAte nO parasparam
ap,8367,uH,urgOrIpatiruH kAlaH seturnATaH parAyaRaH .
ap,8381.001,ukzA,vidalitamahAkUlAmukzRAM vizARaviGawwanEH
ap,8390.002,ugraH,kzatriyAcCUdrakanyAyAM kUrAcAravihAravAn . kzatraSUdravapurjanturugro
ap,8434,ucciNgawaH,ucciNgawastfRagaQa matsyakopanayoH pumAn
ap,8444,ucCAdanam,snApanocCAdanena ca
ap,8576,utkalikA,jalayantrajalAkArakIlAlotkalikAkulAH
ap,8677.036,uttarAyanam,BAnormakarasaMkAnteH zaRmAsA
ap,8773.002,utpIqaH,ApAtotpIqahelAhftakusumarajaHpiYjaro'yaM jalOGaH
ap,8801.002,utPullam,utPullaM karaRe strIRAmuttAne'pi vikasvare
ap,8807,utsaNgaH,viSAlataramutsaNgaM kuru
ap,8818,utsAdanam,aByaNgotsAdanaM mUrDni tElaM jentAkamAtapaM
ap,8847,utsargaH,utsfzwA vE vedAH
ap,8911,udaram,"kfSodarI, udaraBaraRam"
ap,9022,udGaH,matallikAmacarcikA prakARqamudGatallajO . praSastavAcakAnyamUni
ap,9022,udGaH,… udGAn saMGasamAgatAn
ap,9120,udDyaH,ujJatyudakamiti udDyaH
ap,9171,udyAnam,dUrIkftAH Kalu guRErudyAnalatA
ap,9362,unmardanam,sarvasuraByunmardanaM Bavati
ap,9474,upaGnaH,apaSyatAM dASaraTI
ap,9547,upatApin,puruzaM somyopatApinaM jYAtayaH paryupAsate
ap,9668,upanizkramaRam,caturTe mAsi kartavyaM SiSornizkramaRaM
ap,9951,upaSAyaH,niSopaSAyaH kartavyaH PaloccAyaSca saMhatEH
ap,10032,upasargaH,DAtvarTaM bADate kaScitkaScittamanuvartate . tameva viSinazwapanya
ap,10122,upAMSu,tasmAt yat kiMcit prAjApatyaM kriyate upAMSveva tat kriyate iti .
ap,10239.002,upottamam,upottamaM riti
ap,10282.034,uraSCadaH,uracCadamanirBidya drutamutpatitAH SarAH
ap,10393,uSanas,kavInAmuSanA kaviH
ap,10444,UH,UH pareto'RqajastvazwA vivasvAnagnisAraTiH . vahnirniSAkaraH
ap,10487,UrmikA,… UrmikAScApi citraratnacayANkitAH
ap,10513.002,UhaH,triviDaSca UhaH mantrasAmasaMskAravizayaH
ap,10519.002,fH,fnirftirnalo nAkaH KagarAqaTa vAsukiH . SAlaH pitfsvasuH
ap,10563.002,fRam,fRasaMstavo hi avaSyakartavyAnAM Bavati .
ap,10582,ftuH,paYcartavo hemantaSiSirayoH
ap,10626,F,FrnizeDo BavaH pUzA
ap,10629,X,XmahAtmA suro bAlo BUpaH stomaH kaTAnakaH
ap,10631,eH,eH kumAro'suro'rAtirjYAtIyo'hita udDataH .
ap,10632.377,ekaBAvaH,eko BAvaH sadA Sasto yatInAM BavitAtmanAm
ap,10641,ekaDA,yaH sakfd gAH prApayati sa ekaDA prApayatItyucyate .
ap,10731,ehimAya,ehimAyAso adruhaH
ap,10733,EH,EH krUro DaraRInATaH
ap,10821,ESvaryam,aRimA laGimA
ap,10830,o,orveDA jYo Druvo'gastyo garuqo'go'kzayo'suraH .
ap,10841,oGaH,tattvaM BavedanugatamoGaSceti nirUpitam . gItAnugaM
ap,10845,ojas,kzIrasTaGftamiva BinnamojaH
ap,10867,om,akAro vizRuruddizwa ukArastu maheSvaraH . makAreRocyate brahmA praRavena
ap,10881,ozaDiH,saMjIvana˚
ap,10881.020,ozaDISaH,puzRAmi cOzaDIH sarvAH somo BUtvA rasAtmakaH
ap,10890,O,OH SvA yuvA naro nArI BAvaH sUkzmaH
ap,11080.002,kam,kaM SiraH kaM suKaM toyaM payo duHKaM vizaM Bayam
ap,11086.004,kaMsaH,kaMsaM jaGAna kfzRaH
ap,11126,kaNkaH,kaNkastaraNge gupte ca gfDre kAke yuDizWire .
ap,11188.002,kaYjam,kaYjaH kaSaviriYcayoH . pIyUzapadmayoH klIbam … .
ap,11227,kawu,atikawuH kAravellAdiH atitIkzRo
ap,11281,kaRaH,‘kaRo'tisUkzme DAnyAMSe pippalyAM jIrake Sare’
ap,11386,kadambaH,kadambaH puMsi nIpe syAttiniSe varuRadrume . DUlyAM
ap,11415,kanIyas,kanIyAnanujAlpayoH … atiyUni
ap,11496,kabalam,kabalaM nAmatastattu vAtalaM kaPapittahft .
ap,11510.048,kamalaBft,kamalAsana-kamalekzaRa-kamalArikirIwa-kamalaBfdvAhEH . nutapadakamalA
ap,11524,kambalaH,kambalo nAgarAje ca sAsnAyAM mfgaromaje .
ap,11537.104,karapallavaH,˚kisalaya
ap,11540,karaNkaH,"rOpyAn rOkmAMSca paryaNkAn, karaNkAMSca"
ap,11546.002,karaRaH,… … karaRaH SiSO . SUdrAviSoH sute'pi syAt
ap,11547,karaRqaH,karaRqo mukuwe pAtre
ap,11572,karIraH,kiM puzpEH
ap,11591.002,karkaH,… karkastu mallake . GawaBedAgnimukurasitASvakfpaRezvapi .
ap,11615,karRa,"zawkarRa, catuzkarRa"
ap,11615.072,karRajAham,tasya pAkamUle pIlvAdikarRAdiByaH
ap,11692,kal,kalayati sa kaTaM te pASamudbanDanAya
ap,11819.002,kaSyapaH,kaSyapastasya putro'BUta kaSyapAnAt sa kaSyapaH .
ap,11829,kazAya,sagadgadaM bAzpakazAyakaRWaH
ap,11829.002,kazAyaH,‘baDnAtIva ca yaH kaRWaM kazAyaH sa vikAsyapi’ .
ap,11902.028,kAYcanasanDiH,saMgataH sanDirevAyaM prakfzwatvAtsuvarRavat . taTAnyEH sanDikuSalEH
ap,11937,kAtyAyanI,umA kAtyAyanI gOrI kAlI hEmavatISvarI
ap,11951,kAnanam,kAnanaM vipine gehe paramezwimuKe'pi ca
ap,12103.048,kAryakAraRe,"kAryakAraRasambanDo nAma sa Bavati, yasmin sati yad Bavati yasmiMScAsati"
ap,12193,kAzWA,pUrvA tu
ap,12193,kAzWA,kAzWA dikkAlahAridrasTityutkarzezu
ap,12244,kiyat,kimidaMByAM vo GaH
ap,12261,kirmIrita,kzutkzAmArBakasaMBramoktinigaqEH kirmIritAH …
ap,12264.020,kilakiYcitam,‘kroDASruharzaBItyAdeH saMkaraH kilakiYcitam’ iti AlaNkArikAH
ap,12285.002,kIkasam,‘kIkasaM kulyamasTi ca’
ap,12306.022,kIrtiSezaH,"nAmaSeza, AleKyaSeza"
ap,12432,kuRWita,daSavadanaBujAnAM kuRWitA yatra SaktiH
ap,12447,kutapaH,ahno muhUrtA
ap,12643.022,kuSalapraSnaH,brAhmaRaM kuSalaM pfcCet kzatrabanDumanAmayam . vESyaM kzemaM samAgamya
ap,12643.022,kuSalapraSnaH,mayAptaM rAmatvaM kuSalavasutA
ap,12647,kuSAvatI,kuSAvatIM SrotriyasAt sa kftvA
ap,12650,kuSIlavaH,… kArUkASca kuSIlavAH .
ap,12738,kUrpAsa,kUrpAsakaM kzatanaKakzatamutkzipantI
ap,12861,ketuH,‘keturdyutO patAkAyAm’ iti viSvaH
ap,12892.060,keSapakzaH,"kacapakza, kacahasta"
ap,12892.094,keSasaMvAhanam,pAdasaMvAhane vajrI keSasaMvAhane
ap,12905,kesarin,"kuYjara, siMha"
ap,13037,kOwilyam,nityaM kOwilye gatO
ap,13073,kOrReyaH,kOrReyo rAkzase vAyAvISAnAnalayorapi . tapaHsTite
ap,13161.026,krayavikrayO,krayavikrayavelAyAM kAcaH kAco maRirmaRiH
ap,13399,kzu,kzuRAti ca kzuRIte ca kzuRotyAplavane'pi
ap,13446.041,kzetrajYaH,kzetrajYaM cApi mAM vidDi sarvakzetrezu BArata
ap,13489.004,KA,KomA kzmA kamalA ca gIH
ap,13731.002,gaH,gaH prIto BavaH SrIpatiruttamaH
ap,13741.140,gajasnAnam,avaSondriyacittAnAM hastisnAnamiva kriyA
ap,13759,gaqqarikA,iti gaqqarikApravAhenEzAM BedaH
ap,13782.054,gaRqaSOlaH,gaRqaSElEH kAravellErlohakaRwakavezwitEH .
ap,13834,gatiH,agatikA hi ezA gatiH
ap,13889,garBaH,‘garBo BrURe'rBake kukzO’
ap,13998.002,gAnDarvaH,agnirgAnDarvI paTyAmftasyA
ap,14136.002,guptaH,SarmA devaSca
ap,14186.024,gUQArTa,"˚candrikA, -tattvadIpikA, -dIpikA"
ap,14268,go,gOrvajraM gOH praBA BUmirvARI toyaM trivizwapam . Denurvasto
ap,14268.107,gotraH,indre tu gotroddalanaH
ap,14322,gOrI,… … gOrI tu nAgakanyomayormatA
ap,14387.040,grAmyasuKam,aviditvA suKaM grAmyaM
ap,14577,cakram,cakraM sEnyaraTANgayoH . rAzwre damBAntare … .
ap,14697.006,camarI,camaraM cAmare strI tu maYjarImfgaBedayoH
ap,15477,jalpaka,syAjjalpAkastu vAcAlo vAcAwo
ap,15529,jAtiH,jAtO bAlye ca kOmAre yOvane
ap,15710,juhotiH,juhotirAsecanADikaH syAt
ap,15766,jozA,"yozA, yozit"
ap,15770.002,jYaH,jYaH prAjYe candratanaye vizaye cAtmagarvayoH
ap,15833.004,JA,"Jo hasto, JA yoniH"
ap,15833.004,JA,JaH pumAn SramaRe nazwe
ap,16300,taskaraH,vyAvfttA yatparasveByaH SrutO taskaratA sTitA
ap,16602.026,tulAkowiH,tulAkowistu maYjIre
ap,16774.060,tElapUra,Bavanti yatrOzaDayo
ap,16838.022,trasareRuH,jAlAntaragate BAnO sUkzmaM yad dfSyate rajaH . praTamaM tatpramARAnAM
ap,16848.174,tridaRqin,vAgdaRqo'Ta manodaRqaH kAyadaRqastaTEva ca . yasyEte
ap,16848.320,trimUrDan,amftaM kzemamaBayaM
ap,16929,tvazwf,Aropya cakraBramimuzRatejAstvazwreva yatnolliKito viBAti
ap,16975.002,dakziRA,dakziRASabdaSca parikrayArTo Bavati
ap,16987.140,daRqavAcika,vAk-pAruzyam
ap,17109.118,daSalakzaRakaH,DftiH kzamA damo'steyaM SOcamindriyanigrahaH .
ap,17307.110,dikCUlam,SukrAdityadine na vAruRadiSaM
ap,17340.004,dIpakam,vadanti varRyAvarRyAnAm DarmEkyaM dIpakaM buDAH .
ap,17517.002,devaH,"devf, devara"
ap,17625,dOruDarI,‘guruBArgavayoryogaScandreREva yadA Bavet . tadA duruDarAyogaH’ iti jyotiHSAstre
ap,17918.134,DarmacAriRI,saha˚
ap,17918.196,DarmapariRAmaH,etena BUtendriyezu DarmalakzaRAvasTApariRAmA vyAKyAtAH
ap,17948,DAtf,purAtanAH purAvidBirDAtAra iti kIrtitAH
ap,17991,DArtarAzwraH,DArtarAzwro haMsaBede duryoDanakule'pi ca
ap,18022,DIH,"kuDI, suDI"
ap,18350.118,narasiMhaH,tava karakamalavare naKamadButaSfNgaM dalitahiraRyakaSiputanuBfNgam .
ap,18484,nAntarIyaka,yatra ca saMbanDo viDIyate
ap,18525,nArAyaRaH,UrUdBavA narasaKasya muneH surastrI
ap,18629,nikAyyaH,pAyyasAnnAyyanikAyyaDAyyAH
ap,18783.026,niDivAsaH,niDivAsakara-paramAnanda-prakASitAyAM … saMhitAyAM … … .
ap,18897,niyamaH,ko'yaM niyamaH . aniyatasya niyatatA .
ap,19238.086,niSAmuKam,pradozo rajanImuKam
ap,19284,nizAdaH,brAhmaRAdvESyakanyAyAmambazWo
ap,19334,nizkrayaH,nizkrayo budDiyoge syAt sAmarTye nirgatAvapi
ap,19431.030,nIcagfham,svOccAttu yAmitramuSanti nIcam
ap,19606.002,nEzWikaH,nEzWiko brahmacArI
ap,19732.150,paYcatapas,havirBujAmeDavatAM caturRAM maDye lalAwaMtapasaptasaptiH
ap,19866.028,patrAlambanam,patrAlambanaM karoti
ap,19886.024,pajjaH,padByAM SUdro ajAyata
ap,19937.226,parabrahman,lIne pare brahmaRi
ap,19938.002,parakIyA,aprakawaparapuruzAnurAgA parakIyA . sA ca dviDA . paroQA kanyakA ca .
ap,20125,parigrahaH,patnIparijanAdAnamUlaSApAH
ap,20357,pariBAzA,aDikAraSabdena pArArTyAt pariBAzApyucyate . kaScit pariBAzArUpa
ap,20640,parihAraH,jAte viSezezu parezu cEva
ap,20876,paSuH,"nfpaSu, narapaSu"
ap,20888,paSyantI,vEKarI SabdanizpattirmaDyamA SrutigocarA .
ap,20977.058,pARipAtra,pARiH pAtraM
ap,21372.024,piRqiSUraH,"gehenardin, geheSUra"
ap,21607,puruzaH,tvAmAmananti prakftiM puruzArTapravartinIm
ap,21652.106,puzpaDaH,vrAtyAt tu
ap,21721,pUrvavat,ye hi pUrvavanto viditapUrvamarTamaBivadanti te aviDAnArTAH
ap,21981,pra,pra AdikarmadIrGeSaBfSasaMBavatfptiviyogaSudDiSaktIcCASAntipUjAgradarSanezu
ap,22464,pratipattiH,eza hi nyAyo yadanyatra kftArTamanyatra pratipAdyata iti
ap,22464,pratipattiH,pratipattiSca viviktakaraRena upakaroti
ap,22529,pratiBAgaH,zazWAMSavftterapi Darma ezaH
ap,22649,pratiSrut,‘astu SrOzaqityAgnIDraH pratyASrAvayati’
ap,22735,pratIta,pratItaH sAdare jYAte hfzwapraKyAtayoH trizu
ap,23161.002,praBuH,samIkzya praBavastrayaH
ap,23383.002,pravaraH,"paYca˚, tri˚"
ap,24313,PalinI,miTunaM parikalpitaM tvayA sahakAraH PalinI ca nanvimO
ap,24490,baliH,"sItA, BAgo, baliH"
ap,24490,baliH,Calayasi vikamaRe balimadButavAmana
ap,24530.277,bahuvrIhiH,anyapadArTapraDAno bahuvrIhiH
ap,24622.036,bAhujaH,bAhU rAjanyaH kftaH
ap,24805.026,brAhmamuhUrtaH,brAhme muhUrte
ap,25030.020,BAgyAyatta,BAgyezu SezamAyattaM dfzwapUrvaM
ap,25036,BAj,na kevalaM
ap,25226,Buvanam,atalaM sutalaM cEva vitalaM ca gaBastimat .
ap,25269,BftiH,kAlamAnaM triDA jYeyaM cAndraM sOraM
ap,25362,BOjyam,"vErAjya, svArAjya"
ap,25684.038,manaHkAraH,manasaH EkAgryakaraRaM manaskAraH
ap,25783.050,mayUraSiKA,nIlakaRWaSiKA laGvI
ap,25859.028,malayAnilaH,apagatadAkziRya dakziRAnilahataka pUrRAste manoraTAH kftaM kartavyaM
ap,25929.032,mahadOzaDiH,saralAsaktamAtaNgagrEveyasPuritatvizaH .
ap,25943.194,mahOzaDiH,sahadevI taTA vyAGrI balA cAtibalA tvacA . SaNKapuzpI taTA siMhI
ap,25943.704,mahAyamakam,baBO marutvAn vikftaH samudraH
ap,26148.002,mArIcaH,svAyaMBuvAnmarIceryaH prabaBUva prajApatiH
ap,26367.088,muKapiRqaH,ko na yAti vaSaM loke muKapiRqena
ap,26545.034,mUzikavizARam,"SaSavizARa, Kapuzpa"
ap,26898,yantram,yantraM tilapIqanakam
ap,26936,yavanikA,eza bARAsanahastABiryavanIBiH
ap,27011,yAnam,"mahAyAna, hInayAna"
ap,27127.028,yogAKyA,ezA yogAKyA yogamAtrApekzA na BUtavartamAnaBavizyatsaMbanDApekzA
ap,27261,raTaH,AtmAnaM raTinaM vidDi SarIraM raTameva tu
ap,27325,raSanA,aSnute jaGanam
ap,27379.098,rAjakaliH,aSaraRyaH prajAnAM yaH sa rAjA kalirucyate
ap,27427.002,rAmaH,rAkAroccAramAtreRa muKAnniryAti pAtakam .
ap,27479,riwiH,BfNga(ge)riwiH
ap,28368.022,vatsarAdiH,mAsAnAM mArgaSIrzo'ham
ap,28517,varAhaH,vasati daSanaSiKare
ap,28705,valgUyati,bfhaspatiM yaH suBftaM biBarti valgUyati
ap,29018.024,vAruRavratam,taTA pApAnnigfhRIyAd
ap,29166,vikawa,‘vikawaH sundare prokto viSAlavikarAlayoH’
ap,29242.002,vikeSI,yAmAhuH sarvaBUtaprakftiH
ap,29593.002,vidUzakaH,SfNgArasya sahAyA viwacewavidUzakAdyAH syuH . BaktA narmasu nipuRAH kupitavaDUmAnaBaYjanAH
ap,29652,viDAnam,viDIyate aneneti viDAnaM
ap,29700.002,vinaSanaH,himavadvinDyayormaDyaM yat prAgvinaSanAdapi . pratyageva prayAgAcca
ap,30282,vivAraH,vivftamUzmaRAM svarARAM
ap,30718,vfdDa,"vayovfdDa, DarmavfdDa"
ap,30785,veRaH,vEdehakena tvambuzWapAmutpanno veRa ucyate
ap,30960.002,vEdUryam,mArjArekzaRapiNgalacCavijuz
ap,31003,vEBrAjam,devodyAnAni vEBrAjam
ap,31074,vESyaH,UrU tadasya yadvESyaH
ap,31423,vyAsaH,jAtaH sa yamunAdvIpe
ap,31438,vyAhftiH,BUrBuvaH suvariti vA etAstisro vyAhftayaH
ap,31474,vyUhaH,"daRqavyUhaH, Sakawa˚, varAha˚"
ap,31537.030,SakawaBedaH,yadi rohiRyAH SakawaM Binatti ravinandano gaganabITyAm . dvAdaSa
ap,31591,SaNKinI,"citriRI, hastinI"
ap,31597,SawA,"jawA, siMhakeSara"
ap,31654,SabdaH,‘Sabdo'kzare yaSogItyoH’
ap,31803,SAkawAyanaH,vyAkaraRe Sakawasya ca tokam
ap,32107.044,SivaGarmajaH,purA dakzavinASAya kupitasya
ap,32290.002,SUraH,SUraH syAd yAdave Bawe
ap,32693.002,SvetaH,tasmAt pratyakzo'pi
ap,32887,saMvartiH,"kamalinIsaMvartikA, amBojasaMvartikA"
ap,33307,saMjayaH,Darmakzetre kurukzetre samavetA
ap,33695,samajaH,paSUnAM samajo'nyezAM samAjo'Ta saDarmiRAm
ap,33797,samAjaH,paSUnAM samajo'nyezAM samAjo'Ta saDarmiRAm
ap,34377,saras,saras-vatI
ap,34710,sAntapanam,gomUtraM gomayaM kzIraM
ap,35088.230,sutarman,yajYo vE sutarmA
ap,35885,sPawaH,Pawa-wA
ap,35982.052,smftiviroDaH,smftyorviroDe nyAyastu balavAn vyavahArataH
ap,36042,sruGnaH,na hi devadattaH sruGne saMniDIyamAnastadahareva pAwaliputre
ap,36196,haMsaH,BavedvarRAgamAd haMsaH
ap,36334.032,hastAmalakam,karatalAmalakaPalavadaKilaM jagadAlokayatAm
ap90,271,aMgaM,"˚rAjaH, ˚patiH, ˚ISvaraH"
ap90,338,acCa,˚Balla
ap90,376,ajara,vfdDatvaM jarayA vinA
ap90,431,aMjanaH,anekArTasya Sabdasya
ap90,633,atimukta,ka idAnIM
ap90,701,atiSva,sevAM lAGavakAriRIM kftaDiyaH sTAne SvavfttiM
ap90,792,atri,aTa nayanasamutTaM
ap90,886,adriH,"˚ISa, ˚iMdra"
ap90,906,aDara,˚aMbara
ap90,906,aDara,aDaraMKalu biMbanAmakaM
ap90,1048,aDyayanaM,yaTA paSurBAravAhI na tasya Bajate
ap90,1828,anuyuktin,"gfhItin, aDItin"
ap90,2099,aMtar,˚puraM
ap90,2099,aMtar,ete BagavatyO BUmidevAnAM
ap90,2138,aMtraM,"ajAMtrI, CagalAMtrI"
ap90,2143,aMdikA,-aMtikA
ap90,2147,aMDa,aMDatAmisrA hyasUryA nAma te
ap90,2158,annaM,annAdretaH saMBavati
ap90,2430,apara,"anuttama, anuttara"
ap90,2918,apsaras,yA tapoviSezapariSaMkitasya
ap90,2984,aBAva,atra saptamasTABAvakaTanAdeva zaRRAM BAvatvaM prAptaM
ap90,3548,aBUta,payoDarIBUtacatuHsamudrAM
ap90,4034,araviMdaM,sUryAMSuBirBinnamivAraviMdaM
ap90,4634,avaMtiH,AvaMtya eva
ap90,5280,aSoka,asUta sadyaH kusumAnyaSokaH…
ap90,5345,aSvin,tvAzwrI tu
ap90,5610,asTi,"anasTa, puruzAsTa"
ap90,6115,Atman,"AtmasaMpanna, Atmavat"
ap90,6115,Atman,matsyA iva janA nityaM
ap90,7037,ASis,varaH KalvezanASIH
ap90,7066,ASramaH,sakilASramamaMtyamASritaH
ap90,7114,AsanaM,"padma˚, vIra˚, Badra˚, vajra˚"
ap90,7225,Ahan,AjaGne vizamavilocanasya vakzaH
ap90,7377,iMdriya,mA BUvannapaTaharAstaveMdriyASvAH
ap90,7978,utsargaH,utsfzwA vE vedAH
ap90,8255,udyAnaM,dUrIkftAH Kalu
ap90,8984,upasargaH,DAtvarTaM bADate
ap90,9471,ftuH,paMcartavo hemaMtaSiSirayoH
ap90,9738,ozaDiH,saMjIvana˚
ap90,10352,karIraH,kiM puzpEH kiM PalEstasya
ap90,10389,karRa,"zawkarRa, catuzkarRa"
ap90,10433,karman,"upasarga, gati"
ap90,10975,kIrtiH,"nAmaSeza, AleKyaSeza"
ap90,11400,kftrima,kftrimaH syAtsvayaM kftaH
ap90,11443,kfzRa,bahiriva malinataraM tava kfzRa manopi
ap90,11494,keSaH,"kacapakza, kacahasta"
ap90,11504,kesarin,"kuMjara, siMha"
ap90,12250,gaqqarikA,iti gaqqarikApravAhenEzAM
ap90,12596,gupta,SarmA devaSca viprasya
ap90,14067,jozA,"yozA, yozit"
ap90,15013,trasa,jAlAMtaragate BAnO sUkzmaM
ap90,15023,tri,vAgdaMqo'Ta manodaMqaH
ap90,15096,tvazwf,Aropya cakraBramimuzRatejAstvazwreva
ap90,15264,daSan,DftiH kzamA damo'steyaM
ap90,15626,deva,vitanvati kzemamadevamAtfkAH
ap90,15901,dvEtaM,advEta; kiM SAstraM
ap90,16071,DIH,"kuDI, suDI"
ap90,16369,naraH,sTAne Kalu nArAyaRamfziM
ap90,16369,naraH,tava karakamalavare naKamadButaSfMgaM
ap90,17588,paMcan,havirBujAmeDavatAM caturRAM maDye
ap90,17719,pad,padByAM SUdro ajAyata
ap90,18531,paSuH,"nfpaSu, narapaSu"
ap90,18957,piMqiH,"gehenardin, gehesUra"
ap90,21619,baliH,Calayasi vikramaRe balimadButavAmana
ap90,21873,brAhma,brAhme muhUrte kila tasya devI
ap90,23989,raTaH,AtmAnaM raTinaM bidDi
ap90,24167,riwiH,BfMga(ge)riwiH
ap90,25665,vikeSa,yAmAhuH sarvaBUtaprakftiH
ap90,26486,vivAraH,vivftamUzmaRAM svarARAM ca
ap90,27146,vESyaH,UrU tadasya yadvESyaH
ap90,27559,SaMKinI,"citriRI, hastinI"
ap90,27565,SawA,"jawA, siMhakeSara"
ap90,27685,Sarman,"varman, dAsa, gfpta"
ap90,28164,SUlaH,ayaH SUla
ap90,30261,siMhaH,BavedvarRAgamAdDaMsaH siMho varRaviparyayAt
ap90,30975,sPawaH,Pawa-wA
ap90,31109,sruGnaH,na hi devadattaH sruGne
ap90,31231,haMsaH,BavedvarRAgamAd haMsaH
ap90,31338,hastaH,karatalAmalakaPalavadaKilaM jagadAlokayatAM
bur,1734,ave,*u
cae,3237,avasecana,pAdA-vasecana
cae,17371,nEmittika,nimitta˚
cae,17825,padapAWa,krama˚
cae,27238,rocakin,a˚
cae,28356,varDana,nABi˚
