dict	canonical_text	count
ap	Raghuvaṃśa	5536
ap	Manusmṛti	4473
ap	Mahābhārata	4042
ap	Bhāgavata	2914
ap	Śiśupālavadha	2572
ap	Śakuntalā	2505
ap	Rāmāyaṇa	2407
ap	Kumārasambhava	2361
ap	Kirātārjunīya	1703
ap	Pañcatantra	1591
ap	Uttararāmacarita	1508
ap	Ṛgveda	1455
ap	Mālatīmādhava	1368
ap	Bhagavadgītā	1343
ap	Bhaṭṭikāvya	1337
ap	Pāṇini's Aṣṭādhyāyī	1240
ap	Meghadūta	1087
ap	Kādambarī	1065
ap	Bhartṛhari's three Śatakas	998
ap	Yājñavalkya	996
ap	Vikramorvaśīyam	831
ap	Uṇādisūtras	805
ap	Hitopadeśa	726
ap	Mudrārākṣasa	698
ap	Naiṣadhacarita	688
ap	Daśakumāracarita	674
ap	Mālavikāgnimitra	629
ap	Mṛcchakaṭikā	609
ap	Mahāvīracarita	590
ap	Bhāminīvilāsa	558
ap	Gītagovinda	482
ap	Veṇīsaṃhāra	455
ap	Atharvaveda	419
ap	Siddhāntakaumudi	395
ap	Bṛhadāraṇyakopaniṣad	392
ap	Sāhityadarpaṇa	389
ap	Kāvyaprakāśa	358
ap	Tārānātha's Vācaspatyam	304
ap	Kathāsaritsāgara	289
ap	Chāndogyopaniṣad	266
ap	Mahābhāṣya	241
ap	Amaruśataka	235
ap	Ratnāvalī	196
ap	Amarakoṣa	187
ap	Suśruta	180
ap	Rājataraṅgiṇī	171
ap	Udbhaṭa	170
ap	Bṛhatsaṃhitā	146
ap	Mallinātha	135
ap	Vājasaneyi Saṃhitā	129
ap	Nāgānanda	114
ap	Vikramāṅkadevacarita	109
ap	Nirukta	99
ap	Śatapatha-Brāhmaṇa	98
ap	Kāvyādarśa	96
ap	Kaṭhopaniṣad	88
ap	Kullūka	85
ap	Bhāvaprakāśa	76
ap	Harivaṃśa	59
ap	Rasagaṅgādhara	58
ap	Medinīkośa	56
ap	Bhāṣāpariccheda	55
ap	Gaṅgālaharī	53
ap	Muṇḍakopaniṣad	49
ap	Bālarāmāyaṇa	47
ap	Sāyaṇa	46
ap	Tarkasaṃgraha	45
ap	Śvetāśvataropaniṣad	43
ap	Kāśikāvṛtti	39
ap	Gaṇaratnamahodadhi of Vardhamāna	38
ap	Viddhaśālabhañjikā	34
ap	Kāmandakinītisāra	34
ap	Mitākṣarā	33
ap	Tarkakaumudī	32
ap	Prasannarāghava	32
ap	Śṛṅgāratilaka	31
ap	Viṣṇu Purāṇa	28
ap	Sarvadarśanasaṃgraha	28
ap	Mārkandeyapuraṇa	28
ap	Praśnopaniṣad	28
ap	Līlāvatī	25
ap	Vāsavadattā	25
ap	Nalopākhyāna	24
ap	Śabdakalpadruma	23
ap	Prabodhacandrodaya	22
ap	Viṣṇusahasranāman	22
ap	Ghaṭakarparakāvya	22
ap	Vopadeva	21
ap	Yajurveda	19
ap	Āśvalāyana's Sūtras	19
ap	Anargharāghava	19
ap	Brahmasūtras	19
ap	Śikṣā	18
ap	Vṛttaratnākara	18
ap	Kuvalayānanda	17
ap	Mohamudgara	14
ap	Trikāṇḍaśeṣa	13
ap	Nalodaya	13
ap	Kenopaniṣad	12
ap	Sūryasiddhānta	12
ap	Āryāsaptaśatī	12
ap	Gautamasūtra	10
ap	Aśvadhāṭī	10
ap	Hemacandra	9
ap	Yogasūtras	9
ap	Śrutabodha	8
ap	Jaiminīyanyāyamālāvistara	8
ap	Kīrtikaumudī	8
ap	Böthlingk and Roth	7
ap	Dāyabhāga	7
ap	Subhāṣitaratnabhāṇḍāgāra	7
ap	Mahānāṭaka	6
ap	Halāyudha	6
ap	Vetālapañca vimśati	6
ap	Māṇḍūkyopaniṣad	6
ap	Uddhavasaṃdeśa	6
ap	Rasamañjarī	6
ap	Mugdhabodha	5
ap	Kauśikasūtra	5
ap	Golādhyāya	5
ap	Mīmāṃsā	4
ap	Mādhavanidāna	4
ap	Daśarūpa	4
ap	Karpūramañjarī	4
ap	Haṃsadūta	4
ap	Sarasvatīkaṇṭhābharaṇa	3
ap	Nītisāra	3
ap	Vedāntaparibhāṣā	3
ap	Siddhāntaśiromaṇi	3
ap	Śiva Purāṇa	3
ap	Dhūrtasamāgama	3
ap	Ujjvaladatta	3
ap	Kāvyālaṃkāra	3
ap	Padāṅkadūta	3
ap	Upaniṣad	2
ap	Devībhāgavata	2
ap	Bṛhatkathā	2
ap	Vākyapadīya	2
ap	Nītipradīpa	2
ap	Subhāṣitaratnākara	2
ap	Dharmaviveka	2
ap	Dhanaṃjayavijaya	2
ap	Sāmaveda	2
ap	Kusumāñjali	2
ap	Uddhavadūta	2
ap	Dṛṣṭāntaśataka	2
ap	Rājapraśasti	2
ap	Bhaviṣyottara Purāṇa	1
ap	Āpastamba	1
ap	Siddhāntamuktāvalī	1
ap	Vāgbhaṭa	1
ap	Vaiśeṣika	1
ap	Vyavahāramayūkha	1
ap	Bījagaṇita	1
ap	Priyadarśikā	1
ap90	Raghuvaṃśa	5306
ap90	Manusmṛti	2685
ap90	Śakuntalā	2445
ap90	Kumārasambhava	2299
ap90	Śiśupālavadha	2081
ap90	Pañcatantra	1508
ap90	Uttararāmacarita	1464
ap90	Mālatīmādhava	1285
ap90	Kirātārjunīya	1226
ap90	Meghadūta	1047
ap90	Kādambarī	1032
ap90	Bhaṭṭikāvya	1011
ap90	Bhagavadgītā	885
ap90	Bhartṛhari's three Śatakas	878
ap90	Yājñavalkya	809
ap90	Vikramorvaśīyam	804
ap90	Pāṇini's Aṣṭādhyāyī	663
ap90	Hitopadeśa	649
ap90	Mudrārākṣasa	645
ap90	Mālavikāgnimitra	621
ap90	Mṛcchakaṭikā	525
ap90	Bhāminīvilāsa	522
ap90	Daśakumāracarita	507
ap90	Uṇādisūtras	485
ap90	Siddhāntakaumudi	456
ap90	Gītagovinda	451
ap90	Mahāvīracarita	435
ap90	Mahābhārata	406
ap90	Veṇīsaṃhāra	387
ap90	Rāmāyaṇa	356
ap90	Kāvyaprakāśa	348
ap90	Sāhityadarpaṇa	340
ap90	Tārānātha's Vācaspatyam	308
ap90	Naiṣadhacarita	296
ap90	Amaruśataka	224
ap90	Ṛtusaṃhāra	204
ap90	Ṛgveda	202
ap90	Ratnāvalī	168
ap90	Mallinātha	133
ap90	Amarakoṣa	125
ap90	Vikramāṅkadevacarita	85
ap90	Suśruta	84
ap90	Nirukta	77
ap90	Kāvyādarśa	65
ap90	Udbhaṭa	64
ap90	Śatapatha-Brāhmaṇa	63
ap90	Rasagaṅgādhara	57
ap90	Kullūka	54
ap90	Caurapañcāśikā	54
ap90	Mahābhāṣya	52
ap90	Bhāgavata	51
ap90	Kathāsaritsāgara	49
ap90	Cāṇakyaśataka	47
ap90	Gaṅgālaharī	45
ap90	Sāyaṇa	43
ap90	Bhāṣāpariccheda	38
ap90	Gaṇaratnamahodadhi of Vardhamāna	37
ap90	Tarkasaṃgraha	37
ap90	Candrāloka	35
ap90	Viddhaśālabhañjikā	32
ap90	Tarkakaumudī	30
ap90	Mitākṣarā	29
ap90	Śṛṅgāratilaka	29
ap90	Bṛhatsaṃhitā	28
ap90	Śabdakalpadruma	22
ap90	Harivaṃśa	21
ap90	Kāmandakinītisāra	21
ap90	Chāndogyopaniṣad	20
ap90	Ghaṭakarparakāvya	20
ap90	Āśvalāyana's Sūtras	19
ap90	Vopadeva	19
ap90	Vāsavadattā	18
ap90	Prabodhacandrodaya	17
ap90	Nalopākhyāna	17
ap90	Bālarāmāyaṇa	17
ap90	Śikṣā	16
ap90	Sarvadarśanasaṃgraha	16
ap90	Nāgānanda	16
ap90	Mohamudgara	14
ap90	Brahmasūtras	14
ap90	Prasannarāghava	14
ap90	Nalodaya	12
ap90	Aśvadhāṭī	11
ap90	Anargharāghava	10
ap90	Trikāṇḍaśeṣa	10
ap90	Rājataraṅgiṇī	10
ap90	Līlāvatī	9
ap90	Kaṭhopaniṣad	9
ap90	Kuvalayānanda	8
ap90	Kāśikāvṛtti	8
ap90	Mārkandeyapuraṇa	8
ap90	Vaiśeṣika	8
ap90	Viṣṇu Purāṇa	8
ap90	Śrutabodha	8
ap90	Mīmāṃsā	7
ap90	Jaiminīyanyāyamālāvistara	7
ap90	Kīrtikaumudī	7
ap90	Böthlingk and Roth	6
ap90	Halāyudha	6
ap90	Bhāvaprakāśa	6
ap90	Kenopaniṣad	5
ap90	Upaniṣad	5
ap90	Mugdhabodha	5
ap90	Bṛhadāraṇyakopaniṣad	5
ap90	Śvetāśvataropaniṣad	5
ap90	Gautamasūtra	5
ap90	Dāyabhāga	5
ap90	Uddhavasaṃdeśa	5
ap90	Yajurveda	4
ap90	Medinīkośa	4
ap90	Atharvaveda	4
ap90	Cātakāṣṭaka	4
ap90	Vetālapañca vimśati	4
ap90	Daśarūpa	4
ap90	Karpūramañjarī	4
ap90	Haṃsadūta	4
ap90	Muṇḍakopaniṣad	3
ap90	Nītisāra	3
ap90	Sūryasiddhānta	3
ap90	Ujjvaladatta	3
ap90	Viṣṇusahasranāman	3
ap90	Padāṅkadūta	3
ap90	Sarasvatīkaṇṭhābharaṇa	2
ap90	Siddhāntaśiromaṇi	2
ap90	Yogasūtras	2
ap90	Vṛttaratnākara	2
ap90	Nītipradīpa	2
ap90	Dharmaviveka	2
ap90	Hemacandra	2
ap90	Vājasaneyi Saṃhitā	2
ap90	Uddhavadūta	2
ap90	Dṛṣṭāntaśataka	2
ap90	Rājapraśasti	2
ap90	Vedāntaparibhāṣā	1
ap90	Śiva Purāṇa	1
ap90	Bṛhatkathā	1
ap90	Mādhavanidāna	1
ap90	Vākyapadīya	1
ap90	Dhūrtasamāgama	1
ap90	Golādhyāya	1
ap90	Māṇḍūkyopaniṣad	1
ap90	Kauśikasūtra	1
ap90	Dhanaṃjayavijaya	1
ap90	Vāgbhaṭa	1
ap90	Kusumāñjali	1
ap90	Vaiśeṣikasūtras	1
ap90	Vyavahāramayūkha	1
ap90	Kāvyālaṃkāra	1
ap90	Harṣacarita	1
ben	Mahābhārata	7384
ben	Manusmṛti	6058
ben	Rāmāyaṇa	5162
ben	Pañcatantra	4825
ben	my Sanskrit Chrestomathy	3017
ben	Bhāgavata-Purāṇa	1896
ben	Hitopadeśa	1831
ben	Rājataraṅgiṇī	1326
ben	Vikramorvaśī	1162
ben	Śakuntalā	1106
ben	Daśakumāracarita	1098
ben	Raghuvaṃśa	936
ben	Bhartṛhari	792
ben	Suśruta	776
ben	Rigveda	770
ben	Lassen	761
ben	Uttararāmacarita	725
ben	Kathāsaritsāgara	722
ben	Harivaṃśa	697
ben	Meghadūta	501
ben	Yājñavalkya	494
ben	Nala	479
ben	Śiśupālavadha	467
ben	Kirātārjunīya	431
ben	Vedāntasāra	422
ben	Böhtlingk	415
ben	Bhagavadgītā	413
ben	Mālatīmādhava	352
ben	Gaspare Gorresio	347
ben	Bhāṣāpariccheda	316
ben	Ṛtusaṃhāra	244
ben	Mṛcchakaṭikā	237
ben	Johnson's Selections from the Mahābhārata	230
ben	Prabodhacandrodaya	217
ben	Mālavikāgnimitra	195
ben	Bhaṭṭikāvya	171
ben	Mārkandeyapuraṇa	158
ben	Kumārasambhava	155
ben	Draupadīpramātha	142
ben	Indralokāgamana	129
ben	Arjunasamāgama	128
ben	Sāvitryupākhyāna	122
ben	Gītagovinda	121
ben	Hiḍimbavadha	98
ben	Kāmandakīya Nītisāra	92
ben	Amaruśataka	78
ben	Cāṇakya	76
ben	Nalodaya	68
ben	Sundopasundopākhyāna	62
ben	Sāhityadarpaṇa	57
ben	Devīmāhātmya	52
ben	Brāhmaṇavilāpa	49
ben	Pāṇini	49
ben	Śṛṅgāratilaka	45
ben	Caurapañcāśikā	32
ben	Naiṣadhacarita	30
ben	Kullūka Schol	27
ben	Śabdakalpadruma	27
ben	Matsyopākhyāna	22
ben	Bṛhatsaṃhitā	21
ben	Śatruṃjayamāhātmya	19
ben	Mahāvīracarita	16
ben	Śāntiśataka	16
ben	Śrutabodha	13
ben	Kāvyaprakāśa	12
ben	Kāvya Sangraha	11
ben	Ghaṭakarpara	11
ben	Weber	11
ben	Kusumāñjali	8
ben	Padma-Purāṇa	8
ben	Yogasūtrāṇi	7
ben	Friedrich Schlegel	5
ben	Mitākṣarā	4
ben	Śukasaptati	4
ben	Ujjvaladatta	4
ben	Brockhaus	3
ben	Cātaka	3
ben	Ratnāvalī	3
ben	Siddhāntakaumudi	3
ben	Siddhāntamuktāvalī	3
ben	Govardhana Āryāsaptaśatī	3
ben	Ānandalaharī	2
ben	Mudrārākṣasa	2
ben	Sāṅkhya Sūtras	2
ben	Lalitavistara	2
ben	Daśarūpa	2
ben	Vārtika	2
ben	Vopadeva	1
ben	Śvetāśvataropaniṣad	1
ben	Upakośa	1
ben	Varāhamihira's Bṛhajjātaka	1
ben	Nyāya-Sūtrāṇi of Gotama	1
ben	Śārṅgadhara-Paddhati	1
ben	Rāghavānanda	1
ben	Göttinger Gelehrte Anzeigen	1
ben	Bhaviṣya-Purāṇa	1
bhs	Mahāvastu	7174
bhs	Mahāvyutpatti	4110
bhs	Lalitavistara	4054
bhs	Divyāvadāna	3181
bhs	Gaṇḍavyūha	3174
bhs	Saddharmapuṇḍarīka	2206
bhs	Śikṣāsamuccaya	1584
bhs	Mūla-Sarvāstivāda-Vinaya; Gilgit Manuscripts	1378
bhs	Bodhisattvabhūmi	1217
bhs	Avadāna-śataka	1103
bhs	Mahā-Māyūrī	741
bhs	Laṅkāvatāra-sūtra	638
bhs	Kāraṇḍavyūha	556
bhs	Daśabhūmikasūtra	542
bhs	Boehtlingk and Roth	525
bhs	Rāṣṭrapālaparipṛcchā	470
bhs	Sukhāvatīvyūha	464
bhs	Pali Text Societyʼs Pali-English Dictionary	429
bhs	Suvarṇabhāsottamasūtra	429
bhs	Sādhanamālā	420
bhs	Śatasāhasrikā-prajñāpāramitā	401
bhs	Dharmasaṃgraha	382
bhs	Jātakamālā	349
bhs	Aṣṭasāhasrikā-prajñāpāramitā	318
bhs	Kāśyapa Parivarta	318
bhs	Vinayapiṭaka	264
bhs	Andersen and Smith	256
bhs	Udānavarga; chap	239
bhs	Bhikṣunī-karmavācanā	235
bhs	Samādhirājasūtra	231
bhs	Dictionary of the Pali Language	211
bhs	Jātaka	204
bhs	Prātimokṣasūtra des Sarvāstivādins	202
bhs	Dīghanikāya	201
bhs	S	192
bhs	Malalasekara	161
bhs	H	157
bhs	Abhidharmakośa	142
bhs	Ratnachandra	135
bhs	Majjhimanikāya	132
bhs	Dhammapada	127
bhs	E	119
bhs	Vajracchedikā	98
bhs	Suttanipāta	93
bhs	Aṅguttaranikāya	93
bhs	Jäschke	93
bhs	Asaṅga	92
bhs	Mahābhārata	81
bhs	Bhadracarī	79
bhs	SaMyuttanikāya	66
bhs	Mahāsamājasūtra	59
bhs	Mūla-Madhyamaka-kārikās	56
bhs	Deśīnāmamālā	47
bhs	Sacred Books of the East	39
bhs	Meghasūtra	36
bhs	Petavatthu	34
bhs	Dhātupāṭha	30
bhs	R	29
bhs	Vimānavatthu	28
bhs	Śālistambasūtra	27
bhs	Hemacandra	26
bhs	Pāṇini's Aṣṭādhyāyī	23
bhs	Rigveda	22
bhs	Iconographie	22
bhs	Lotus de la Bonne Loi - translation of the Saddharmapuṇḍarīka by E	22
bhs	Kosmographie der Inder	22
bhs	Theragāthā	19
bhs	Atharvaveda	16
bhs	Trikāṇḍaśeṣa	16
bhs	Rāmāyaṇa	15
bhs	Bodhicaryāvatāra-ṭīkā	13
bhs	Monier Williams	12
bhs	Śatapatha-Brāhmaṇa	11
bhs	Itivuttaka	10
bhs	Saṃyuktāgama; fragments from Stein mss	10
bhs	Buddhacarita	9
bhs	Bhāgavata-Purāṇa	8
bhs	Kāśikā	7
bhs	Therīgāthā	7
bhs	Apte	6
bhs	Dīpavaṃsa	6
bhs	Introduction à lʼhistoire du bouddhisme indien	6
bhs	Journal of the American Oriental Society	6
bhs	Kathāsaritsāgara	5
bhs	Boehtlingk	5
bhs	Dictionary	5
bhs	Khuddaka-pāṭha	5
bhs	Dhammasaṃgani	5
bhs	Sten Konow	4
bhs	Sukumar Sen	4
bhs	Vājasaneyi Saṃhitā	4
bhs	Nettipakaraṇa	4
bhs	Mahāvaṃsa	4
bhs	Ausgewählte Erzählungen in Māhārāṣṭrī	4
bhs	Kauśikasūtra	3
bhs	Whitney; Gr	3
bhs	Gaekwadʼs Oriental Series	3
bhs	Daśakumāracarita	3
bhs	Kathā-vatthu	3
bhs	Apabhraṃśa; Apadāna	2
bhs	Taittirīya Saṃhitā	2
bhs	Buddha-vaṃsa	2
bhs	Maitrāyaṇī Saṃhitā	2
bhs	Taittirīya Brāhmaṇa	2
bhs	Mārkandeyapuraṇa	2
bhs	Bhavisattakahā	2
bhs	Māhārāṣṭrī	2
bhs	Harvard Oriental Series	2
bhs	Bhagavadgītā	1
bhs	Kullūka	1
bhs	Amarakoṣa	1
bhs	Pañcaviṃśa Brāhmaṇa	1
bhs	Yājñavalkya	1
bhs	Jaiminīya Brāhmaṇa	1
bhs	Aitareya Brāhmaṇa	1
bhs	Daśabalasūtra	1
bhs	Epic	1
bhs	Gobhila Gṛhya Sūtra	1
bhs	Yāskaʼs Nirukta	1
bhs	Indian Historical Quarterly	1
bhs	Lāṭyāyana-Śrautasūtra	1
bhs	Varāhamihira	1
bhs	Speyer	1
bhs	Language	1
bhs	Atharvaveda Pariśiṣṭa	1
bhs	Abhidhammatthasaṃgaha	1
bhs	Journal of the Royal Asiatic Society	1
bhs	Tocharian	1
bhs	Caraka	1
bhs	Apastamba Śrauta Sūtra	1
bhs	Bulletin of the School of Oriental	1
bhs	Kleinere Sanskrit Texte	1
bhs	Patañjali	1
bhs	Edgerton	1
bhs	Kātyāyana-Śrautasūtra	1
bhs	New Indian Antiquary	1
lrv	Raghuvanśa	4101
lrv	Manusmṛiti	1762
lrv	Kumārasambhava	1366
lrv	Meghadūta	904
lrv	Śiśupālavadha	750
lrv	Śakuntalā	694
lrv	Bhaṭṭikāvya	689
lrv	Bhagavadgītā	688
lrv	Yājnyavalkyasmṛiti	407
lrv	Kirātārjunīya	386
lrv	Bhartṛihaṛiśataka [	381
lrv	Gītagovinda	340
lrv	Mālatīmādhava	320
lrv	Bhāminīivilāsa	299
lrv	Kāvyaprakāśa	279
lrv	Amaruśataka	253
lrv	Ṛitusanhāra	231
lrv	Mṛichchhakaṭikā	204
lrv	Veṇīsanhāra	179
lrv	Uttararāmacharita	179
lrv	Naishadhacharita	159
lrv	Vikramorvaśīya	139
lrv	Hitopadeśa	116
lrv	Sāhityadarpaṇa	111
lrv	Panchatantra	108
lrv	Mālavikāgnimitra	89
lrv	Mallinātha	83
lrv	Mudrārākshasa	80
lrv	Śāntiśataka	76
lrv	Kādambarī	74
lrv	Bhārata	65
lrv	Udbhaṭa	64
lrv	Daśakumāracharita	60
lrv	Rasangangādhara	55
lrv	Rāmāyaṇa	55
lrv	Siddhāntakaumudi	54
lrv	Mahāvīracharita	54
lrv	Śṛingāratilaka	52
lrv	Kāvyādarśa	47
lrv	Vikramānkadevacharita	45
lrv	Gaṅgālaharī	40
lrv	Chaurapanchaśika	39
lrv	Śārīrabhāshya	36
lrv	Amarakoṣa	32
lrv	Ghaṭakarpara	32
lrv	Pāṇini	28
lrv	Gaṇaratnamahodadhi	18
lrv	Bhāshāparichchheda	18
lrv	Mitākshara	16
lrv	Ratnāvalī	16
lrv	Vāsavadattā	16
lrv	Nalodaya	15
lrv	Kullūka	14
lrv	Jagannātha	12
lrv	Tarkasangraha	10
lrv	Aśvadhāṭī	10
lrv	Prabodhachandrodaya	8
lrv	Katyāyana	7
lrv	Patanjalamahābhāshya	7
lrv	Prasannarāghava	7
lrv	Mohamudgara	6
lrv	Chhandomanjarī	5
lrv	Śrutabodha	4
lrv	Kaṭhopanishad	4
lrv	Śikshā	3
lrv	Chāṇakya	3
lrv	Vākyapadīya	3
lrv	Bhāgavata	3
lrv	Rājataraṅgiṇī	3
lrv	Rigveda	3
lrv	Bālarāmāyaṇa	3
lrv	Harshacharita	3
lrv	Hāsyārṇava	2
lrv	Mugdhabodha	2
lrv	Patanjali’s Yogasūtra	2
lrv	Vājasaneyisanhitā	2
lrv	Anargharāghava	2
lrv	Śatapatha-Brāhmaṇa	2
lrv	Trikāṇḍaśesha	2
lrv	Nītipradīpa	2
lrv	Sarvadarśanasangraha	2
lrv	Pārvatīpariṇaya	2
lrv	Viddhaśālabhañjikā	2
lrv	Daśarūpa	2
lrv	Chandrāloka	2
lrv	Sarasvatīkaṇṭhābharaṇa	1
lrv	Tarkakaumudī	1
lrv	Kusumāñjali	1
lrv	Chaṇḍakauśika	1
lrv	Vīramitrodaya	1
lrv	Jaiminīyanyāyaratnamālā	1
lrv	Gautamasūtra	1
lrv	Sānkhyasūtra	1
lrv	Kathāsaritsāgara	1
lrv	Siddhāntamuktāvalī	1
lrv	Mārkandeyapuraṇa	1
lrv	Chātakāshṭaka	1
lrv	Bṛihadāraṇyaka	1
lrv	Utpalamālā	1
lrv	Sudhālaharī	1
lrv	Chhāndogyopanishad	1
lrv	Nāgānanda	1
lrv	Uddhavadūta	1
lrv	Prāṇābharaṇa	1
lrv	Mahishaśataka	1
lrv	Halāyudha	1
md	Rigveda	42
md	Atharvaveda	2
md	Vājasaneyi Saṃhitā	2
md	Taittirīya Saṃhitā	1
mw	Ṛgveda	15918
mw	Buddhist	1866
mw	Brāhmaṇa	1621
mw	Inscriptions	687
mw	Sāmaveda	158
pw	Mahābhārata	4139
pw	Indische Sprüche	3071
pw	Āpastamba-Dharmasūtra	2459
pw	HEĀDRI'S K4ATURVARGAK4INTĀMAṆI	1845
pw	GALANO's Wörterbuch	1736
pw	Rāmāyaṇa	1729
pw	Bhāvaprakāśa	1689
pw	Kādambarī	1613
pw	Śiśupālavadha	1580
pw	Ṛgveda	1499
pw	Maitrāyaṇī Saṃhitā	1443
pw	Bālarāmāyaṇa	1207
pw	Gautama-Dharmasūtra	1120
pw	Harivaṃśa	1040
pw	Classified Index to the Sanskrit Mss	984
pw	Atharvaveda	939
pw	VISHṆUPURĀṆA	929
pw	SAM5GITASĀRASAM5GRAHA	757
pw	Kathāsaritsāgara	723
pw	Kāraṇḍavyūha	699
pw	Suśruta	630
pw	TAITTIRYASAM5HITĀ	619
pw	LALITAVISTARAPURĀṆA	590
pw	NIGHAṆṬUPRAKĀŚA	577
pw	DAŚAKUMĀRA	556
pw	Pāṇini	531
pw	Sāyaṇa	510
pw	Vāsavadattā	487
pw	Manusmṛti	480
pw	VAITĀNASŪTR	479
pw	Kāśikāvṛtti	456
pw	TĀṆḌYABRĀHMANA	447
pw	Materia medica of the Hindus compiled from Sankr	427
pw	G7AYADEVA'S PRASANNARĀGHAVA	417
pw	Detailed Report of a Tour in search of Sanskrit Mss	397
pw	LĀṬYĀYANA'S ŚRAUTASŪTRA	388
pw	Bhaṭṭikāvya	384
pw	GOBHILA'S GṚYASŪTRA	369
pw	KAUTŚIKA'S SŪTRA zum AV	316
pw	Taittirīya Brāhmaṇa	306
pw	BÖHTLINGK'S Sanskrit-Chresthomathie	294
pw	KIRĀTĀRG7UNIYA	294
pw	Raghuvaṃśa	287
pw	Beiträge zur indischen Lexicographie von THEODOR ZACHARIAE	260
pw	KAPILA'S SĀM5KHYAPRVAK4ANA	245
pw	MĀNAVAGṚHYASŪTRA	245
pw	VĀG7ASĀNI SAM5HITĀ	209
pw	HEMAK4ANDRA'S ABHIDHĀNAK4INTĀMAṆI	208
pw	AGNIPURĀṆA	206
pw	TAITTIRIYARAṆYAKA	201
pw	ŚULBASŪTRA	194
pw	PĀRASKARA'S GṚHYASŪTRA	194
pw	KĀṬHAKA	191
pw	Sāhityadarpaṇa	190
pw	BAUDHĀYANA	187
pw	Śakuntalā	186
pw	G7AIMINIYANYĀYAMĀLĀVISTARA	185
pw	Zeitschrift der deutschen morgenlandischen Gesellschaft	177
pw	Mudrārākshasa	176
pw	Bhāminīvilāsa	173
pw	Mārkandeyapuraṇa	171
pw	PATAN7G7ALI ZU PĀṆINI	171
pw	AUFRECHT	168
pw	Sarvadarśanasaṃgraha	167
pw	VIDDHAŚĀLABHAN7G7IĀKHYANĀṬIKĀ	146
pw	Meghadūta	137
pw	Kāvyaprakāśa	134
pw	MĀNAVAŚRAUTSŪTRA	134
pw	Kumārasambhava	126
pw	Nirukta	124
pw	VĀMANA'S KĀVYĀLAM5KĀRAVṚTTI	124
pw	GOTAMA'S NYĀYADARŚANA	123
pw	MADANAPĀLA'S MADANAVINODA	120
pw	PRĀTIŚĀKHYA zur TS	110
pw	Bhagavadgītā	105
pw	DHŪRTANATAKA	103
pw	DAŚAKUMĀRAK4ARITA	100
pw	Kullūka	99
pw	DHANVANTARI'S Wörterbuch	90
pw	KAPISHṬHALAKAṬHASAM5HITA	90
pw	MĀLAVIKĀGNIMITR	86
pw	PRĀTIŚĀKHYA zum ṚGVEDA	85
pw	GAṆITĀDHĀYA in BHĀSKARA'S SIDDHĀNTA ŚIROMAṆI	85
pw	Hāsyārṇava	82
pw	PRAK4AṆḌAPĀṆḌAVA	81
pw	LASSEN'S Anthologie 3te Ausg	78
pw	BHĀSKARA'S GOLĀDHYĀYA	75
pw	Saddharmapuṇḍarīka	73
pw	ĀRYABHAṬA Ausg	71
pw	Gaṇaratnamahodadhi	71
pw	ĀRYAVIDĀSUDHĀKARA	69
pw	Weber	66
pw	PRABODHAK4ANDRODAYA	66
pw	BĀDARĀYAṆA'S BRAHMASŪTRA	64
pw	Medinīkośa	63
pw	Dhātupāṭha	61
pw	GṚHYĀSAM5GRAHA	61
pw	Hitopadeśa	59
pw	ŚĀŚVATA'S ANEKĀRTHASAMUCCAVA	58
pw	Sāmaveda	56
pw	VIŚVAKARMA'S VĀSTUVIDYĀ	54
pw	MANTRABRĀHMAṆA	53
pw	MAITRYUPANISHAD	52
pw	Akademische Vorlesung über Indische Literaturgeschichte	52
pw	Amarakoṣa	50
pw	SĀMAVIDHĀNABRĀHMAṆA	50
pw	VOPADEVA'S MUGDHABODHA	49
pw	Priyadarśikā	48
pw	Trikāṇḍaśesha	48
pw	MITĀ SHABĀ	46
pw	Renaissanśe of Sanskrit Literature in M	43
pw	YĀSKA'S NIRUKTA sammt den NIGHAṆṬAVAS	42
pw	SŪRYASDDHĀNTA	41
pw	NAISHADHAK4ARITA	41
pw	UTTARARĀMAK4RIRA	40
pw	KATUARANĀKARA	37
pw	Hand-Book for the student of Chinese Buddhism	37
pw	KIELHORN'S Ausg	35
pw	KUMĀRASVĀMIN	34
pw	Daśarūpa	33
pw	ŚVETĀŚVATAROPANISHAD	32
pw	NĀRADA'S DHARMAŚĀSTRA	30
pw	TATTVASAM7SA	28
pw	VĀSANTIKĀ	28
pw	Tarkasaṃgraha	26
pw	PATANAMĀLĀ	25
pw	Vārttika	25
pw	PRĀTIŚĀKHYA zu VS in Ind	25
pw	PISCHEL	25
pw	DHŪRTASAMĀGAMA in LASSEN'S Anthologie	24
pw	YOGASŪTRA	24
pw	VETĀLAPAN7K4AVIM5ŚATI in LA	23
pw	GOLDSTÜCKER'S Wörterbuch	22
pw	HALĀYUDHA'S Wörterbuch	22
pw	KALPASŪTRA	22
pw	BURNOUF	21
pw	KAṆĀDA'S VAIŚESHIKADABŚANA	20
pw	BENFEY'S Chrestomathie	20
pw	ŚATRUM5G7AYAHĀTMYA	19
pw	PARIBHĀSHĀ in PARIBHĀSHENDUŚEKHARA	19
pw	MUṆḌAKOPANISHAD	18
pw	TAITTIRIYOPANISHAD	17
pw	Śabdakalpadruma	17
pw	LAGHUK	17
pw	VYUPATITI	17
pw	NYĀYAKOSA or Dictionary of the technical Terms of the NYĀYA Philosphy	15
pw	COBHANAMUNI'S ŚOBHANASTUTAYAS in Z	13
pw	VĀYUPURĀṆA	12
pw	A Catalogue of Sanskrit Mss	12
pw	Kuvalayānanda	11
pw	SĀRĀVALI	11
pw	Commentary on the Hindu System of Medicine	10
pw	VĀLAHILYA	10
pw	DHYĀNABINDŪPANISHAD	10
pw	VIŚVAKOŚA	10
pw	PAŚNOPANISHAD	9
pw	GAUḌAPĀDA	9
pw	Śrutabodha	9
pw	VĀGBHAṬA'S ĀYURVEDARŚANA	9
pw	HĀRĀVALI	8
pw	GARBHOPANISHAD in Bibl	8
pw	PRATĀPARUDRIYA	8
pw	ŚIRAUPANISHAD	8
pw	SŪRYADEVAYAG7VAN	8
pw	A History of Ancient Sanskrit Literature	8
pw	BRAHMABINDŪPANISHAD	7
pw	Aphorisms of SĀṆḌILYA	7
pw	BRAHMOPANISHAD	7
pw	KARMAPRADIPA	7
pw	KĀṬHAKAGṚHYASŪTRA	7
pw	BṚHASPATI	7
pw	BHĀMATI	7
pw	GOBHILA'S ŚRĀDDHAKALPA	7
pw	HILLEBRANDT'S altindisches Neu- und Vollmondsopfer	7
pw	TĀRAN7THA'S Geschichte des Buddhismus in Indien	7
pw	BṚHADDEVATĀ	6
pw	PARĀŚARA'S DHARMAŚĀSTRA	6
pw	A Dictionary	6
pw	A Catalogue of Sanskrit Manuscripts contained	6
pw	VIVEKAVILĀSA	5
pw	MEDHĀTITHI	5
pw	Monatsberichte der Königlich Preussichen Akademie der Wissenschaften in Berlin	5
pw	WEBER'S Ausg	5
pw	Siddhāntaśiromaṇi	4
pw	KUSUMĀN7G7ALI	4
pw	UṆĀDISŪTRA	4
pw	ĀRUṆEYOPANISHAD	4
pw	BRAMAPURĀṆA	4
pw	Hiḍimbavadha	4
pw	CHILDERS' Pali-Wörterbuch	3
pw	SĀVITRI	3
pw	Ṛtusaṃhāra	3
pw	KENOPANISHAD	3
pw	HAUG	3
pw	ŚĀNTANAVA'S PHIṬSŪTRA	3
pw	SARVOPANISHATSĀRA	3
pw	Darstellung der Lehre von den Schriften in BṚHASPATI'S DHARMAŚĀSTRA	3
pw	MAHĀŚĀNTI	3
pw	KAIVALYOPANISHAD	3
pw	Govardhana's SAPTAŚATI	3
pw	SUVAPNAK4NTĀṆI	3
pw	KĀṆḌŪPĀKHYĀNA in LA	2
pw	ĀNADAGIRI	2
pw	SĀRASUNDARI	2
pw	AVYAYĀNEKĀRTHAVARGA am Ende des MEDINIKOŚA	2
pw	NĀRĀYAṆABHAṬṬA'S PRAYOGARATNA	2
pw	Select Works of H	2
pw	AINSLIE	2
pw	ĀNANDALAHARI in HAEBELIN's Anthologie	2
pw	NIRṆAYASINDHU	2
pw	Ueber zwei Parteischriften zu Gunsten der MAGA	2
pw	Cat	2
pw	RĀMAPŪRVATĀPANIYOPANISHAD	2
pw	BṚHANMANU	2
pw	CANTOR	2
pw	Dāyabhāga	2
pw	VAIDYABHĀSHYA	1
pw	Flora indica or description of Indian Plants	1
pw	HARISVĀMIN	1
pw	MĀNAVAKALPASŪTRA	1
pw	Proceedings of the Asiatic Society of Bengal	1
pw	ĀRAṆYAKA zum SV	1
pw	ĀTMOPANISHAD	1
pw	PIṆḌOPANISHAD	1
pw	Dhammapada	1
pw	MĀDHAVA'S KĀLANIRṆAYA	1
pw	KĀTYĀYANA'S DHARMAŚĀSTRA	1
pw	Beiträge zur Kunde der indogermanischen Sprachen	1
pw	HANUMADUKTARĀMOPANISHAD	1
pw	ŚĀNTIŚATŚATAKA in HAEBERLIN'S Anthologie	1
pw	LANGLOIS' Uebersetzung des Harivam~śa	1
pw	A legend from the TALAVAKĀRA or YAIMINIYA BRĀHMAṆA of the SĀMAVEDA by A	1
pw	WILSON	1
pw	GĀRUḌOPANISHAD	1
pw	LASSEN'S Indische Alterthunmskunde	1
pw	SOMAKARMAPRADIPA des RĀMA	1
pw	HAEBERLIN'S Anthology	1
pw	PIṆḌAPITṚYAYNA	1
pw	KAṆṬHAŚRUTYUPANISHAD	1
pw	Monatsbericht der Königlich Preussischen Akademie der Wissenschaften zu Berlin	1
pw	KĀLIDĀSA'S VIKRAMORVAŚIYAM	1
pw	Zeitschrift für die Kunde des Morgenlandes	1
pw	Kārikā	1
pwg	Mahābhārata	39130
pwg	Rāmāyaṇa	27977
pwg	Aṣṭādhyāyī (Pāṇini)	21509
pwg	Śabdakalpadruma	20130
pwg	Bhāgavata-Purāṇa	19044
pwg	Ṛgveda	18837
pwg	Abhidhānacintāmaṇi	16060
pwg	Kathāsaritsāgara	14935
pwg	Indische Sprüche	14675
pwg	Amarakoṣa	14510
pwg	Medinīkośa	13083
pwg	AUFRECHT	12506
pwg	Manusmṛti	12357
pwg	Anekārthasaṃgraha	11646
pwg	Harivaṃśa	11630
pwg	Śatapatha-Brāhmaṇa	10605
pwg	Suśruta	9701
pwg	Atharvaveda	9263
pwg	Trikāṇḍaśeṣa	8361
pwg	Bṛhatsaṃhitā	7980
pwg	Raghuvaṃśa	7739
pwg	Rājataraṅgiṇī	7130
pwg	Pañcatantra	6758
pwg	Rājanighaṇṭu	6662
pwg	Indische Studien (Weber)	6008
pwg	Mārkandeyapuraṇa	5208
pwg	Halāyudha	5098
pwg	Kātyāyana-Śrautasūtra	5080
pwg	Vājasaneyi Saṃhitā	5063
pwg	Mugdhabodha (Vopadeva)	5044
pwg	Taittirīya Saṃhitā	4926
pwg	Śakuntalā	4924
pwg	Aitareya Brāhmaṇa	3778
pwg	WEBER'S Verzeichniss der Berliner Sanskrit-Handschriften	3655
pwg	Viṣṇu Purāṇa	3627
pwg	Yājñavalkyasmṛti	3552
pwg	Sāhityadarpaṇa	3541
pwg	ŚABDARATNĀVALĪ	3128
pwg	Hitopadeśa	3055
pwg	Nirukta (Yāska)	3006
pwg	Bombay	2959
pwg	Taittirīya Brāhmaṇa	2856
pwg	Kumārasambhava	2465
pwg	Prabodhacandrodaya	2442
pwg	DHĀTUPĀṬHA in WESTERGAARD'S Radices	2356
pwg	Kauśikasūtra	2227
pwg	Bhaṭṭikāvya	2207
pwg	Bhagavadgītā	2141
pwg	PAÑCARATNA	2110
pwg	Śāṅkhāyana-Śrautasūtra	2031
pwg	Wilson (dictionary)	2023
pwg	NALOPĀKHYĀNA in BÖHTLINGK'S Chrestomathie	1984
pwg	Meghadūta	1923
pwg	HĀRĀVALI	1862
pwg	COLEBROOKE'S Miscellaneous Essays	1856
pwg	A contribution towards an index to the Bibliography of the Indian philosophical systems	1842
pwg	Daśakumāracarita	1796
pwg	Lāṭyāyana-Śrautasūtra	1762
pwg	Chāndogyopaniṣad	1748
pwg	Āśvalāyana-Śrautasūtra	1734
pwg	Mṛcchakaṭikā	1716
pwg	Pañcaviṃśa Brāhmaṇa	1690
pwg	VYUTPATTI oder MAHĀVYUTPATTI	1633
pwg	Vikramorvaśī	1580
pwg	ŚABDACANDRIKĀ	1430
pwg	RATNAMĀLĀ	1426
pwg	Kullūka	1426
pwg	Āśvalāyana-Gṛhyasūtra	1406
pwg	das	1380
pwg	Siddhāntakaumudi	1369
pwg	Bṛhadāraṇyakopaniṣad	1342
pwg	Śeṣa's zu HEMACANDRA'S ABHIDHĀNACINTĀMAṆI	1305
pwg	KĀṬHAKA-Recension des YĀJ	1292
pwg	Śiśupālavadha	1275
pwg	Sāyaṇa	1264
pwg	VETĀLAPAÑCAVIṂŚATI in LASSEN'S Anthologie	1255
pwg	Bhartṛhari	1244
pwg	A rational refutation of the Hindu philosophical systems by Nehemiah Nīlakaṇṭha	1191
pwg	ŚAṂKARA	1140
pwg	PRĀTIŚĀKHYA zun ṚGVEDA	1116
pwg	Geschichte des VIDŪṢAKA in BÖHTLINGK'S Chrestomathie	1109
pwg	Patañjali	1105
pwg	Gītagovinda	1060
pwg	Mālavikāgnimitra	1057
pwg	JAṬĀDHARA	1030
pwg	BENFEY' Chrestomathie aus Sanskritwerken	929
pwg	NIGHAṆṬA PRAKĀŚA von BĀPŪ GAṄGĀDHARA	928
pwg	LASSEN'S Indische Alterthumskunde	890
pwg	Sūryasiddhānta	821
pwg	Zeitschrift der deutschen morgenlandischen Gesellschaft	807
pwg	Ṛtusaṃhāra	803
pwg	GOBHILA'S GṚHYASŪTRA	788
pwg	ŚABDAMĀLĀ	783
pwg	PĀRASKARA'S GṚHYASŪTRĀṆI	769
pwg	Uṇādi-Affixe	764
pwg	ŚĀṄKHĀYANA'S GṚHYASŪTRĀṆI	756
pwg	BURNOUF	748
pwg	PRĀTIŚĀKHYA zur VĀJASANEYISAM̃HITĀ	746
pwg	Bhārata	744
pwg	DHŪRTASAMĀGAMA in LASSEN'S Anthologie	744
pwg	SĀṂKHYAKĀRIKĀ	731
pwg	KAPILA	728
pwg	Journal of the American Oriental Society	719
pwg	Calcutta edition of various works [Cologne addition]	709
pwg	ŚĀṄKHĀYANA'S BRĀHMAṆA	704
pwg	Kirātārjunīya	659
pwg	Varāhamihira's Bṛhajjātaka	642
pwg	В	554
pwg	SAM̃HITĀ des ŚĀRṄGADHARA	547
pwg	PRĀTIŚĀKHYA zum ATHARVAVEDA	540
pwg	Śvetāśvataropaniṣad	536
pwg	Bhāvaprakāśa	509
pwg	Lalitavistara	508
pwg	Amaruśataka	497
pwg	Śatruṃjayamāhātmya	496
pwg	Arjunasamāgama	485
pwg	Kaṭhopaniṣad	477
pwg	BRAHMAPURĀṆA in LASSEN'S Anthologie	474
pwg	A Lecture on the Vedánta	473
pwg	PRAVARĀDHYĀYA	443
pwg	Uttararāmacarita	441
pwg	VIDYĀNĀTHA'S PRATĀPARUDRĪYAM ALAM̃KĀRAŚĀSTRAM	439
pwg	KĀŚIKĀVṚTTI; s	427
pwg	HIḌIMBAVADHA in BOPP'S Ardschuna's Reise zu Indra's Himmel	425
pwg	ŚIVANĀMASAHASRA	411
pwg	DAŚARATHA'S Tod in BÖHTLINGK'S Chrestomathie	408
pwg	Caurapañcāśikā	406
pwg	LASSEN'S Anthologie	404
pwg	Draupadīpramātha	402
pwg	Daśarūpa	390
pwg	TAITTIRIYARAṆYAKA	383
pwg	Naiṣadhacarita	380
pwg	ṢAḌVIṂŚABRĀHMAṆA	364
pwg	TAITTIRĪYOPANIṢAD	357
pwg	Hemacandra	352
pwg	MAHĪDHARA	351
pwg	Mallinātha	350
pwg	Weber	350
pwg	Sāvitryupākhyāna	349
pwg	Bhāṣāpariccheda	348
pwg	MUIR	345
pwg	INDRALOKĀGAMANA in BOPP'S Ardschuna's Reise zu Indra's Him- mel u	337
pwg	MADHUSŪDANASARASVATĪ'S PRASTHĀNABHEDA in den Indischen Studien	335
pwg	VĀLAKHILYA	331
pwg	Algebra	330
pwg	VIŚVĀMITRA'S Kampf in BÖHTLINGK'S Chrestomathie	327
pwg	ŚUKASAPTATI in LASSEN'S Anthologie	322
pwg	[Cologne addition]	321
pwg	RGYA TCH'ER ROL PA	316
pwg	Śrutabodha	311
pwg	Kusumanagara	309
pwg	KAUṢĪTAKYUPANIṢAD	303
pwg	Muṇḍakopaniṣad	299
pwg	SAṂSKĀRAKAUSTUBHA von ANANTADEVA	298
pwg	A Lecture on the Sánkhya Philosophy	291
pwg	Sundopasundopākhyāna	277
pwg	UṆĀDIKOṢA	277
pwg	Mitākṣarā	272
pwg	Histoire de la vie de HIOUEN-THSANG et de ses voya- ges dans l'Inde	268
pwg	Sāmaveda	267
pwg	VAIJAYANTĪ	266
pwg	CHEZY'S Ausgabe des ŚĀKUNTALA	266
pwg	Zeitschrift für die Kunde des Morgenlandes	259
pwg	ŚIHLANA'S ŚĀNTIŚATAKA in HAEBERLIN'S Anthology	253
pwg	MACK	247
pwg	DHARAṆĪKOṢA	245
pwg	Praśnopaniṣad	241
pwg	VĀYUPURĀṆA	237
pwg	BRĀHMAṆAVILĀPA in BOPP'S Ardschuna's Reise zu Indra's Himmel u	237
pwg	CHANDOMAÑJARĪ	228
pwg	ŚĀNTANĀCĀRYA'S PHIṬSŪTRĀṆI in BÖHTLINGK	213
pwg	YOGASŪTRA	211
pwg	Prooemium	210
pwg	Kuvalayānanda	206
pwg	VARĀHAMIHIRA'S LAGHUJĀTAKA	204
pwg	JAIMINI	186
pwg	Commentary on the Hindu System of Medicine	184
pwg	BRAHMAVAIVARTAPURĀṆA	177
pwg	Mémoires sur les contrées occidentales	173
pwg	LOISELEUR DESLONGCHAMPS	167
pwg	Bibliothecae sanskritae sive recensus librorum sanskri- torum hucusque typis vel lapide exscriptorum critici specimen	167
pwg	NṚSIṂHATĀPANĪYOPANIṢAD	167
pwg	Notices of Skt	167
pwg	Devīmāhātmya	164
pwg	GAUḌAPĀDA	162
pwg	Akademische Vorlesungen über Indische Literatur- geschichte	160
pwg	ANUKRAMAṆIKĀ des ṚGVEDA [Cologne addition]	158
pwg	RĀYAMUKUṬA	154
pwg	PARIŚIṢṬA des ATHARVAVEDA	145
pwg	AITAREYOPANIṢAD	144
pwg	BHŪRIPRAYOGA	143
pwg	Āpastamba	142
pwg	WESTERGAARD'S Radices	141
pwg	DVIRŪPAKOṢA	135
pwg	GṚHYASAM̃GRAHAPARIŚIṢTA	132
pwg	GAṆITĀDHYĀYA	131
pwg	CĀṆAKYA in HAEB	130
pwg	HAEB	126
pwg	MATSYAPURĀṆA	124
pwg	TITHYĀDITATTVA	122
pwg	KĀŚĪKHAṆḌA	120
pwg	Asiatick Researches; or	114
pwg	BĀLABODHANĪ in WINDISCHMANN'S Sancara	106
pwg	Dāyabhāga	104
pwg	SKANDAPURĀṆA	103
pwg	PRĀTIŚĀKHYA zur TAITTIRĪYASAM̃HITĀ	101
pwg	Śṛṅgāratilaka	101
pwg	KĀLIKĀPURĀṆA	97
pwg	Alexandre Langlois	96
pwg	STENZLER	95
pwg	RAMĀNĀTHA	93
pwg	RĀJAVALLABHA	92
pwg	FRID	86
pwg	Vedāntasāra	85
pwg	VṚDDHACĀṆAKYA	84
pwg	A Dictionary Bengali and Sanskrit	82
pwg	Ratnāvalī	81
pwg	Śiva Purāṇa	79
pwg	Kenopaniṣad	78
pwg	GĀRUḌA-PURĀṆA	75
pwg	Mudrārākṣasa	71
pwg	Matsyopākhyāna	69
pwg	ADBHUTABRĀHMAṆA	68
pwg	Siddhāntaśiromaṇi	67
pwg	Ghaṭakarpara	66
pwg	Katyāyana	65
pwg	DEVĪPURĀṆA	65
pwg	Mélanges asiatiques tirés du Bulletin historico-philologique de l'Académie Impériale des sciences de St	64
pwg	Padma-Purāṇa	63
pwg	Gedicht vom Vogel Cātaka	61
pwg	MAŚAKA'S KALPASŪTRĀṆI	61
pwg	A Dictionary Murathee and English by YAMES T	61
pwg	SĀRASUNDARI	58
pwg	BÖHTLINGK'S Verzeichniss der Petersburger Sanskrit- Handschriften in: DORN	57
pwg	GOPATHABRĀHMAṆA	57
pwg	ĪŚOPANIṢAD	56
pwg	ITIHĀSA	55
pwg	Bhaviṣya-Purāṇa	55
pwg	GAUḌAPĀDA'S Kārikā zur MĀṆḌ	55
pwg	BALLANTYNE	55
pwg	KAIYAṬA	54
pwg	JYOTIṢA	51
pwg	AŚOKĀVADĀNA	46
pwg	ANUKRAMAṆIKĀ	46
pwg	Zeitschrift für vergleichende Sprachforschung auf dem Gebiete des Deutschen	45
pwg	VAIDYAKA	44
pwg	MADHYAMAKAVṚTTI	44
pwg	VĀCASPATI	43
pwg	TANTRASĀRA	43
pwg	LIṄGAPURĀṆA	42
pwg	VYAVAHĀRATATTVA	40
pwg	Kārikā	38
pwg	Veṇīsaṃhāra	38
pwg	MĀNAVA-KALPA-SŪTRA; being a portion of this ancient work on Vaidik rites	37
pwg	SOM	37
pwg	bhakti-sūtra	36
pwg	VIVĀDACINTĀMAṆI	34
pwg	ŚĀRṄGADHARA'S PADDHATI; vgl	32
pwg	Zur Literatur und Geschichte des Weda	32
pwg	RATIMAÑJARĪ	32
pwg	Mahānāṭaka	30
pwg	Mālatīmādhava	29
pwg	DURGĀDĀSA	28
pwg	BṚHADDEVATĀ; S	28
pwg	KŪRMAPURĀṆA	27
pwg	Bhaviṣyottara Purāṇa	27
pwg	KOṢṬHĪPRADĪPA	27
pwg	UPALEKHA de KRAMAPĀṬHA libellus	26
pwg	MAHĀNĀRĀYAṆOPANIṢAD	26
pwg	ĀNANDALAHARĪ in HAEB	26
pwg	Vārttika von KĀTYĀYANA in BÖHTLINGK'S Ausg	26
pwg	Sage von NALA und DAMAYANTI	26
pwg	KAVIKALPADRUMA	24
pwg	VAHNIPURĀṆA	23
pwg	KAUṢĪTAKIBRĀHMAṆA	22
pwg	HORĀŚĀSTRA	21
pwg	GOTAMA'S NYĀYASŪTRĀṆI	21
pwg	ANUKRAMAṆIKĀ des [Cologne addition]	20
pwg	KĀLASAṂKALITA	20
pwg	AGNIPURĀṆA	20
pwg	NYĀYAMĀLĀVISTARA	18
pwg	Divyāvadāna	17
pwg	Materia indica	17
pwg	MALAMĀSATATTVA	17
pwg	UDVĀHATATTVA	17
pwg	MĀDHAVAKĀRA	16
pwg	GARBHOPANIṢAD	16
pwg	Scriptorum Arabum de Rebus Indi- cis loci et opuscula inedita	16
pwg	NĀṬYAŚĀSTRA	16
pwg	BṚHASPATI	15
pwg	VĀSAVADATTĀ; s	15
pwg	BRAHMĀṆḌAPURĀṆA	15
pwg	SAM̃GĪTADĀMODARA	15
pwg	Mél	15
pwg	UPAGUPTĀVADĀNA	15
pwg	ŚABDĀRṆAVA	14
pwg	PURĀṆA	14
pwg	Journal asiatique	14
pwg	BHĀG	14
pwg	Select specimens of the Theatre of the Hindus	13
pwg	PARĀŚARAPADDHATI	13
pwg	Dialogues on the Hindu Philosophy	13
pwg	Mahāvīracarita	12
pwg	Kāvyaprakāśa	12
pwg	MAITRĀYAṆYUPANIṢAD	12
pwg	NĀRĀYAṆA	12
pwg	Līlāvatī	12
pwg	DAŚABHŪMĪŚVARA	12
pwg	Edward Byles Cowell	12
pwg	WESTERGAARD'S Verzeichniss der Kopenhagener Sanskrit-Handschriften in: Codices orientales bibliothecae regiae Havniensis yussu et auspiciis regis Daniae augustissimi Christiani octavi enumerati et descripti	11
pwg	ĀRUṆIKOPANIṢAD	11
pwg	ĀHNIKATATTVA	11
pwg	Rasamañjarī	11
pwg	BENFEY	11
pwg	BṚHADDHARMAPURĀṆA	11
pwg	BAUDHĀYANA	11
pwg	ŚRĀDDHATATTVA	11
pwg	NĀNĀRTHADHVANIMAÑJARĪ	11
pwg	Bhāminīvilāsa	11
pwg	PRĀTIŚĀKHYA	10
pwg	AGNISVĀMIN	10
pwg	BÖHTLINGK usu	10
pwg	RATNAKOṢA	9
pwg	ANUKRAMAṆIKĀ des ATHARVAVEDA	9
pwg	DRĀHYĀYAṆA	9
pwg	DEVĪBHĀGAVATAPURĀṆA	9
pwg	Kāvya Sangraha	8
pwg	BHĀNUDĪKṢITA	8
pwg	Bulletin historico-philologique de l'Académie Im- périale des sciences de St	8
pwg	KĀṬAVEMA	8
pwg	PARĀŚARA	8
pwg	MATHURĀNĀTHA	8
pwg	KAIVALYOPANIṢAD	7
pwg	YAVANEŚVARA	7
pwg	Gaṇaratnamahodadhi	7
pwg	ŚATARUDRIYOPANIṢAD	7
pwg	BṚHANNĀRADAPURĀṆA	7
pwg	Rāṣṭrapālaparipṛcchā	7
pwg	Radices Linguae Sanscrite by N	6
pwg	Gaspare Gorresio	6
pwg	JĀBĀLOPANIṢAD	6
pwg	NAVARATNA in HAEB	6
pwg	PRĀYAŚCITTAVIVEKA	6
pwg	YĀJÑIKADEVA'S PADDHATI zu KĀTYĀYANA'S ŚRAUTASŪTRA	6
pwg	JYOTIṢATATTVA	6
pwg	Franz Miklosich	6
pwg	Śloka	5
pwg	Avadāna-śataka	5
pwg	NĪLAKAṆṬHA	5
pwg	Vīramitrodaya	5
pwg	BRAHMASŪTRA	5
pwg	Yajurveda	5
pwg	ĀRYAMAÑJUŚRĪNĀMASAM̃GĪTI	5
pwg	PUṢPASŪTRA	5
pwg	{1	5
pwg	KĀVYACANDRIKĀ	5
pwg	ŚĀKAṬĀYANA	5
pwg	RAGHUNANDANABHAṬṬĀCĀRYA	5
pwg	Transactions of the Royal Asiatic Society of Great Britain and Ireland	5
pwg	KARMAPRADIPA	5
pwg	Serampore	5
pwg	ĀGNEYAPURĀṆA	5
pwg	UTTARA-RĀMACARITRA	4
pwg	YOGATATTVA	4
pwg	HARISVĀMIN	4
pwg	NĪTIPRADĪPA in HAEB	4
pwg	ŚĀRṄGADHARA	4
pwg	AITAREYĀRAṆYAKA	4
pwg	Friedrich Heinrich Hugo Windischmann	4
pwg	WILKINS Ms	4
pwg	YUKTIKALPATARU von BHOJARĀJA	4
pwg	Original Sanskrit Texts on the origin and progress of the Religion and Institutions of India; collected	4
pwg	ATHARVAŚIKHĀ	4
pwg	KĀD	4
pwg	SUVARṆAPRABHĀSA	3
pwg	AMARADATTA	3
pwg	GOVINDABHAṬṬA	3
pwg	SAUNĀGA	3
pwg	ŚAṂKARA o= ŚAṂKARA	3
pwg	KĀLIDĀSA	3
pwg	YAJÑNADATTABADHA	3
pwg	PURUṢOTTAMA	3
pwg	avyaya	3
pwg	Zeitschrift für die Wissenschaft der Sprache	3
pwg	SUBRŪTI	3
pwg	PARAMAHAṂSOPANIṢAD	3
pwg	COLEBR	3
pwg	DHARMAPURĀṆA	3
pwg	MUṆḌAMĀLĀTANTRA	3
pwg	VĀRĀHAPURĀṆA	3
pwg	GAṆEŚAPURĀṆA	3
pwg	KAṬHINĀVADĀNA	3
pwg	PĀRŚVANĀTHAKĀVYA	3
pwg	ĀNANDAVALLĪ	2
pwg	DVIVEDAGAṄGA	2
pwg	DHYĀNAVINDŪPANIṢAD	2
pwg	SARVOPANIṢATSĀRA	2
pwg	MAHOPANIṢAD	2
pwg	TEJOVINDŪPANIṢAD	2
pwg	id	2
pwg	KUNTĀPA	2
pwg	Māṇḍūkyopaniṣad	2
pwg	Hortus bengalensis	2
pwg	AMṚTAVINDŪPANIṢAD	2
pwg	ANNAM̃BHAṬṬA	2
pwg	ADBHUTASĀRA	2
pwg	GOTAMA'S SŪTRĀṆI	2
pwg	ANUKRAMANIKĀ der TS	2
pwg	Asiatick Researches	2
pwg	SMARADĪPIKĀ	2
pwg	SUKHABODHA	2
pwg	SAṂSKĀRATATTVA	2
pwg	VIDAGDHAMUKHAMAṆḌANA	2
pwg	AINSLIE	2
pwg	ĀRYAPRAJÑĀPĀRAMITĀRATNAGUṆASAM̃CAYAGĀTHĀ	2
pwg	JAIMINIBHĀRATA	2
pwg	PAÑCAVIṂŚABRĀHMAṆA [Cologne addition]	2
pwg	MADANAPĀLA	2
pwg	WILKINS	2
pwg	VEDAPURĀṆA	1
pwg	CATURBHUJA	1
pwg	BRAHMOPANIṢAD	1
pwg	Jacob Grimm	1
pwg	NĀNĀRTHAKOṢA	1
pwg	ANUPADASŪTRA	1
pwg	NIDĀNASŪTRA	1
pwg	Kādambarī	1
pwg	KOSEGARTEN	1
pwg	DATTAKAMĪMĀM̃SĀ	1
pwg	RĀMATARKAVĀGĪŚA	1
pwg	VYUTP	1
pwg	SADDHARMALAṄKĀVATĀRA	1
pwg	Name of the author of a commentary on the uṇādi-sūtras	1
pwg	ANEKĀRTHADHVANIMAÑJARĪ	1
pwg	PATAÑJALI'S YOGAŚĀSTRA	1
pwg	ŚRĪDHARASVĀMIN	1
pwg	SĀMAVEDA padapĀṭha	1
pwg	Tibetische Lebensbeschreibung Śākyamuni's	1
pwg	ŚRĀDDHAVIVEKA	1
pwg	LALITAMĀDHAVA	1
pwg	VIVĀDĀRṆAVASETU	1
pwg	PATHYĀPATHYAVIVEKA	1
pwg	Bernard Germain de Lacépède	1
pwg	KṢURIKOPANIṢAD	1
pwg	Lithuanian Grammar	1
pwg	Chefs-d'oeuvre du théatre indien	1
pwg	RĀMĀYAṆA Śrīr	1
pwg	DURGĀRCĀTATTVA	1
pwg	MĀYĀTANTRA	1
pwg	Ѳ	1
pwg	BUDDHOKTASAM̃SĀRĀMAYA	1
pwg	VAJRĀSANASĀDHANAMĀLĀ	1
pwg	KALPADRUMĀVADĀNA	1
pwg	KRIYĀSAMUCCAYA	1
pwg	xs	1
pwg	RATNĀVADĀNAMĀLĀ	1
pwg	= VARĀH	1
pwg	Grundzüge der griechischen etymologie	1
pwg	KULLŪKABHAṬṬA	1
pwg	GADĀDHARA=	1
pwg	VṚDDHABṚHASPATI	1
pwg	NĀNĀRTHARATNAM	1
pwg	TROYER	1
pwg	ŚABDAKAUSTUBHA	1
pwg	VAṂŚABRĀHMAṆA	1
pwg	BHAVADEVA BHAṬṬA	1
pwg	Golādhyāya part of Siddhānta Śiromaṇi	1
pwg	VIŚVALOCANA=	1
pwg	И	1
pwg	BṚHADDHARMAPURĀṆA [Cologne addition]	1
pwg	MADANAVINODA	1
pwg	Hortus suburbanus Calcuttensis	1
pwg	Indische streifen	1
pwg	AMṚTANĀDOPANIṢAD	1
pwg	TĀṆḌYABRĀHMANA	1
pwkvn	Mahābhārata	820
pwkvn	Āpastamba	716
pwkvn	Divyāvadāna	688
pwkvn	Śiśupālavadha	464
pwkvn	Bombay	346
pwkvn	Naiṣadhacarita	236
pwkvn	Kirātārjunīya	230
pwkvn	Rāmāyaṇa	225
pwkvn	Hemacandra	223
pwkvn	Daśakumāracarita	202
pwkvn	Kauśikasūtra	199
pwkvn	Bhāgavata-Purāṇa	191
pwkvn	Taittirīya Saṃhitā	158
pwkvn	Manusmṛti	153
pwkvn	Kathāsaritsāgara	144
pwkvn	Indische Sprüche	140
pwkvn	Ṛgveda	138
pwkvn	Aṣṭādhyāyī (Pāṇini)	136
pwkvn	Harivaṃśa	119
pwkvn	Śatapatha-Brāhmaṇa	114
pwkvn	Suśruta	101
pwkvn	VĀSAVADATTĀ; s	92
pwkvn	Atharvaveda	89
pwkvn	Bhāminīvilāsa	86
pwkvn	Indische Studien (Weber)	79
pwkvn	KĀŚĪKHAṆḌA	78
pwkvn	Śāṅkhāyana-Śrautasūtra	72
pwkvn	Sāyaṇa	71
pwkvn	TĀṆḌYABRĀHMANA	70
pwkvn	BAUDHĀYANA	69
pwkvn	Zeitschrift der deutschen morgenlandischen Gesellschaft	67
pwkvn	KAPILA	63
pwkvn	Yājñavalkyasmṛti	63
pwkvn	Kātyāyana-Śrautasūtra	60
pwkvn	Raghuvaṃśa	58
pwkvn	A rational refutation of the Hindu philosophical systems by Nehemiah Nīlakaṇṭha	57
pwkvn	GOBHILA'S GṚHYASŪTRA	53
pwkvn	Rājanighaṇṭu	53
pwkvn	Taittirīya Brāhmaṇa	48
pwkvn	ŚĀṄKHĀYANA'S BRĀHMAṆA	45
pwkvn	Mudrārākṣasa	43
pwkvn	AGNIPURĀṆA	43
pwkvn	RGYA TCH'ER ROL PA	42
pwkvn	Aitareya Brāhmaṇa	42
pwkvn	KĀŚIKĀVṚTTI; s	41
pwkvn	KĀṬHAKA-Recension des YĀJ	40
pwkvn	PĀRASKARA'S GṚHYASŪTRĀṆI	39
pwkvn	TAITTIRIYARAṆYAKA	37
pwkvn	Bṛhatsaṃhitā	37
pwkvn	Mārkandeyapuraṇa	36
pwkvn	Sāhityadarpaṇa	35
pwkvn	Kumārasambhava	35
pwkvn	Bhagavadgītā	35
pwkvn	Mṛcchakaṭikā	33
pwkvn	Viṣṇu Purāṇa	28
pwkvn	ŚĀṄKHĀYANA'S GṚHYASŪTRĀṆI	26
pwkvn	Lāṭyāyana-Śrautasūtra	26
pwkvn	Pañcatantra	26
pwkvn	Gītagovinda	26
pwkvn	Āśvalāyana-Gṛhyasūtra	25
pwkvn	ŚAṂKARA	25
pwkvn	Āśvalāyana-Śrautasūtra	23
pwkvn	Chāndogyopaniṣad	20
pwkvn	Śakuntalā	19
pwkvn	Nirukta (Yāska)	19
pwkvn	AUFRECHT	18
pwkvn	Mitākṣarā	17
pwkvn	Caurapañcāśikā	16
pwkvn	Vikramorvaśī	15
pwkvn	Patañjali	15
pwkvn	PAÑCARATNA	15
pwkvn	Bhāvaprakāśa	14
pwkvn	Kullūka	14
pwkvn	Bhaṭṭikāvya	14
pwkvn	Anekārthasaṃgraha	14
pwkvn	Gaṇaratnamahodadhi	14
pwkvn	DHĀTUPĀṬHA in WESTERGAARD'S Radices	13
pwkvn	Abhidhānacintāmaṇi	13
pwkvn	KAUṢĪTAKYUPANIṢAD	13
pwkvn	ŚAṂKARA o= ŚAṂKARA	13
pwkvn	Vājasaneyi Saṃhitā	11
pwkvn	Mālavikāgnimitra	11
pwkvn	Uttararāmacarita	11
pwkvn	Prabodhacandrodaya	10
pwkvn	Hitopadeśa	10
pwkvn	Bṛhadāraṇyakopaniṣad	10
pwkvn	PARIŚIṢṬA des ATHARVAVEDA	10
pwkvn	Katyāyana	9
pwkvn	[Cologne addition]	9
pwkvn	PRĀTIŚĀKHYA zun ṚGVEDA	9
pwkvn	VYUTPATTI oder MAHĀVYUTPATTI	8
pwkvn	SAṂSKĀRAKAUSTUBHA von ANANTADEVA	8
pwkvn	BHĀG	7
pwkvn	Sūryasiddhānta	7
pwkvn	Kaṭhopaniṣad	7
pwkvn	Amarakoṣa	7
pwkvn	VETĀLAPAÑCAVIṂŚATI in LASSEN'S Anthologie	7
pwkvn	Śabdakalpadruma	7
pwkvn	ṢAḌVIṂŚABRĀHMAṆA	7
pwkvn	WEBER'S Verzeichniss der Berliner Sanskrit-Handschriften	7
pwkvn	YOGASŪTRA	7
pwkvn	ŚĀRṄGADHARA'S PADDHATI; vgl	7
pwkvn	LASSEN'S Anthologie	6
pwkvn	Medinīkośa	6
pwkvn	Varāhamihira's Bṛhajjātaka	5
pwkvn	Algebra	5
pwkvn	Muṇḍakopaniṣad	5
pwkvn	BṚHASPATI	5
pwkvn	Halāyudha	5
pwkvn	Daśarūpa	5
pwkvn	VĀYUPURĀṆA	5
pwkvn	NĀRĀYAṆA	4
pwkvn	GOPATHABRĀHMAṆA	4
pwkvn	Śatruṃjayamāhātmya	4
pwkvn	Trikāṇḍaśeṣa	4
pwkvn	Veṇīsaṃhāra	4
pwkvn	VIDYĀNĀTHA'S PRATĀPARUDRĪYAM ALAM̃KĀRAŚĀSTRAM	4
pwkvn	Mallinātha	4
pwkvn	Calcutta edition of various works [Cologne addition]	4
pwkvn	Līlāvatī	3
pwkvn	AITAREYĀRAṆYAKA	3
pwkvn	CHEZY'S Ausgabe des ŚĀKUNTALA	3
pwkvn	SĀṂKHYAKĀRIKĀ	3
pwkvn	Śvetāśvataropaniṣad	3
pwkvn	Histoire de la vie de HIOUEN-THSANG et de ses voya- ges dans l'Inde	3
pwkvn	Edward Byles Cowell	3
pwkvn	NYĀYAMĀLĀVISTARA	2
pwkvn	GAUḌAPĀDA'S Kārikā zur MĀṆḌ	2
pwkvn	SAM̃HITĀ des ŚĀRṄGADHARA	2
pwkvn	MAHĪDHARA	2
pwkvn	PRĀTIŚĀKHYA zum ATHARVAVEDA	2
pwkvn	NIGHAṆṬA PRAKĀŚA von BĀPŪ GAṄGĀDHARA	2
pwkvn	BENFEY' Chrestomathie aus Sanskritwerken	2
pwkvn	GARBHOPANIṢAD	2
pwkvn	PRĀTIŚĀKHYA zur VĀJASANEYISAM̃HITĀ	2
pwkvn	Bhārata	2
pwkvn	BRAHMAPURĀṆA in LASSEN'S Anthologie	2
pwkvn	Mugdhabodha (Vopadeva)	2
pwkvn	Meghadūta	2
pwkvn	JAIMINI	2
pwkvn	A contribution towards an index to the Bibliography of the Indian philosophical systems	2
pwkvn	Kusumanagara	2
pwkvn	BRAHMAVAIVARTAPURĀṆA	2
pwkvn	ANUKRAMAṆIKĀ des ATHARVAVEDA	2
pwkvn	Journal asiatique	2
pwkvn	Kārikā	1
pwkvn	BURNOUF	1
pwkvn	Commentary on the Hindu System of Medicine	1
pwkvn	Dāyabhāga	1
pwkvn	HĀRĀVALI	1
pwkvn	bhakti-sūtra	1
pwkvn	ANUKRAMAṆIKĀ	1
pwkvn	TAITTIRĪYOPANIṢAD	1
pwkvn	PARĀŚARA	1
pwkvn	Śrutabodha	1
pwkvn	COLEBROOKE'S Miscellaneous Essays	1
pwkvn	Bhāṣāpariccheda	1
pwkvn	Kenopaniṣad	1
pwkvn	PRĀYAŚCITTAVIVEKA	1
pwkvn	Vīramitrodaya	1
pwkvn	RATNAMĀLĀ	1
pwkvn	Śiva Purāṇa	1
pwkvn	DURGĀDĀSA	1
pwkvn	ĀNANDALAHARĪ in HAEB	1
pwkvn	Śeṣa's zu HEMACANDRA'S ABHIDHĀNACINTĀMAṆI	1
pwkvn	Vārttika von KĀTYĀYANA in BÖHTLINGK'S Ausg	1
pwkvn	BÖHTLINGK usu	1
pwkvn	TITHYĀDITATTVA	1
pwkvn	ŚABDARATNĀVALĪ	1
pwkvn	Sāmaveda	1
pwkvn	TANTRASĀRA	1
pwkvn	VAIJAYANTĪ	1
sch	Abhidhānacintāmaṇi	2000
sch	Āpastamba	853
sch	Mahābhārata	816
sch	Divyāvadāna	700
sch	Kirātārjunīya	501
sch	Śiśupālavadha	488
sch	Bombay	335
sch	Hemacandra	282
sch	Naiṣadhacarita	246
sch	ŚUKASAPTATI in LASSEN'S Anthologie	239
sch	Kauśikasūtra	236
sch	Rāmāyaṇa	229
sch	Daśakumāracarita	213
sch	Bhāgavata-Purāṇa	191
sch	Daśarūpa	169
sch	Taittirīya Saṃhitā	165
sch	Manusmṛti	159
sch	Kathāsaritsāgara	147
sch	Aṣṭādhyāyī (Pāṇini)	146
sch	Indische Sprüche	144
sch	Ṛgveda	138
sch	Harivaṃśa	119
sch	Śatapatha-Brāhmaṇa	117
sch	Suśruta	99
sch	VĀSAVADATTĀ; s	98
sch	Uttararāmacarita	97
sch	Atharvaveda	88
sch	Bhāminīvilāsa	87
sch	Kātyāyana-Śrautasūtra	85
sch	KĀŚĪKHAṆḌA	79
sch	Indische Studien (Weber)	77
sch	TĀṆḌYABRĀHMANA	76
sch	Śāṅkhāyana-Śrautasūtra	72
sch	Sāyaṇa	71
sch	BAUDHĀYANA	67
sch	GOBHILA'S GṚHYASŪTRA	63
sch	Yājñavalkyasmṛti	62
sch	Raghuvaṃśa	60
sch	A rational refutation of the Hindu philosophical systems by Nehemiah Nīlakaṇṭha	57
sch	Taittirīya Brāhmaṇa	52
sch	Rājanighaṇṭu	52
sch	ŚĀṄKHĀYANA'S BRĀHMAṆA	44
sch	Bṛhatsaṃhitā	43
sch	Mudrārākṣasa	43
sch	AGNIPURĀṆA	42
sch	KĀŚIKĀVṚTTI; s	41
sch	RGYA TCH'ER ROL PA	41
sch	Aitareya Brāhmaṇa	41
sch	PĀRASKARA'S GṚHYASŪTRĀṆI	40
sch	Kumārasambhava	39
sch	Bhagavadgītā	38
sch	KĀṬHAKA-Recension des YĀJ	38
sch	Mṛcchakaṭikā	37
sch	TAITTIRIYARAṆYAKA	37
sch	Sāhityadarpaṇa	36
sch	Mārkandeyapuraṇa	36
sch	Pañcatantra	35
sch	Viṣṇu Purāṇa	35
sch	Medinīkośa	34
sch	Śṛṅgāratilaka	34
sch	Gītagovinda	32
sch	Trikāṇḍaśeṣa	31
sch	Lāṭyāyana-Śrautasūtra	29
sch	ŚĀṄKHĀYANA'S GṚHYASŪTRĀṆI	27
sch	AUFRECHT	26
sch	Āśvalāyana-Gṛhyasūtra	25
sch	Āśvalāyana-Śrautasūtra	25
sch	YOGASŪTRA	21
sch	ŚAṂKARA	21
sch	Śakuntalā	21
sch	Chāndogyopaniṣad	20
sch	Nirukta (Yāska)	19
sch	ŚĀRṄGADHARA	19
sch	Gaṇaratnamahodadhi	17
sch	VAIJAYANTĪ	16
sch	Patañjali	15
sch	Vikramorvaśī	15
sch	PAÑCARATNA	15
sch	Bhāvaprakāśa	14
sch	Anekārthasaṃgraha	14
sch	Bhaṭṭikāvya	14
sch	Caurapañcāśikā	14
sch	Kullūka	14
sch	KAUṢĪTAKYUPANIṢAD	13
sch	Vājasaneyi Saṃhitā	11
sch	DHĀTUPĀṬHA in WESTERGAARD'S Radices	11
sch	PRĀTIŚĀKHYA zun ṚGVEDA	11
sch	Katyāyana	10
sch	Hitopadeśa	10
sch	PARIŚIṢṬA des ATHARVAVEDA	10
sch	Mālavikāgnimitra	10
sch	Prabodhacandrodaya	9
sch	Sūryasiddhānta	9
sch	Bṛhadāraṇyakopaniṣad	9
sch	VYUTPATTI oder MAHĀVYUTPATTI	8
sch	SAṂSKĀRAKAUSTUBHA von ANANTADEVA	8
sch	LASSEN'S Anthologie	7
sch	Kaṭhopaniṣad	7
sch	VETĀLAPAÑCAVIṂŚATI in LASSEN'S Anthologie	7
sch	ṢAḌVIṂŚABRĀHMAṆA	7
sch	WEBER'S Verzeichniss der Berliner Sanskrit-Handschriften	7
sch	BHĀG	6
sch	Amarakoṣa	6
sch	Śabdakalpadruma	6
sch	BṚHASPATI	5
sch	Algebra	5
sch	Halāyudha	5
sch	Muṇḍakopaniṣad	5
sch	AITAREYĀRAṆYAKA	5
sch	Veṇīsaṃhāra	5
sch	VĀYUPURĀṆA	5
sch	VIDYĀNĀTHA'S PRATĀPARUDRĪYAM ALAM̃KĀRAŚĀSTRAM	5
sch	Mallinātha	5
sch	Śatruṃjayamāhātmya	4
sch	NĀRĀYAṆA	4
sch	GOPATHABRĀHMAṆA	4
sch	ŚIVANĀMASAHASRA	4
sch	Padapāṭha	4
sch	Mahāvīracarita	4
sch	Līlāvatī	3
sch	JAIMINI	3
sch	NYĀYAMĀLĀVISTARA	3
sch	CHEZY'S Ausgabe des ŚĀKUNTALA	3
sch	SĀṂKHYAKĀRIKĀ	3
sch	PRĀTIŚĀKHYA zum ATHARVAVEDA	3
sch	Śvetāśvataropaniṣad	3
sch	Histoire de la vie de HIOUEN-THSANG et de ses voya- ges dans l'Inde	3
sch	Meghadūta	3
sch	BENFEY' Chrestomathie aus Sanskritwerken	2
sch	Varāhamihira's Bṛhajjātaka	2
sch	BRAHMAPURĀṆA in LASSEN'S Anthologie	2
sch	bhakti-sūtra	2
sch	MAHĪDHARA	2
sch	GAUḌAPĀDA'S Kārikā zur MĀṆḌ	2
sch	SAM̃HITĀ des ŚĀRṄGADHARA	2
sch	ANUKRAMAṆIKĀ des ATHARVAVEDA	2
sch	PRĀTIŚĀKHYA zur VĀJASANEYISAM̃HITĀ	2
sch	Kusumanagara	2
sch	Mugdhabodha (Vopadeva)	2
sch	GARBHOPANIṢAD	2
sch	BRAHMAVAIVARTAPURĀṆA	2
sch	Dāyabhāga	1
sch	HĀRĀVALI	1
sch	ANUKRAMAṆIKĀ	1
sch	Kenopaniṣad	1
sch	Kārikā	1
sch	PRĀYAŚCITTAVIVEKA	1
sch	COLEBROOKE'S Miscellaneous Essays	1
sch	TAITTIRĪYOPANIṢAD	1
sch	PARĀŚARA	1
sch	Bhāṣāpariccheda	1
sch	Vīramitrodaya	1
sch	Śrutabodha	1
sch	ŚABDARATNĀVALĪ	1
sch	RATNAMĀLĀ	1
sch	NIGHAṆṬA PRAKĀŚA von BĀPŪ GAṄGĀDHARA	1
sch	Śiva Purāṇa	1
sch	ĀNANDALAHARĪ in HAEB	1
sch	Variante	1
sch	MATSYAPURĀṆA	1
