canonical_text	total_cites	n_dicts	variant_forms
Mahābhārata	51140	5	MAHĀBHĀRATA; Mahābhārata
lexicographers	40213	1	lexicographers
Ṛgveda	36456	4	ṚGVEDA; Ṛg-veda; Ṛgveda
Rāmāyaṇa	35293	6	RĀMĀYAṆA; Rāmāyaṇa; RĀMĀYANA
? [Cologne Addition]	34635	1	? [Cologne Addition]; ? [Cologne addition]
PĀṆINI'S acht Bücher grammatischer Regeln	21509	1	PĀṆINI'S acht Bücher grammatischer Regeln
Bhāgavata-Purāṇa	20948	3	BHĀGAVATAPURĀṆA; Bhāgavata-Purāṇa; Bhāgavata Purāṇa
Śabdakalpadruma	20196	4	ŚABDAKALPADRUMA; Śabdakalpadruma
Indische Sprüche	17746	2	Indische Sprüche
Kathāsaritsāgara	16433	6	KATHĀSARITSĀGARA; Kathāsaritsāgara
HEMACANDRA'S ABHIDHĀNACINTĀMAṆI	16060	1	HEMACANDRA'S ABHIDHĀNACINTĀMAṆI
Amarakoṣa	14718	5	AMARAKOṢA; Amarakoṣa; AMARAKOŚA; Amarakośa
Raghuvaṃśa	14268	4	RAGHUVAṂŚA; Raghuvaṃśa; RAGHUVAM5ŚA
Harivaṃśa	13388	4	HARIVAṂŚA; HARIVAM5ŚA; Harivaṃśa
Medinīkośa	13150	3	MEDINĪKOṢA; MEDINIKOŚA; Medinīkośa
Pañcatantra	13091	3	PAÑCATANTRA; Pañcatantra
AUFRECHT	12674	2	AUFRECHT
MANU'S Gesetzbuch	12357	1	MANU'S Gesetzbuch
Suśruta	11186	4	SUŚRUTA; Suśruta
The ŚATAPATHABRĀHMAṆA in the Mādhyandina-Śākhā	10604	1	The ŚATAPATHABRĀHMAṆA in the Mādhyandina-Śākhā
ibidem or 'in the same place or book or text' as the preceding	10100	1	ibidem or 'in the same place or book or text' as the preceding
HEMACANDRA'S ANEKĀRTHASAM̃GRAHA	9776	1	HEMACANDRA'S ANEKĀRTHASAM̃GRAHA
Śakuntalā	9352	5	ŚĀKUNTALA; Śakuntalā; Śākuntala
ATHARVAVEDASAM̃HITĀ	9260	1	ATHARVAVEDASAM̃HITĀ
Rājataraṅgiṇī	8468	4	RĀJATARAṄGIṆĪ; Rājataraṅgiṇī; Rājatarangiṇi
Trikāṇḍaśeṣa	8387	3	TRIKĀṆḌAŚEṢA; Trikāṇḍaśeṣa
Varāhamihira's Bṛhatsaṃhitā	8029	3	VARĀHAMIHIRA'S BṚHATSAM̃HITĀ; Varāhamihira's Bṛhatsaṃhitā
Mahāvastu	7174	1	Mahāvastu
masculine or neuter	7010	1	masculine or neuter
RĀJANIRGHAṆṬA	6662	1	RĀJANIRGHAṆṬA
Mānavadharmaśāstra	6538	2	Mānavadharmaśāstra; MĀNAVADHARMAŚĀSTRA
Kumārasambhava	6411	5	Kumārasambhava; KUMĀRASAM̃BHAVA; Kumārasaṃbhava; KUMĀRASAM5BHAVA
Śiśupālavadha	6153	5	Śiśupālavadha; ŚIŚUPĀLAVADHA
WEBER'S Indische Studien	6008	1	WEBER'S Indische Studien
Hitopadeśa	5630	5	HITOPADEŚA; Hitopadeśa
Mārkandeyapuraṇa	5548	6	MĀRKĀṆḌEYAPURĀṆA; MĀRKAṆḌEYAPURĀṆA; Mārkaṇḍeya-Purāṇa; Mārkaṇḍeya Purāṇa
catalogue or catalogues	5302	1	catalogue or catalogues
Halāyudha	5105	3	HALĀYUDHA; Halāyudha
Vājasaneyi Saṃhitā	5071	4	VĀJASANEYISAM̃HITĀ; Vājasaneyi Saṃhitā; Vājasaneyi-Saṃhitā
KĀTYĀYANA'S ŚRAUTASŪTRĀṆI	5071	1	KĀTYĀYANA'S ŚRAUTASŪTRĀṆI
VOPADEVA'S Grammatik	5044	1	VOPADEVA'S Grammatik
Taittirīya Saṃhitā	4568	3	TAITTIRĪYASAM̃HITĀ; Taittirīya Saṃhitā; Taittirīya-Saṃhitā
Lalitavistara	4564	3	Lalitavistara; LALITAVISTARA
Meghadūta	4512	5	Meghadūta; MEGHADŪTA
Bhaṭṭikāvya	4462	5	BHAṬṬIKĀVYA; Bhaṭṭikāvya
Sāhityadarpaṇa	4238	5	SĀHITYADARPAṆA; Sāhityadarpaṇa; SĀHITYADARPAṆA2; Sāhitya Darpaṇa
Bhagavadgītā	4233	6	BHAGAVADGĪTĀ; Bhagavadgītā; BHAGAVADGITĀ; Bhagavad Gītā
Mahāvyutpatti	4110	1	Mahāvyutpatti
Raghuvanśa	4101	1	Raghuvanśa
Aitareya Brāhmaṇa	3779	2	AITAREYABRĀHMAṆA; Aitareya Brāhmaṇa
WEBER'S Verzeichniss der Berliner Sanskrit-Handschriften	3655	1	WEBER'S Verzeichniss der Berliner Sanskrit-Hand- schriften; WEBER'S Verzeichniss der Berliner Sanskrit-Handschriften
Viṣṇu Purāṇa	3624	2	VIṢṆUPURĀṆA; Viṣṇu Purāṇa
YĀJÑAVALKYA'S Gesetzbuch	3552	1	YĀJÑAVALKYA'S Gesetzbuch
Daśakumāracarita	3404	4	DAŚAKUMĀRACARITA; Daśakumāracarita
Divyāvadāna	3187	2	Divyāvadāna; DIVYĀVADĀNA
Gaṇḍavyūha	3174	1	Gaṇḍavyūha
Taittirīya Brāhmaṇa	3164	3	TAITTIRĪYABRĀHMAṆA; TAITTIRIYA BRĀHMAṆA; Taittirīya Brāhmaṇa
ŚABDARATNĀVALĪ	3128	1	ŚABDARATNĀVALĪ
my Sanskrit Chrestomathy	3017	1	my Sanskrit Chrestomathy
YĀSKA'S NIRUKTA sammt den NIGHAṆṬAVA'S herausgegeben und erklärt von RUDOLPH ROTH	3006	1	YĀSKA'S NIRUKTA sammt den NIGHAṆṬAVA'S herausgegeben und erklärt von RUDOLPH ROTH
Bombay	2959	1	Bombay
Vikramorvaśī	2741	2	VIKRAMORVAŚĪ; Vikramorvaśī
Kādambarī	2720	4	KĀDAMBARI; Kādambarī; KĀDAMBARĪ
Kirātārjunīya	2702	4	Kirātārjunīya; KIRĀTĀRJUNĪYA
Manusmṛti	2685	1	Manusmṛti
Prabodhacandrodaya	2674	3	PRABODHACANDRODAYA; Prabodhacandrodaya
Uttararāmacarita	2612	3	Uttararāmacarita; Uttara Rāmacarita
Mṛcchakaṭikā	2478	3	MṚCCHAKAṬIKĀ; Mṛcchakaṭikā
ĀPASTAMBA'S DHARMASŪTRA	2459	1	ĀPASTAMBA'S DHARMASŪTRA
DHĀTUPĀṬHA in WESTERGAARD'S Radices	2356	1	DHĀTUPĀṬHA in WESTERGAARD'S Radices
Saddharmapuṇḍarīka	2279	2	Saddharmapuṇḍarīka; SADDHARMAPUṆḌARIKA
KAUŚIKA'S SŪTRA zum ATHARVAVEDA	2227	1	KAUŚIKA'S SŪTRA zum ATHARVAVEDA
Bhāvaprakāśa	2204	3	BHĀVAPRAK4ĀŚA; BHĀVAPRAKĀŚA; Bhāvaprakāśa
PAÑCARATNA ? [Cologne Addition]	2110	1	PAÑCARATNA ? [Cologne Addition]
Bhartṛhari	2036	2	BHARTṚHARI; Bhartṛhari
ŚĀṄKHĀYANA'S ŚRAUTASŪTRĀṆI	2031	1	ŚĀṄKHĀYANA'S ŚRAUTASŪTRĀṆI
WILSON'S Wörterbuch	2022	1	WILSON'S Wörterbuch
Mālatīmādhava	1986	4	Mālatīmādhava; MĀLATĪMĀDHAVA
Gītagovinda	1972	4	GĪTAGOVINDA; Gītagovinda
Mālavikāgnimitra	1962	4	MĀLAVIKĀGNIMITRA; Mālavikāgnimitra
NALOPĀKHYĀNA in BÖHTLINGK'S Chrestomathie	1899	1	NALOPĀKHYĀNA in BÖHTLINGK'S Chrestomathie
Siddhāntakaumudi	1882	4	SIDDHĀNTAKAUMUDĪ; Siddhānta-Kaumudī; Siddhāntakaumudi
HĀRĀVALI	1870	2	HĀRĀVALĪ; HĀRĀVALI
ANEKĀRTHASAM̃GRAHA	1870	1	ANEKĀRTHASAM̃GRAHA
Buddhist	1866	1	Buddhist
COLEBROOKE'S Miscellaneous Essays	1856	1	COLEBROOKE'S Miscellaneous Essays
HEĀDRI'S K4ATURVARGAK4INTĀMAṆI	1845	1	HEĀDRI'S K4ATURVARGAK4INTĀMAṆI
A contribution towards an index to the Bibliography of the Indian philosophical systems	1842	1	A contribution towards an index to the Bibliography of the Indian philosophical systems
Sāyaṇa	1817	3	SĀYAṆA; Sāyaṇa
Manusmṛiti	1762	1	Manusmṛiti
LĀṬYĀYANA'S SŪTRA zum SV	1762	1	LĀṬYĀYANA'S SŪTRA zum SV
GALANO's Wörterbuch	1736	1	GALANO's Wörterbuch
ĀŚVALĀYANA'S ŚRAUTASŪTRĀṆI in 12 Adhyāya	1734	1	ĀŚVALĀYANA'S ŚRAUTASŪTRĀṆI in 12 Adhyāya
Pañcaviṃśa Brāhmaṇa	1691	2	PAÑCAVIṂŚABRĀHMAṆA; Pañcaviṃśa Brāhmaṇa
VYUTPATTI oder MAHĀVYUTPATTI	1633	1	VYUTPATTI oder MAHĀVYUTPATTI
Brāhmaṇa	1621	1	Brāhmaṇa
Chāndogyopaniṣad	1612	2	CHĀNDOGYOPANIṢAD; Chāndogyopaniṣad
Kullūka	1594	5	KULLŪKA; Kullūka
Śikṣāsamuccaya	1584	1	Śikṣāsamuccaya
Maitrāyaṇī Saṃhitā	1445	2	MAITRĀYAṆI SAM5HITĀ; Maitrāyaṇī Saṃhitā
ŚABDACANDRIKĀ	1430	1	ŚABDACANDRIKĀ
RATNAMĀLĀ	1426	1	RATNAMĀLĀ
ĀŚVALĀYANA'S GṚHYASŪTRĀṆI in 4 Adhyāya	1406	1	ĀŚVALĀYANA'S GṚHYASŪTRĀṆI in 4 Adhyāya
das	1380	1	das
Mūla-Sarvāstivāda-Vinaya; Gilgit Manuscripts	1378	1	Mūla-Sarvāstivāda-Vinaya; Gilgit Manuscripts
die Śeṣa's zu HEMACANDRA'S ABHIDHĀNACINTĀMAṆI	1305	1	die Śeṣa's zu HEMACANDRA'S ABHIDHĀNACINTĀMAṆI
Yājñavalkya	1304	3	Yājñavalkya
KĀṬHAKA-Recension des YĀJ	1290	1	KĀṬHAKA-Recension des YĀJ
Kāraṇḍavyūha	1255	2	KĀRAṆḌAVYŪHA; Kāraṇḍavyūha
VETĀLAPAÑCAVIṂŚATI in LASSEN'S Anthologie	1255	1	VETĀLAPAÑCAVIṂŚATI in LASSEN'S Anthologie
Ṛtusaṃhāra	1254	4	ṚTUSAM̃HĀRA; Ṛtusaṃhāra; RṬUSAM5HĀRA
Bālarāmāyaṇa	1227	3	BĀLARĀMĀYAṆA; Bālarāmāyaṇa; Bālarāmayaṇa
Bodhisattvabhūmi	1217	1	Bodhisattvabhūmi
A rational refutation of the Hindu philosophical systems by Nehemiah Nīlakaṇṭha	1191	1	A rational refutation of the Hindu philosophical systems by Nehemiah Nīlakaṇṭha
ŚAṂKARA	1140	1	ŚAṂKARA
GAUTMA'S DHARMAŚĀSTRA	1120	1	GAUTMA'S DHARMAŚĀSTRA
PRĀTIŚĀKHYA zun ṚGVEDA	1116	1	PRĀTIŚĀKHYA zun ṚGVEDA
Geschichte des VIDŪṢAKA in BÖHTLINGK'S Chrestomathie	1109	1	Geschichte des VIDŪṢAKA in BÖHTLINGK'S Chrestomathie
Avadāna-śataka	1108	2	Avadāna-śataka; AVADĀNAŚATAKA
Amaruśataka	1052	4	Amaruśataka; AMARUŚATAKA
JAṬĀDHARA	1030	1	JAṬĀDHARA
Zeitschrift der deutschen morgenlandischen Gesellschaft	984	2	Zeitschrift der Deutschen morgenländischen Gesell- schaft; Zeitschrift der deutschen morgenlandischen Gesellschaft
Classified Index to the Sanskrit Mss	984	1	Classified Index to the Sanskrit Mss
(Ārya-)Mañjuśrīmūlakalpa, ed. Gaṇapati Śāstri, 3 vols., Trivandrum, 1920, 1922, 1925. See Lalou, in the following list of abbreviations.	983	1	(Ārya-)Mañjuśrīmūlakalpa, ed. Gaṇapati Śāstri, 3 vols., Trivandrum, 1920, 1922, 1925. See Lalou, in the following list of abbreviations.
Atharvaveda	961	4	ATHARVAVEDA; Atharvaveda; Atharva-veda
VISHṆUPURĀṆA	929	1	VISHṆUPURĀṆA
BENFEY' Chrestomathie aus Sanskritwerken	929	1	BENFEY' Chrestomathie aus Sanskritwerken
NIGHAṆṬA PRAKĀŚA von BĀPŪ GAṄGĀDHARA	928	1	NIGHAṆṬA PRAKĀŚA von BĀPŪ GAṄGĀDHARA
LASSEN'S Indische Alterthumskunde	890	1	LASSEN'S Indische Alterthumskunde
Bhartṛhari's three Śatakas	878	1	Bhartṛhari's three Śatakas
Rigveda	837	4	Rigveda; Rig-veda; Rig Veda; Ṛigveda
Sūryasiddhānta	824	2	SŪRYASIDDHĀNTA; Sūryasiddhānta
Bhārata	809	2	BHARATA; Bhārata
Vikramorvaśīyam	804	1	Vikramorvaśīyam
GOBHILA'S GṚHYASŪTRA	788	1	GOBHILA'S GṚHYASŪTRA
Kāvyaprakāśa	785	5	Kāvyaprakāśa; KĀVYAPRAKĀŚA; Kāvya Prakaśa
ŚABDAMĀLĀ	783	1	ŚABDAMĀLĀ
BURNOUF	769	2	BURNOUF
PĀRASKARA'S GṚHYASŪTRĀṆI	769	1	PĀRASKARA'S GṚHYASŪTRĀṆI
DHŪRTASAMĀGAMA in LASSEN'S Anthologie	768	2	DHŪRTASAMĀGAMA in LASSEN'S Anthologie
Die Uṇādi-Affixe	764	1	Die Uṇādi-Affixe
Lassen	761	1	Lassen
SAM5GITASĀRASAM5GRAHA	757	1	SAM5GITASĀRASAM5GRAHA
ŚĀṄKHĀYANA'S GṚHYASŪTRĀṆI	756	1	ŚĀṄKHĀYANA'S GṚHYASŪTRĀṆI
PRĀTIŚĀKHYA zur VĀJASANEYISAM̃HITĀ	746	1	PRĀTIŚĀKHYA zur VĀJASANEYISAM̃HITĀ
Mahā-Māyūrī	741	1	Mahā-Māyūrī
SĀṂKHYAKĀRIKĀ	731	1	SĀṂKHYAKĀRIKĀ
KAPILA	728	1	KAPILA
Journal of the American Oriental Society	725	2	Journal of the American Oriental Society
Bṛhadāraṇyakopaniṣad	719	2	BṚHADĀRAṆYAKOPANIṢAD; Bṛhadāraṇyakopaniṣad; ? BṚHADĀRAṆYAKOPANIṢAD
Mudrārākṣasa	718	3	Mudrārākṣasa; MUDRĀRĀKṢASA
Calcutta edition of various works [Cologne addition]	709	1	Calcutta edition of various works [Cologne addition]
Naiṣadhacarita	706	3	NAIṢADHACARITA; Naiṣadhacarita
ŚĀṄKHĀYANA'S BRĀHMAṆA	704	1	ŚĀṄKHĀYANA'S BRĀHMAṆA
Bhāṣāpariccheda	702	3	Bhāṣāpariccheda; BHĀṢĀPARICCHEDA
Bhāminīvilāsa	695	2	Bhāminīvilāsa; BHĀMINIVILĀSA
Inscriptions	687	1	Inscriptions
Pāṇini's Aṣṭādhyāyī	686	2	Pāṇini's Aṣṭādhyāyī; Pāṇiniʼs Aṣṭādhyāyī
Varāhamihira's Bṛhajjātaka	643	2	VARĀHAMIHIRA'S BṚHAJJĀTAKA; Varāhamihira's Bṛhajjātaka
Laṅkāvatāra-sūtra	638	1	Laṅkāvatāra-sūtra
TAITTIRYASAM5HITĀ	619	1	TAITTIRYASAM5HITĀ
Arjunasamāgama	613	2	ARJUNASAMĀGAMA; Arjunasamāgama
Pāṇini	608	3	PĀṆINI; Pāṇini
LALITAVISTARAPURĀṆA	590	1	LALITAVISTARAPURĀṆA
column	588	1	column
TAITTIRIYARAṆYAKA	584	2	TAITTIRĪYĀRAṆYAKA; TAITTIRIYARAṆYAKA
NIGHAṆṬUPRAKĀŚA	577	1	NIGHAṆṬUPRAKĀŚA
Mallinātha	566	3	MALLINĀTHA; Mallinātha
DAŚAKUMĀRA	556	1	DAŚAKUMĀRA
В	554	1	В
SAM̃HITĀ des ŚĀRṄGADHARA	547	1	SAM̃HITĀ des ŚĀRṄGADHARA
Draupadīpramātha	544	2	DRAUPADĪPRAMĀTHA; Draupadīpramātha
Śvetāśvataropaniṣad	542	3	ŚVETĀŚVATAROPANIṢAD; Śvetāśvataropaniṣad
Daśabhūmikasūtra	542	1	Daśabhūmikasūtra
PRĀTIŚĀKHYA zum ATHARVAVEDA	540	1	PRĀTIŚĀKHYA zum ATHARVAVEDA
Boehtlingk and Roth	525	1	Boehtlingk and Roth
Vāsavadattā	521	3	VĀSAVADATTĀ; Vāsavadattā; Vāsavadatta
Śatruṃjayamāhātmya	515	2	ŚATRUM̃JAYAMĀHĀTMYA; Śatruṃjayamāhātmya
Vedāntasāra	507	2	Vedāntasāra; VEDĀNTASĀRA
Caurapañcāśikā	492	3	CAURAPAÑCĀŚIKĀ; Caurapañcāśikā
Kaṭhopaniṣad	486	2	KAṬHOPANIṢAD; Kaṭhopaniṣad
Uṇādisūtras	485	1	Uṇādisūtras
Sāma-Veda	481	3	SĀMAVEDA; Sāma-Veda
Nala	479	1	Nala
VAITĀNASŪTR??	479	1	VAITĀNASŪTR??
Rāṣṭrapālaparipṛcchā	477	2	Rāṣṭrapālaparipṛcchā; RĀṢTRAPĀLAPARIPṚCCHĀ
BRAHMAPURĀṆA in LASSEN'S Anthologie	474	1	BRAHMAPURĀṆA in LASSEN'S Anthologie
A Lecture on the Vedánta	473	1	A Lecture on the Vedánta
Sāvitryupākhyāna	471	2	SĀVITRYUPĀKHYĀNA; Sāvitryupākhyāna
Kāśikāvṛtti	464	2	KĀŚIKĀ VṚTTI; Kāśikāvṛtti
Sukhāvatīvyūha	464	1	Sukhāvatīvyūha
Mahāvīracarita	463	3	Mahāvīracarita; MAHĀVĪRACARITA
TĀṆḌYABRĀHMANA	447	1	TĀṆḌYABRĀHMANA
PRAVARĀDHYĀYA	443	1	PRAVARĀDHYĀYA
VIDYĀNĀTHA'S PRATĀPARUDRĪYAM ALAM̃KĀRAŚĀSTRAM	439	1	VIDYĀNĀTHA'S PRATĀPARUDRĪYAM ALAM̃KĀRAŚĀSTRAM
Pali Text Societyʼs Pali-English Dictionary	429	1	Pali Text Societyʼs Pali-English Dictionary
Suvarṇabhāsottamasūtra	429	1	Suvarṇabhāsottamasūtra
Weber	427	3	WEBER; Weber; ? WEBER
The Materia medica of the Hindus compiled from Sankr	427	1	The Materia medica of the Hindus compiled from Sankr
KĀŚIKĀVṚTTI; s	426	1	KĀŚIKĀVṚTTI; s
Veṇīsaṃhāra	425	2	Veṇīsaṃhāra; VEṆĪSAM̃HĀRA
HIḌIMBAVADHA in BOPP'S Ardschuna's Reise zu Indra's Himmel	425	1	HIḌIMBAVADHA in BOPP'S Ardschuna's Reise zu Indra's Himmel
Sādhanamālā	420	1	Sādhanamālā
G7AYADEVA'S PRASANNARĀGHAVA	417	1	G7AYADEVA'S PRASANNARĀGHAVA
Böhtlingk	415	1	Böhtlingk
ŚIVANĀMASAHASRA	411	1	ŚIVANĀMASAHASRA
Patañjali	409	2	PATAÑJALI; Patañjali
DAŚARATHA'S Tod in BÖHTLINGK'S Chrestomathie	408	1	DAŚARATHA'S Tod in BÖHTLINGK'S Chrestomathie
Yājnyavalkyasmṛiti	407	1	Yājnyavalkyasmṛiti
LASSEN'S Anthologie	404	1	LASSEN'S Anthologie; ? LASSEN'S Anthologie
Śatasāhasrikā-prajñāpāramitā	401	1	Śatasāhasrikā-prajñāpāramitā
Detailed Report of a Tour in search of Sanskrit Mss	397	1	Detailed Report of a Tour in search of Sanskrit Mss
The Daśa-Rūpa	390	1	The Daśa-Rūpa
LĀṬYĀYANA'S ŚRAUTASŪTRA	388	1	LĀṬYĀYANA'S ŚRAUTASŪTRA
Dharmasaṃgraha	382	1	Dharmasaṃgraha
Bhartṛihaṛiśataka [	381	1	Bhartṛihaṛiśataka [
GOBHILA'S GṚYASŪTRA	369	1	GOBHILA'S GṚYASŪTRA
ṢAḌVIṂŚABRĀHMAṆA	364	1	ṢAḌVIṂŚABRĀHMAṆA
TAITTIRĪYOPANIṢAD ? [Cologne Addition]	357	1	TAITTIRĪYOPANIṢAD ? [Cologne Addition]
Gaspare Gorresio	353	2	Gaspare Gorresio
HEMACANDRA ? [Cologne Addition]	352	1	HEMACANDRA ? [Cologne Addition]
MAHĪDHARA	351	1	MAHĪDHARA
Jātakamālā	349	1	Jātakamālā
MUIR	345	1	MUIR
Sundopasundopākhyāna	339	2	SUNDOPASUNDOPĀKHYĀNA; Sundopasundopākhyāna
INDRALOKĀGAMANA in BOPP'S Ardschuna's Reise zu Indra's Him- mel u	337	1	INDRALOKĀGAMANA in BOPP'S Ardschuna's Reise zu Indra's Him- mel u
MADHUSŪDANASARASVATĪ'S PRASTHĀNABHEDA in den Indischen Studien	335	1	MADHUSŪDANASARASVATĪ'S PRASTHĀNABHEDA in den Indischen Studien
VĀLAKHILYA	331	1	VĀLAKHILYA
Algebra	330	1	Algebra
VIŚVĀMITRA'S Kampf in BÖHTLINGK'S Chrestomathie	327	1	VIŚVĀMITRA'S Kampf in BÖHTLINGK'S Chrestomathie
(Mahā-)Karmavibhaṅga, and Karmavibhaṅgopadesa, ed. Lévi, Paris, 1932.	325	1	(Mahā-)Karmavibhaṅga, and Karmavibhaṅgopadesa, ed. Lévi, Paris, 1932.
ŚUKASAPTATI in LASSEN'S Anthologie	319	1	ŚUKASAPTATI in LASSEN'S Anthologie
Aṣṭasāhasrikā-prajñāpāramitā	318	1	Aṣṭasāhasrikā-prajñāpāramitā
Kāśyapa Parivarta	318	1	Kāśyapa Parivarta
KAUTŚIKA'S SŪTRA zum AV	316	1	KAUTŚIKA'S SŪTRA zum AV
RGYA TCH'ER ROL PA	316	1	RGYA TCH'ER ROL PA
Active	315	1	Active
? Kusumanagara [Cologne Addition]	309	1	? Kusumanagara [Cologne Addition]
Tārānātha's Vācaspatyam	308	1	Tārānātha's Vācaspatyam
Mitākṣarā	305	3	MITĀKṢARĀ; Mitākṣarā
KAUṢĪTAKYUPANIṢAD	303	1	KAUṢĪTAKYUPANIṢAD
Muṇḍakopaniṣad	302	2	MUṆḌAKOPANIṢAD; Muṇḍakopaniṣad
Śrutabodha	301	5	ŚRUTABODHA; Śrutabodha
Bhāminīivilāsa	299	1	Bhāminīivilāsa
SAṂSKĀRAKAUSTUBHA von ANANTADEVA	298	1	SAṂSKĀRAKAUSTUBHA von ANANTADEVA
BÖHTLINGK'S Sanskrit-Chresthomathie	294	1	BÖHTLINGK'S Sanskrit-Chresthomathie
KIRĀTĀRG7UNIYA	294	1	KIRĀTĀRG7UNIYA
A Lecture on the Sánkhya Philosophy	291	1	A Lecture on the Sánkhya Philosophy
UṆĀDIKOṢA	277	1	UṆĀDIKOṢA
Ratnāvalī	268	4	Ratnāvalī; RATNĀVALĪ
Histoire de la vie de HIOUEN-THSANG et de ses voya- ges dans l'Inde	268	1	Histoire de la vie de HIOUEN-THSANG et de ses voya- ges dans l'Inde
VAIJAYANTĪ	266	1	VAIJAYANTĪ
CHEZY'S Ausgabe des ŚĀKUNTALA	266	1	CHEZY'S Ausgabe des ŚĀKUNTALA
Vinayapiṭaka	264	1	Vinayapiṭaka
Beiträge zur indischen Lexicographie von THEODOR ZACHARIAE	260	1	Beiträge zur indischen Lexicographie von THEODOR ZACHARIAE
Zeitschrift für die Kunde des Morgenlandes	260	2	Zeitschrift für die Kunde des Morgenlandes
Andersen and Smith	256	1	Andersen and Smith
Mudrārākshasa	256	2	MUDRĀRĀKSHASA; Mudrārākshasa
ŚIHLANA'S ŚĀNTIŚATAKA in HAEBERLIN'S Anthology	253	1	ŚIHLANA'S ŚĀNTIŚATAKA in HAEBERLIN'S Anthology
VĀYUPURĀṆA	249	2	VĀYUPURĀṆA
KAPILA'S SĀM5KHYAPRVAK4ANA	245	1	KAPILA'S SĀM5KHYAPRVAK4ANA
MĀNAVAGṚHYASŪTRA	245	1	MĀNAVAGṚHYASŪTRA
DHARAṆĪKOṢA	245	1	DHARAṆĪKOṢA
PRAŚNOPANIṢAD	241	1	PRAŚNOPANIṢAD
Udānavarga; chap	239	1	Udānavarga; chap
BRĀHMAṆAVILĀPA in BOPP'S Ardschuna's Reise zu Indra's Himmel u	237	1	BRĀHMAṆAVILĀPA in BOPP'S Ardschuna's Reise zu Indra's Himmel u
Bhikṣunī-karmavācanā	235	1	Bhikṣunī-karmavācanā
YOGASŪTRA	235	2	YOGASŪTRA
Samādhirājasūtra	231	1	Samādhirājasūtra
Ṛitusanhāra	231	1	Ṛitusanhāra
Johnson's Selections from the Mahābhārata	230	1	Johnson's Selections from the Mahābhārata
CHANDOMAÑJARĪ	228	1	CHANDOMAÑJARĪ
Kuvalayānanda	225	3	KUVALAYĀNANDA; Kuvalayānanda
Devīmāhātmya	216	2	DEVĪMĀHĀTMYA; Devīmāhātmya
ŚĀNTANĀCĀRYA'S PHIṬSŪTRĀṆI in BÖHTLINGK	213	1	ŚĀNTANĀCĀRYA'S PHIṬSŪTRĀṆI in BÖHTLINGK
Dictionary of the Pali Language	211	1	Dictionary of the Pali Language
Prooemium	210	1	Prooemium
VĀG7ASĀNI SAM5HITĀ	209	1	VĀG7ASĀNI SAM5HITĀ
HEMAK4ANDRA'S ABHIDHĀNAK4INTĀMAṆI	208	1	HEMAK4ANDRA'S ABHIDHĀNAK4INTĀMAṆI
AGNIPURĀṆA	206	1	AGNIPURĀṆA
Jātaka	204	1	Jātaka
Mṛichchhakaṭikā	204	1	Mṛichchhakaṭikā
VARĀHAMIHIRA'S LAGHUJĀTAKA	204	1	VARĀHAMIHIRA'S LAGHUJĀTAKA
Prātimokṣasūtra des Sarvāstivādins	202	1	Prātimokṣasūtra des Sarvāstivādins
Nirukta	201	2	NIRUKTA; Nirukta
Dīghanikāya	201	1	Dīghanikāya
BAUDHĀYANA	198	2	BAUDHĀYANA
ŚULBASŪTRA	194	1	ŚULBASŪTRA
PĀRASKARA'S GṚHYASŪTRA	194	1	PĀRASKARA'S GṚHYASŪTRA
Commentary on the Hindu System of Medicine	194	2	Commentary on the Hindu System of Medicine
S	192	1	S
KĀṬHAKA	191	1	KĀṬHAKA
G7AIMINIYANYĀYAMĀLĀVISTARA	185	1	G7AIMINIYANYĀYAMĀLĀVISTARA
JAIMINI	184	1	JAIMINI
Sarvadarśanasaṃgraha	183	2	SARVADARŚANASAM5GRAHA; Sarvadarśanasaṃgraha
Veṇīsanhāra	179	1	Veṇīsanhāra
Uttararāmacharita	179	1	Uttararāmacharita
Śṛṅgāratilaka	175	3	ŚṚṄGĀRATILAKA; Śṛṅgāratilaka
Mémoires sur les contrées occidentales	173	1	Mémoires sur les contrées occidentales
PATAN7G7ALI ZU PĀṆINI	171	1	PATAN7G7ALI ZU PĀṆINI
GAUḌAPĀDA	171	2	GAUḌAPĀDA
Bibliothecae sanskritae sive recensus librorum sanskri- torum hucusque typis vel lapide exscriptorum critici specimen	167	1	Bibliothecae sanskritae sive recensus librorum sanskri- torum hucusque typis vel lapide exscriptorum critici specimen
NṚSIṂHATĀPANĪYOPANIṢAD ? [Cologne Addition]	167	1	NṚSIṂHATĀPANĪYOPANIṢAD ? [Cologne Addition]
Notices of Skt	167	1	Notices of Skt
LOISELEUR DESLONGCHAMPS	166	1	LOISELEUR DESLONGCHAMPS
BRAHMAVAIVARTAPURĀṆA? [Cologne Addition]	164	1	BRAHMAVAIVARTAPURĀṆA? [Cologne Addition]
Malalasekara	161	1	Malalasekara
Akademische Vorlesungen über Indische Literatur- geschichte	160	1	Akademische Vorlesungen über Indische Literatur- geschichte
Naishadhacharita	159	1	Naishadhacharita
ANUKRAMAṆIKĀ des ṚGVEDA ? [Cologne addition]	158	1	ANUKRAMAṆIKĀ des ṚGVEDA ? [Cologne addition]
H	157	1	H
RĀYAMUKUṬA	154	1	RĀYAMUKUṬA
VIDDHAŚĀLABHAN7G7IĀKHYANĀṬIKĀ	146	1	VIDDHAŚĀLABHAN7G7IĀKHYANĀṬIKĀ
PARIŚIṢṬA des ATHARVAVEDA	145	1	PARIŚIṢṬA des ATHARVAVEDA
AITAREYOPANIṢAD	144	1	AITAREYOPANIṢAD
BHŪRIPRAYOGA	143	1	BHŪRIPRAYOGA
Abhidharmakośa	142	1	Abhidharmakośa
ĀPASTAMBA	142	1	ĀPASTAMBA
WESTERGAARD'S Radices	141	1	WESTERGAARD'S Radices
Vikramorvaśīya	139	1	Vikramorvaśīya
Ratnachandra	135	1	Ratnachandra
DVIRŪPAKOṢA	135	1	DVIRŪPAKOṢA
MĀNAVAŚRAUTSŪTRA	134	1	MĀNAVAŚRAUTSŪTRA
Majjhimanikāya	132	1	Majjhimanikāya
GṚHYASAM̃GRAHAPARIŚIṢTA	132	1	GṚHYASAM̃GRAHAPARIŚIṢTA
CĀṆAKYA in HAEB	130	1	CĀṆAKYA in HAEB
GAṆITĀDHYĀYA? [Cologne Addition]	130	1	GAṆITĀDHYĀYA? [Cologne Addition]; GAṆITĀDHYĀYA ? [Cologne Addition]
Indralokāgamana	129	1	Indralokāgamana
Udbhaṭa	128	2	Udbhaṭa; Udbhata
Dhammapada	128	2	Dhammapada; DHAMMAPADA
HAEB	126	1	HAEB
VĀMANA'S KĀVYĀLAM5KĀRAVṚTTI	124	1	VĀMANA'S KĀVYĀLAM5KĀRAVṚTTI
MATSYAPURĀṆA	124	1	MATSYAPURĀṆA
GOTAMA'S NYĀYADARŚANA	123	1	GOTAMA'S NYĀYADARŚANA
TITHYĀDITATTVA	122	1	TITHYĀDITATTVA
MADANAPĀLA'S MADANAVINODA	120	1	MADANAPĀLA'S MADANAVINODA
KĀŚĪKHAṆḌA	120	1	KĀŚĪKHAṆḌA
E	119	1	E
Asiatick Researches; or	114	1	Asiatick Researches; or
Kāvyādarśa	112	2	Kāvyādarśa; Kāvyadarśa
Dāyabhāga	111	3	DĀYABHĀGA; Dāyabhāga
PRĀTIŚĀKHYA zur TS	110	1	PRĀTIŚĀKHYA zur TS
Ghaṭakarpara	109	3	GHAṬAKARPARA; Ghaṭakarpara
Panchatantra	108	1	Panchatantra
BĀLABODHANĪ in WINDISCHMANN'S Sancara	106	1	BĀLABODHANĪ in WINDISCHMANN'S Sancara
DHŪRTANATAKA	103	1	DHŪRTANATAKA
SKANDAPURĀṆA	103	1	SKANDAPURĀṆA
Hiḍimbavadha	102	2	Hiḍimbavadha; HIḌIMBAVADHA
PRĀTIŚĀKHYA zur TAITTIRĪYASAM̃HITĀ	101	1	PRĀTIŚĀKHYA zur TAITTIRĪYASAM̃HITĀ
DAŚAKUMĀRAK4ARITA	100	1	DAŚAKUMĀRAK4ARITA
Vajracchedikā	98	1	Vajracchedikā
KĀLIKĀPURĀṆA	97	1	KĀLIKĀPURĀṆA
Gaṇaratnamahodadhi	96	3	GAṆARATNAMAHODADHI; Gaṇaratnamahodadhi
Alexandre Langlois	96	1	Alexandre Langlois
Nalodaya	95	3	Nalodaya
Suttanipāta	93	1	Suttanipāta
Aṅguttaranikāya	93	1	Aṅguttaranikāya
Jäschke	93	1	Jäschke
RAMĀNĀTHA	93	1	RAMĀNĀTHA
Kāmandakīya Nītisāra	92	1	Kāmandakīya Nītisāra
Śāntiśataka	92	2	Śāntiśataka
Asaṅga	92	1	Asaṅga
RĀJAVALLABHA	92	1	RĀJAVALLABHA
Matsyopākhyāna	91	2	MATSYOPĀKHYĀNA; Matsyopākhyāna
Dhātupāṭha	91	2	DHĀTUPĀṬHA; Dhātupāṭha
DHANVANTARI'S Wörterbuch	90	1	DHANVANTARI'S Wörterbuch
KAPISHṬHALAKAṬHASAM5HITA	90	1	KAPISHṬHALAKAṬHASAM5HITA
MĀLAVIKĀGNIMITR	86	1	MĀLAVIKĀGNIMITR
STENZLER	86	1	STENZLER
FRID	86	1	FRID
Vikramāṅkadevacarita	85	1	Vikramāṅkadevacarita
Gaṅgālaharī	85	2	Gaṅgālaharī; Gangālaharī
PRĀTIŚĀKHYA zum ṚGVEDA	85	1	PRĀTIŚĀKHYA zum ṚGVEDA
GAṆITĀDHĀYA in BHĀSKARA'S SIDDHĀNTA ŚIROMAṆI	85	1	GAṆITĀDHĀYA in BHĀSKARA'S SIDDHĀNTA ŚIROMAṆI
Hāsyārṇava	84	2	HĀSYĀRṆAVA; Hāsyārṇava
VṚDDHACĀṆAKYA ? [Cologne Addition]	84	1	VṚDDHACĀṆAKYA ? [Cologne Addition]
Kenopaniṣad	83	2	KENOPANIṢAD; Kenopaniṣad
A Dictionary Bengali and Sanskrit	82	1	A Dictionary Bengali and Sanskrit
PRAK4AṆḌAPĀṆḌAVA	81	1	PRAK4AṆḌAPĀṆḌAVA
Bhadracarī	79	1	Bhadracarī
ŚIVAPURĀṆA ? [Cologne Addition]	79	1	ŚIVAPURĀṆA ? [Cologne Addition]
LASSEN'S Anthologie 3te Ausg	78	1	LASSEN'S Anthologie 3te Ausg
Śatapathabrāhmaṇa	76	3	Śatapatha Brāhmaṇa; Śatapathabrāhmaṇa
Cāṇakya	76	1	Cāṇakya
BHĀSKARA'S GOLĀDHYĀYA	75	1	BHĀSKARA'S GOLĀDHYĀYA
GARUḌA-PURĀṆA? [Cologne Addition]	75	1	GĀRUḌA-PURĀṆA ? [Cologne Addition]; GARUḌA-PURĀṆA ? [Cologne Addition]; GARUḌA-PURĀṆA? [Cologne Addition]
Siddhāntaśiromaṇi	73	3	SIDDHĀNTAŚIROMAṆI; Siddhāntaśiromaṇi
Katyāyana	72	2	KĀTYĀYANA; Katyāyana
ĀRYABHAṬA Ausg	71	1	ĀRYABHAṬA Ausg
ĀRYAVIDĀSUDHĀKARA	69	1	ĀRYAVIDĀSUDHĀKARA
ADBHUTABRĀHMAṆA	68	1	ADBHUTABRĀHMAṆA
SaMyuttanikāya	66	1	SaMyuttanikāya
PRABODHAK4ANDRODAYA	66	1	PRABODHAK4ANDRODAYA
DEVĪPURĀṆA	65	1	DEVĪPURĀṆA
BĀDARĀYAṆA'S BRAHMASŪTRA	64	1	BĀDARĀYAṆA'S BRAHMASŪTRA
Mélanges asiatiques tirés du Bulletin historico-philologique de l'Académie Impériale des sciences de St	64	1	Mélanges asiatiques tirés du Bulletin historico-philologique de l'Académie Impériale des sciences de St
Tarkasaṃgraha	63	2	Tarkasaṃgraha; TARKASAM5GRAHA
GṚHYĀSAM5GRAHA	61	1	GṚHYĀSAM5GRAHA
Gedicht vom Vogel Cātaka	61	1	Gedicht vom Vogel Cātaka
MAŚAKA'S KALPASŪTRĀṆI	61	1	MAŚAKA'S KALPASŪTRĀṆI
A Dictionary Murathee and English by YAMES T	61	1	A Dictionary Murathee and English by YAMES T
Daśakumāracharita	60	1	Daśakumāracharita
SĀRASUNDARI	60	2	SĀRASUNDARĪ; SĀRASUNDARI
Mahāsamājasūtra	59	1	Mahāsamājasūtra
ŚĀŚVATA'S ANEKĀRTHASAMUCCAVA	58	1	ŚĀŚVATA'S ANEKĀRTHASAMUCCAVA
Rasagaṅgādhara	57	1	Rasagaṅgādhara
BÖHTLINGK'S Verzeichniss der Petersburger Sanskrit- Handschriften in: DORN	57	1	BÖHTLINGK'S Verzeichniss der Petersburger Sanskrit- Handschriften in: DORN
GOPATHABRĀHMAṆA ? [Cologne Addition]	57	1	GOPATHABRĀHMAṆA ? [Cologne Addition]
Mūla-Madhyamaka-kārikās	56	1	Mūla-Madhyamaka-kārikās
ĪŚOPANIṢAD	56	1	ĪŚOPANIṢAD
Rasangangādhara	55	1	Rasangangādhara
ITIHĀSA	55	1	ITIHĀSA
GAUḌAPĀDA'S Kārikā zur MĀṆḌ	55	1	GAUḌAPĀDA'S Kārikā zur MĀṆḌ
BALLANTYNE ? [Cologne Addition]	55	1	BALLANTYNE ? [Cologne Addition]
Bhāgavata	54	2	Bhāgavata
Mahāvīracharita	54	1	Mahāvīracharita
VIŚVAKARMA'S VĀSTUVIDYĀ	54	1	VIŚVAKARMA'S VĀSTUVIDYĀ
KAIYAṬA	54	1	KAIYAṬA
MANTRABRĀHMAṆA	53	1	MANTRABRĀHMAṆA
Mahābhāṣya	52	1	Mahābhāṣya
Śṛingāratilaka	52	1	Śṛingāratilaka
MAITRYUPANISHAD	52	1	MAITRYUPANISHAD
Akademische Vorlesung über Indische Literaturgeschichte	52	1	Akademische Vorlesung über Indische Literaturgeschichte
BHAVIṢYAPURĀṆA ? [Cologne Addition]	52	1	BHAVIṢYAPURĀṆA ? [Cologne Addition]
JYOTIṢA	51	1	JYOTIṢA
Trikāṇḍaśesha	50	2	TRIKĀṆḌAŚESHA; Trikāṇḍaśesha
SĀMAVIDHĀNABRĀHMAṆA	50	1	SĀMAVIDHĀNABRĀHMAṆA
Brāhmaṇavilāpa	49	1	Brāhmaṇavilāpa
VOPADEVA'S MUGDHABODHA	49	1	VOPADEVA'S MUGDHABODHA
PRIYADARŚIKĀ	48	1	PRIYADARŚIKĀ
Cāṇakyaśataka	47	1	Cāṇakyaśataka
Deśīnāmamālā	47	1	Deśīnāmamālā
MITĀ??SHABĀ	46	1	MITĀ??SHABĀ
PADMAPURĀṆA ? [Cologne Addition]	46	1	PADMAPURĀṆA ? [Cologne Addition]
AŚOKĀVADĀNA? [Cologne Addition]	46	1	AŚOKĀVADĀNA? [Cologne Addition]; AŚOKĀVADĀNA ? [Cologne Addition]
ANUKRAMAṆIKĀ	46	1	ANUKRAMAṆIKĀ
Vikramānkadevacharita	45	1	Vikramānkadevacharita
Zeitschrift für vergleichende Sprachforschung auf dem Gebiete des Deutschen	45	1	Zeitschrift für vergleichende Sprachforschung auf dem Gebiete des Deutschen
VAIDYAKA	44	1	VAIDYAKA
(A different Number of previous reference) ? [Cologne Addition]	44	1	(A different Number of previous reference) ? [Cologne Addition]
MADHYAMAKAVṚTTI	44	1	MADHYAMAKAVṚTTI; ? MADHYAMAKAVṚTTI
The Renaissanśe of Sanskrit Literature in M	43	1	The Renaissanśe of Sanskrit Literature in M
VĀCASPATI	43	1	VĀCASPATI
TANTRASĀRA	43	1	TANTRASĀRA
YĀSKA'S NIRUKTA sammt den NIGHAṆṬAVAS	42	1	YĀSKA'S NIRUKTA sammt den NIGHAṆṬAVAS
LIṄGAPURĀṆA	42	1	LIṄGAPURĀṆA
Daśarūpa	41	4	DAŚARŪPA; Daśarūpa; Daśa-Rūpa
SŪRYASDDHĀNTA	41	1	SŪRYASDDHĀNTA
NAISHADHAK4ARITA	41	1	NAISHADHAK4ARITA
UTTARARĀMAK4RIRA	40	1	UTTARARĀMAK4RIRA
VYAVAHĀRATATTVA	40	1	VYAVAHĀRATATTVA
Sacred Books of the East	39	1	Sacred Books of the East
Chaurapanchaśika	39	1	Chaurapanchaśika
Kārikā	39	2	Kārikā
Gaṇaratnamahodadhi of Vardhamāna	37	1	Gaṇaratnamahodadhi of Vardhamāna
KATUARANĀKARA	37	1	KATUARANĀKARA
Hand-Book for the student of Chinese Buddhism	37	1	Hand-Book for the student of Chinese Buddhism
MĀNAVA-KALPA-SŪTRA; being a portion of this ancient work on Vaidik rites	37	1	MĀNAVA-KALPA-SŪTRA; being a portion of this ancient work on Vaidik rites
SOM	37	1	SOM
Meghasūtra	36	1	Meghasūtra
Śārīrabhāshya	36	1	Śārīrabhāshya
bhakti-sūtra	36	1	bhakti-sūtra
Candrāloka	35	1	Candrāloka
KIELHORN'S Ausg	35	1	KIELHORN'S Ausg
Viddhaśālabhañjikā	34	2	Viddhaśālabhañjikā; Viddhasālabhanjikā
Petavatthu	34	1	Petavatthu
KUMĀRASVĀMIN	34	1	KUMĀRASVĀMIN
VIVĀDACINTĀMAṆI	34	1	VIVĀDACINTĀMAṆI
ŚVETĀŚVATAROPANISHAD	32	1	ŚVETĀŚVATAROPANISHAD
Zur Literatur und Geschichte des Weda	32	1	Zur Literatur und Geschichte des Weda
RATIMAÑJARĪ	32	1	RATIMAÑJARĪ
Tarkakaumudī	31	2	Tarkakaumudī
NĀRADA'S DHARMAŚĀSTRA	30	1	NĀRADA'S DHARMAŚĀSTRA
MAHĀNĀṬAKA	30	1	MAHĀNĀṬAKA
R	29	1	R
ŚĀRṄGADHARA'S PADDHATI; vgl	29	1	ŚĀRṄGADHARA'S PADDHATI; vgl
Hemacandra	28	2	Hemacandra
Vimānavatthu	28	1	Vimānavatthu
TATTVASAM7SA	28	1	TATTVASAM7SA
VĀSANTIKĀ	28	1	VĀSANTIKĀ
BṚHADDEVATĀ; S	28	1	BṚHADDEVATĀ; S
Kullūka Schol	27	1	Kullūka Schol
Śālistambasūtra	27	1	Śālistambasūtra
Name	27	1	Name
KŪRMAPURĀṆA	27	1	KŪRMAPURĀṆA
BHAVIṢYOTTARAPURĀṆA ? [Cologne Addition]	27	1	BHAVIṢYOTTARAPURĀṆA ? [Cologne Addition]
KOṢṬHĪPRADĪPA	27	1	KOṢṬHĪPRADĪPA
UPALEKHA de KRAMAPĀṬHA libellus	26	1	UPALEKHA de KRAMAPĀṬHA libellus
MAHĀNĀRĀYAṆOPANIṢAD	26	1	MAHĀNĀRĀYAṆOPANIṢAD
ĀNANDALAHARĪ in HAEB	26	1	ĀNANDALAHARĪ in HAEB
Vārttika von KĀTYĀYANA in BÖHTLINGK'S Ausg	26	1	Vārttika von KĀTYĀYANA in BÖHTLINGK'S Ausg
Die Sage von NALA und DAMAYANTI	26	1	Die Sage von NALA und DAMAYANTI
Padma-Purāṇa	25	2	PADMAPURĀṆA; Padma-Purāṇa
PATANAMĀLĀ	25	1	PATANAMĀLĀ
Vārttika	25	1	Vārttika
PRĀTIŚĀKHYA zu VS in Ind	25	1	PRĀTIŚĀKHYA zu VS in Ind
PISCHEL	25	1	PISCHEL
KAVIKALPADRUMA	24	1	KAVIKALPADRUMA
VETĀLAPAN7K4AVIM5ŚATI in LA	23	1	VETĀLAPAN7K4AVIM5ŚATI in LA
DURGĀDĀSA	23	1	DURGĀDĀSA
VAHNIPURĀṆA ? [Cologne Addition]	23	1	VAHNIPURĀṆA ? [Cologne Addition]
Iconographie	22	1	Iconographie
Lotus de la Bonne Loi - translation of the Saddharmapuṇḍarīka by E	22	1	Lotus de la Bonne Loi - translation of the Saddharmapuṇḍarīka by E
Kosmographie der Inder	22	1	Kosmographie der Inder
GOLDSTÜCKER'S Wörterbuch	22	1	GOLDSTÜCKER'S Wörterbuch
HALĀYUDHA'S Wörterbuch	22	1	HALĀYUDHA'S Wörterbuch
BṚHASPATI	22	2	BṚHASPATI
KALPASŪTRA	22	1	KALPASŪTRA
KAUṢĪTAKIBRĀHMAṆA	22	1	KAUṢĪTAKIBRĀHMAṆA
Līlāvatī	21	2	LĪLĀVATĪ; Līlāvatī
Kāmandakinītisāra	21	1	Kāmandakinītisāra
Aśvadhāṭī	21	2	Aśvadhāṭī
Prasannarāghava	21	2	Prasannarāghava
HORĀŚĀSTRA	21	1	HORĀŚĀSTRA
GOTAMA'S NYĀYASŪTRĀṆI	21	1	GOTAMA'S NYĀYASŪTRĀṆI
Mohamudgara	20	2	Mohamudgara
Vopadeva	20	2	Vopadeva
Ghaṭakarparakāvya	20	1	Ghaṭakarparakāvya
KAṆĀDA'S VAIŚESHIKADABŚANA	20	1	KAṆĀDA'S VAIŚESHIKADABŚANA
BENFEY'S Chrestomathie	20	1	BENFEY'S Chrestomathie
ANUKRAMAṆIKĀ des ? [Cologne addition]	20	1	ANUKRAMAṆIKĀ des ? [Cologne addition]
KĀLASAṂKALITA	20	1	KĀLASAṂKALITA
AGNIPURĀṆA ? [Cologne Addition]	20	1	AGNIPURĀṆA ? [Cologne Addition]
Āśvalāyana's Sūtras	19	1	Āśvalāyana's Sūtras
Kāvya Sangraha	19	2	Kāvya Sangraha; KĀVYA-SANGRAHA
Theragāthā	19	1	Theragāthā
grammar	19	1	grammar
ŚATRUM5G7AYAHĀTMYA	19	1	ŚATRUM5G7AYAHĀTMYA
PARIBHĀSHĀ in PARIBHĀSHENDUŚEKHARA	19	1	PARIBHĀSHĀ in PARIBHĀSHENDUŚEKHARA
Bhāshāparichchheda	18	1	Bhāshāparichchheda
MUṆḌAKOPANISHAD	18	1	MUṆḌAKOPANISHAD
NYĀYAMĀLĀVISTARA	18	1	NYĀYAMĀLĀVISTARA
Nalopākhyāna	17	1	Nalopākhyāna
Nāgānanda	17	2	Nāgānanda
TAITTIRIYOPANISHAD	17	1	TAITTIRIYOPANISHAD
LAGHUK	17	1	LAGHUK
VYUPATITI	17	1	VYUPATITI
Materia indica ? [Cologne Addition]	17	1	Materia indica ? [Cologne Addition]
MALAMĀSATATTVA	17	1	MALAMĀSATATTVA
UDVĀHATATTVA	17	1	UDVĀHATATTVA
Śikṣā	16	1	Śikṣā
Mitākshara	16	1	Mitākshara
MĀDHAVAKĀRA	16	1	MĀDHAVAKĀRA
GARBHOPANIṢAD	16	1	GARBHOPANIṢAD
Scriptorum Arabum de Rebus Indi- cis loci et opuscula inedita	16	1	Scriptorum Arabum de Rebus Indi- cis loci et opuscula inedita
NĀṬYAŚĀSTRA ? [Cologne Addition]	16	1	NĀṬYAŚĀSTRA ? [Cologne Addition]
NYĀYAKOSA or Dictionary of the technical Terms of the NYĀYA Philosphy	15	1	NYĀYAKOSA or Dictionary of the technical Terms of the NYĀYA Philosphy
VĀSAVADATTĀ; s	15	1	VĀSAVADATTĀ; s
BRAHMĀṆḌAPURĀṆA	15	1	BRAHMĀṆḌAPURĀṆA
SAM̃GĪTADĀMODARA	15	1	SAM̃GĪTADĀMODARA
Mél	15	1	Mél
UPAGUPTĀVADĀNA	15	1	UPAGUPTĀVADĀNA
Brahmasūtras	14	1	Brahmasūtras
ŚABDĀRṆAVA	14	1	ŚABDĀRṆAVA
PURĀṆA	14	1	PURĀṆA
BHĀG	14	1	BHĀG
Bodhicaryāvatāra-ṭīkā	13	1	Bodhicaryāvatāra-ṭīkā
COBHANAMUNI'S ŚOBHANASTUTAYAS in Z	13	1	COBHANAMUNI'S ŚOBHANASTUTAYAS in Z
BRAHMAVAIVARTAPURĀṆA	13	1	BRAHMAVAIVARTAPURĀṆA
Select specimens of the Theatre of the Hindus	13	1	Select specimens of the Theatre of the Hindus
Journal asiatique	13	1	Journal asiatique
PARĀŚARAPADDHATI	13	1	PARĀŚARAPADDHATI
Dialogues on the Hindu Philosophy	13	1	Dialogues on the Hindu Philosophy
Anargharāghava	12	2	Anargharāghava
Monier Williams	12	1	Monier Williams
Jagannātha	12	1	Jagannātha
KARMAPRADIPA	12	2	KARMAPRADIPA; KARMAPRADĪPA
A Catalogue of Sanskrit Mss	12	1	A Catalogue of Sanskrit Mss
MAITRĀYAṆYUPANIṢAD	12	1	MAITRĀYAṆYUPANIṢAD
NĀRĀYAṆA	12	1	NĀRĀYAṆA
DAŚABHŪMĪŚVARA	12	1	DAŚABHŪMĪŚVARA
SĀRĀVALI	11	1	SĀRĀVALI
WESTERGAARD'S Verzeichniss der Kopenhagener Sanskrit-Handschriften in: Codices orientales bibliothecae regiae Havniensis yussu et auspiciis regis Daniae augustissimi Christiani octavi enumerati et descripti	11	1	WESTERGAARD'S Verzeichniss der Kopenhagener Sanskrit-Handschriften in: Codices orientales bibliothecae regiae Havniensis yussu et auspiciis regis Daniae augustissimi Christiani octavi enumerati et descripti
ĀRUṆIKOPANIṢAD	11	1	ĀRUṆIKOPANIṢAD
ĀHNIKATATTVA	11	1	ĀHNIKATATTVA
RASAMAÑJARĪ	11	1	RASAMAÑJARĪ
BENFEY	11	1	BENFEY
BṚHADDHARMAPURĀṆA	11	1	BṚHADDHARMAPURĀṆA
ŚRĀDDHATATTVA	11	1	ŚRĀDDHATATTVA
NĀNĀRTHADHVANIMAÑJARĪ [Cologne Addition]	11	1	NĀNĀRTHADHVANIMAÑJARĪ [Cologne Addition]
DIVYĀVADĀNA ? [Cologne Addition]	11	1	DIVYĀVADĀNA ? [Cologne Addition]
Edward Byles Cowell	11	1	Edward Byles Cowell
BHĀMINĪVILĀSA ? [Cologne Addition]	11	1	BHĀMINĪVILĀSA ? [Cologne Addition]
Kusumāñjali	10	3	Kusumāñjali; Kusumānjali
Itivuttaka	10	1	Itivuttaka
Saṃyuktāgama; fragments from Stein mss	10	1	Saṃyuktāgama; fragments from Stein mss
Tarkasangraha	10	1	Tarkasangraha
VĀLAHILYA	10	1	VĀLAHILYA
DHYĀNABINDŪPANISHAD	10	1	DHYĀNABINDŪPANISHAD
VIŚVAKOŚA	10	1	VIŚVAKOŚA
PRĀTIŚĀKHYA	10	1	PRĀTIŚĀKHYA
AGNISVĀMIN	10	1	AGNISVĀMIN
BÖHTLINGK ? [Cologne Addition] usu	10	1	BÖHTLINGK ? [Cologne Addition] usu
Yajurveda	9	2	YAJURVEDA; Yajurveda
Buddhacarita	9	1	Buddhacarita
PAŚNOPANISHAD	9	1	PAŚNOPANISHAD
VĀGBHAṬA'S ĀYURVEDARŚANA	9	1	VĀGBHAṬA'S ĀYURVEDARŚANA
RATNAKOṢA	9	1	RATNAKOṢA
ANUKRAMAṆIKĀ des ATHARVAVEDA	9	1	ANUKRAMAṆIKĀ des ATHARVAVEDA
DRĀHYĀYAṆA	9	1	DRĀHYĀYAṆA
DEVĪBHĀGAVATAPURĀṆA ? [Cologne Addition]	9	1	DEVĪBHĀGAVATAPURĀṆA ? [Cologne Addition]
Vaiśeṣika	8	1	Vaiśeṣika
Prabodhachandrodaya	8	1	Prabodhachandrodaya
GARBHOPANISHAD in Bibl	8	1	GARBHOPANISHAD in Bibl
PRATĀPARUDRIYA	8	1	PRATĀPARUDRIYA
ŚIRAUPANISHAD	8	1	ŚIRAUPANISHAD
SŪRYADEVAYAG7VAN	8	1	SŪRYADEVAYAG7VAN
A History of Ancient Sanskrit Literature	8	1	A History of Ancient Sanskrit Literature
BHĀNUDĪKṢITA	8	1	BHĀNUDĪKṢITA
Bulletin historico-philologique de l'Académie Im- périale des sciences de St	8	1	Bulletin historico-philologique de l'Académie Im- périale des sciences de St
KĀṬAVEMA	8	1	KĀṬAVEMA
PARĀŚARA	8	1	PARĀŚARA
MATHURĀNĀTHA	8	1	MATHURĀNĀTHA
Mugdhabodha	7	2	Mugdhabodha
Mīmāṃsā	7	1	Mīmāṃsā
Ujjvaladatta	7	2	Ujjvaladatta
Jaiminīyanyāyamālāvistara	7	1	Jaiminīyanyāyamālāvistara
Kīrtikaumudī	7	1	Kīrtikaumudī
Yogasūtrāṇi	7	1	Yogasūtrāṇi
Kāśikā	7	1	Kāśikā
Therīgāthā	7	1	Therīgāthā
Patanjalamahābhāshya	7	1	Patanjalamahābhāshya
BRAHMABINDŪPANISHAD	7	1	BRAHMABINDŪPANISHAD
The Aphorisms of SĀṆḌILYA	7	1	The Aphorisms of SĀṆḌILYA
BRAHMOPANISHAD	7	1	BRAHMOPANISHAD
KĀṬHAKAGṚHYASŪTRA	7	1	KĀṬHAKAGṚHYASŪTRA
BHĀMATI	7	1	BHĀMATI
GOBHILA'S ŚRĀDDHAKALPA	7	1	GOBHILA'S ŚRĀDDHAKALPA
HILLEBRANDT'S altindisches Neu- und Vollmondsopfer	7	1	HILLEBRANDT'S altindisches Neu- und Vollmondsopfer
TĀRAN7THA'S Geschichte des Buddhismus in Indien	7	1	TĀRAN7THA'S Geschichte des Buddhismus in Indien
KAIVALYOPANIṢAD	7	1	KAIVALYOPANIṢAD
YAVANEŚVARA	7	1	YAVANEŚVARA
ŚATARUDRIYOPANIṢAD	7	1	ŚATARUDRIYOPANIṢAD
BṚHANNĀRADAPURĀṆA ? [Cologne Addition]	7	1	BṚHANNĀRADAPURĀṆA ? [Cologne Addition]
Böthlingk and Roth	6	1	Böthlingk and Roth
Gautamasūtra	6	2	Gautamasūtra
Apte	6	1	Apte
Dīpavaṃsa	6	1	Dīpavaṃsa
Introduction à lʼhistoire du bouddhisme indien	6	1	Introduction à lʼhistoire du bouddhisme indien
BṚHADDEVATĀ	6	1	BṚHADDEVATĀ
PARĀŚARA'S DHARMAŚĀSTRA	6	1	PARĀŚARA'S DHARMAŚĀSTRA
A Dictionary	6	1	A Dictionary
A Catalogue of Sanskrit Manuscripts contained in the private libraries of GUYARĀT	6	1	A Catalogue of Sanskrit Manuscripts contained in the private libraries of GUYARĀT
Radices Linguae Sanscrite by N	6	1	Radices Linguae Sanscrite by N
JĀBĀLOPANIṢAD	6	1	JĀBĀLOPANIṢAD
NAVARATNA in HAEB	6	1	NAVARATNA in HAEB
PRĀYAŚCITTAVIVEKA	6	1	PRĀYAŚCITTAVIVEKA
YĀJÑIKADEVA'S PADDHATI zu KĀTYĀYANA'S ŚRAUTASŪTRA	6	1	YĀJÑIKADEVA'S PADDHATI zu KĀTYĀYANA'S ŚRAUTASŪTRA
JYOTIṢATATTVA	6	1	JYOTIṢATATTVA
Franz Miklosich	6	1	Franz Miklosich
Upaniṣad	5	1	Upaniṣad
Uddhavasaṃdeśa	5	1	Uddhavasaṃdeśa
Friedrich Schlegel	5	1	Friedrich Schlegel
Boehtlingk	5	1	Boehtlingk
Dictionary	5	1	Dictionary
Khuddaka-pāṭha	5	1	Khuddaka-pāṭha
Dhammasaṃgani	5	1	Dhammasaṃgani
Chhandomanjarī	5	1	Chhandomanjarī
Vīramitrodaya	5	2	VĪRAMITRODAYA; Vīramitrodaya
HARISVĀMIN	5	2	HARISVĀMIN
VIVEKAVILĀSA	5	1	VIVEKAVILĀSA
MEDHĀTITHI	5	1	MEDHĀTITHI
Monatsberichte der Königlich Preussichen Akademie der Wissenschaften in Berlin	5	1	Monatsberichte der Königlich Preussichen Akademie der Wissenschaften in Berlin
WEBER'S Ausg	5	1	WEBER'S Ausg
Śloka	5	1	Śloka
NĪLAKAṆṬHA	5	1	NĪLAKAṆṬHA
DURGĀDĀSA ? [Cologne Addition]	5	1	DURGĀDĀSA ? [Cologne Addition]
BRAHMASŪTRA	5	1	BRAHMASŪTRA
ĀRYAMAÑJUŚRĪNĀMASAM̃GĪTI	5	1	ĀRYAMAÑJUŚRĪNĀMASAM̃GĪTI
PUṢPASŪTRA	5	1	PUṢPASŪTRA
SUŚRUTA [Cologne Addition]	5	1	SUŚRUTA [Cologne Addition]
{1	5	1	{1
KĀVYACANDRIKĀ	5	1	KĀVYACANDRIKĀ
ŚĀKAṬĀYANA	5	1	ŚĀKAṬĀYANA
RAGHUNANDANABHAṬṬĀCĀRYA	5	1	RAGHUNANDANABHAṬṬĀCĀRYA
The Transactions of the Royal Asiatic Society of Great Britain and Ireland	5	1	The Transactions of the Royal Asiatic Society of Great Britain and Ireland
Serampore	5	1	Serampore
ĀGNEYAPURĀṆA? [Cologne Addition]	5	1	ĀGNEYAPURĀṆA? [Cologne Addition]
Vākyapadīya	4	2	Vākyapadīya
Cātakāṣṭaka	4	1	Cātakāṣṭaka
Vetālapañca vimśati	4	1	Vetālapañca vimśati
Nītipradīpa	4	2	Nītipradīpa
Kauśikasūtra	4	2	Kauśika Sūtra; Kauśikasūtra
Karpūramañjarī	4	1	Karpūramañjarī
Haṃsadūta	4	1	Haṃsadūta
Śukasaptati	4	1	Śukasaptati
Siddhāntamuktāvali	4	2	Siddhānta Muktāvali; Siddhāntamuktāvali
Bhaviṣya-Purāṇa	4	2	BHAVIṢYAPURĀṆA; Bhaviṣya-Purāṇa
Sten Konow	4	1	Sten Konow
Sukumar Sen	4	1	Sukumar Sen
Nettipakaraṇa	4	1	Nettipakaraṇa
Mahāvaṃsa	4	1	Mahāvaṃsa
Ausgewählte Erzählungen in Māhārāṣṭrī	4	1	Ausgewählte Erzählungen in Māhārāṣṭrī
Kaṭhopanishad	4	1	Kaṭhopanishad
Introduction	4	1	Introduction
KUSUMĀN7G7ALI	4	1	KUSUMĀN7G7ALI
UṆĀDISŪTRA	4	1	UṆĀDISŪTRA
ĀRUṆEYOPANISHAD	4	1	ĀRUṆEYOPANISHAD
BRAMAPURĀṆA	4	1	BRAMAPURĀṆA
UTTARA-RĀMACARITRA	4	1	UTTARA-RĀMACARITRA
YOGATATTVA	4	1	YOGATATTVA
NĪTIPRADĪPA in HAEB	4	1	NĪTIPRADĪPA in HAEB
ŚĀRṄGADHARA	4	1	ŚĀRṄGADHARA
AITAREYĀRAṆYAKA	4	1	AITAREYĀRAṆYAKA
Friedrich Heinrich Hugo Windischmann	4	1	Friedrich Heinrich Hugo Windischmann
WILKINS Ms	4	1	WILKINS Ms
YUKTIKALPATARU von BHOJARĀJA	4	1	YUKTIKALPATARU von BHOJARĀJA
Original Sanskrit Texts on the origin and progress of the Religion and Institutions of India; collected	4	1	Original Sanskrit Texts on the origin and progress of the Religion and Institutions of India; collected
ATHARVAŚIKHĀ	4	1	ATHARVAŚIKHĀ
KĀD	4	1	KĀD
Sarasvatīkaṇṭhābharaṇa	3	2	Sarasvatīkaṇṭhābharaṇa
Nītisāra	3	1	Nītisāra
Viṣṇusahasranāman	3	1	Viṣṇusahasranāman
Māṇḍūkyopaniṣad	3	2	MĀṆḌŪKYOPANIṢAD; Māṇḍūkyopaniṣad
Uddhavadūta	3	2	Uddhavadūta
Padāṅkadūta	3	1	Padāṅkadūta
Brockhaus	3	1	Brockhaus
Cātaka	3	1	Cātaka
Govardhana Āryāsaptaśatī	3	1	Govardhana Āryāsaptaśatī
Whitney; Gr	3	1	Whitney; Gr
Gaekwadʼs Oriental Series	3	1	Gaekwadʼs Oriental Series
Kathā-vatthu	3	1	Kathā-vatthu
Śikshā	3	1	Śikshā
Chāṇakya	3	1	Chāṇakya
Harshacharita	3	1	Harshacharita
edition	3	1	edition
CHILDERS' Pali-Wörterbuch	3	1	CHILDERS' Pali-Wörterbuch
SĀVITRI	3	1	SĀVITRI
KENOPANISHAD	3	1	KENOPANISHAD
HAUG	3	1	HAUG
ŚĀNTANAVA'S PHIṬSŪTRA	3	1	ŚĀNTANAVA'S PHIṬSŪTRA
SARVOPANISHATSĀRA	3	1	SARVOPANISHATSĀRA
Darstellung der Lehre von den Schriften in BṚHASPATI'S DHARMAŚĀSTRA	3	1	Darstellung der Lehre von den Schriften in BṚHASPATI'S DHARMAŚĀSTRA
MAHĀŚĀNTI	3	1	MAHĀŚĀNTI
KAIVALYOPANISHAD	3	1	KAIVALYOPANISHAD
Govardhana's SAPTAŚATI	3	1	Govardhana's SAPTAŚATI
SUVAPNAK4NTĀṆI	3	1	SUVAPNAK4NTĀṆI
SUVARṆAPRABHĀSA	3	1	SUVARṆAPRABHĀSA
AMARADATTA	3	1	AMARADATTA
GOVINDABHAṬṬA	3	1	GOVINDABHAṬṬA
SAUNĀGA	3	1	SAUNĀGA
ŚAṂKARA o= ŚAṂKARA	3	1	ŚAṂKARA o= ŚAṂKARA
KĀLIDĀSA	3	1	KĀLIDĀSA
YAJÑNADATTABADHA	3	1	YAJÑNADATTABADHA
PURUṢOTTAMA	3	1	PURUṢOTTAMA
avyaya	3	1	avyaya
Zeitschrift für die Wissenschaft der Sprache	3	1	Zeitschrift für die Wissenschaft der Sprache; ? Zeitschrift für die Wissenschaft der Sprache
SUBRŪTI	3	1	SUBRŪTI
COLEBR	3	1	COLEBR
DHARMAPURĀṆA ? [Cologne Addition]	3	1	DHARMAPURĀṆA ? [Cologne Addition]
MUṆḌAMĀLĀTANTRA	3	1	MUṆḌAMĀLĀTANTRA
VĀRĀHAPURĀṆA	3	1	VĀRĀHAPURĀṆA
GAṆEŚAPURĀṆA ? [Cologne Addition]	3	1	GAṆEŚAPURĀṆA ? [Cologne Addition]
KAṬHINĀVADĀNA	3	1	KAṬHINĀVADĀNA
PĀRŚVANĀTHAKĀVYA	3	1	PĀRŚVANĀTHAKĀVYA
Yogasūtras	2	1	Yogasūtras
Vṛttaratnākara	2	1	Vṛttaratnākara
Dharmaviveka	2	1	Dharmaviveka
Dṛṣṭāntaśataka	2	1	Dṛṣṭāntaśataka
Rājapraśasti	2	1	Rājapraśasti
Ānandalaharī	2	1	Ānandalaharī
Sāṅkhya Sūtras	2	1	Sāṅkhya Sūtras
Vārtika	2	1	Vārtika
Apabhraṃśa; Apadāna	2	1	Apabhraṃśa; Apadāna
Buddha-vaṃsa	2	1	Buddha-vaṃsa
Bhavisattakahā	2	1	Bhavisattakahā
Māhārāṣṭrī	2	1	Māhārāṣṭrī
Harvard Oriental Series	2	1	Harvard Oriental Series
Patanjali’s Yogasūtra	2	1	Patanjali’s Yogasūtra
Vājasaneyisanhitā	2	1	Vājasaneyisanhitā
Sarvadarśanasangraha	2	1	Sarvadarśanasangraha
Pārvatīpariṇaya	2	1	Pārvatīpariṇaya
Chandrāloka	2	1	Chandrāloka
KĀṆḌŪPĀKHYĀNA in LA	2	1	KĀṆḌŪPĀKHYĀNA in LA
ĀNADAGIRI	2	1	ĀNADAGIRI
AVYAYĀNEKĀRTHAVARGA am Ende des MEDINIKOŚA	2	1	AVYAYĀNEKĀRTHAVARGA am Ende des MEDINIKOŚA
NĀRĀYAṆABHAṬṬA'S PRAYOGARATNA	2	1	NĀRĀYAṆABHAṬṬA'S PRAYOGARATNA
Select Works of H	2	1	Select Works of H
AINSLIE	2	1	AINSLIE
ĀNANDALAHARI in HAEBELIN's Anthologie	2	1	ĀNANDALAHARI in HAEBELIN's Anthologie
NIRṆAYASINDHU	2	1	NIRṆAYASINDHU
Ueber zwei Parteischriften zu Gunsten der MAGA	2	1	Ueber zwei Parteischriften zu Gunsten der MAGA
Cat	2	1	Cat
RĀMAPŪRVATĀPANIYOPANISHAD	2	1	RĀMAPŪRVATĀPANIYOPANISHAD
BṚHANMANU	2	1	BṚHANMANU
CANTOR	2	1	CANTOR
ĀNANDAVALLĪ	2	1	ĀNANDAVALLĪ
DVIVEDAGAṄGA	2	1	DVIVEDAGAṄGA
DHYĀNAVINDŪPANIṢAD	2	1	DHYĀNAVINDŪPANIṢAD
SARVOPANIṢATSĀRA	2	1	SARVOPANIṢATSĀRA
MAHOPANIṢAD	2	1	MAHOPANIṢAD
TEJOVINDŪPANIṢAD	2	1	TEJOVINDŪPANIṢAD
id	2	1	id
KUNTĀPA	2	1	KUNTĀPA
Hortus bengalensis	2	1	Hortus bengalensis
AMṚTAVINDŪPANIṢAD	2	1	AMṚTAVINDŪPANIṢAD
ANNAM̃BHAṬṬA	2	1	ANNAM̃BHAṬṬA
ADBHUTASĀRA	2	1	ADBHUTASĀRA
GOTAMA'S SŪTRĀṆI	2	1	GOTAMA'S SŪTRĀṆI
ANUKRAMANIKĀ der TS	2	1	ANUKRAMANIKĀ der TS
Asiatick Researches [Cologne Addition]	2	1	Asiatick Researches [Cologne Addition]
KATHĀSARITSĀGARA [Cologne Addition]	2	1	KATHĀSARITSĀGARA [Cologne Addition]
SMARADĪPIKĀ	2	1	SMARADĪPIKĀ
SUKHABODHA	2	1	SUKHABODHA
PARAMAHAṂSOPANIṢAD ? [Cologne Addition]	2	1	PARAMAHAṂSOPANIṢAD ? [Cologne Addition]
PRABODHACANDRODAYA ? {Cologne Addition]	2	1	PRABODHACANDRODAYA ? {Cologne Addition]
SAṂSKĀRATATTVA	2	1	SAṂSKĀRATATTVA
VIDAGDHAMUKHAMAṆḌANA	2	1	VIDAGDHAMUKHAMAṆḌANA
AINSLIE ? [Cologne Addition]	2	1	AINSLIE ? [Cologne Addition]
ĀRYAPRAJÑĀPĀRAMITĀRATNAGUṆASAM̃CAYAGĀTHĀ	2	1	ĀRYAPRAJÑĀPĀRAMITĀRATNAGUṆASAM̃CAYAGĀTHĀ
JAIMINIBHĀRATA ? [Cologne Addition]	2	1	JAIMINIBHĀRATA ? [Cologne Addition]
PAÑCAVIṂŚABRĀHMAṆA ? [Cologne addition]	2	1	PAÑCAVIṂŚABRĀHMAṆA ? [Cologne addition]
MADANAPĀLA ? [Cologne Addition]	2	1	MADANAPĀLA ? [Cologne Addition]
WILKINS	2	1	WILKINS
Vedāntaparibhāṣā	1	1	Vedāntaparibhāṣā
Śiva Purāṇa	1	1	Śiva Purāṇa
Bṛhatkathā	1	1	Bṛhatkathā
Mādhavanidāna	1	1	Mādhavanidāna
Dhūrtasamāgama	1	1	Dhūrtasamāgama
Golādhyāya	1	1	Golādhyāya
Dhanaṃjayavijaya	1	1	Dhanaṃjayavijaya
Vāgbhaṭa	1	1	Vāgbhaṭa
Vaiśeṣikasūtras	1	1	Vaiśeṣikasūtras
Vyavahāramayūkha	1	1	Vyavahāramayūkha
Kāvyālaṃkāra	1	1	Kāvyālaṃkāra
Harṣacarita	1	1	Harṣacarita
Upakośa	1	1	Upakośa
Nyāya-Sūtrāṇi of Gotama	1	1	Nyāya-Sūtrāṇi of Gotama
Śārṅgadhara-Paddhati	1	1	Śārṅgadhara-Paddhati
Rāghavānanda	1	1	Rāghavānanda
Göttinger Gelehrte Anzeigen	1	1	Göttinger Gelehrte Anzeigen
Jaiminīya Brāhmaṇa	1	1	Jaiminīya Brāhmaṇa
Daśabalasūtra	1	1	Daśabalasūtra
Epic	1	1	Epic
Gobhila Gṛhya Sūtra	1	1	Gobhila Gṛhya Sūtra
Yāskaʼs Nirukta	1	1	Yāskaʼs Nirukta
Indian Historical Quarterly	1	1	Indian Historical Quarterly
Lāṭyāyana Śrauta Sūtra	1	1	Lāṭyāyana Śrauta Sūtra
Varāhamihira	1	1	Varāhamihira
Speyer	1	1	Speyer
Language	1	1	Language
Atharvaveda Pariśiṣṭa	1	1	Atharvaveda Pariśiṣṭa
Abhidhammatthasaṃgaha	1	1	Abhidhammatthasaṃgaha
Journal of the Royal Asiatic Society	1	1	Journal of the Royal Asiatic Society
Tocharian	1	1	Tocharian
Caraka	1	1	Caraka
Apastamba Śrauta Sūtra	1	1	Apastamba Śrauta Sūtra
Bulletin of the School of Oriental	1	1	Bulletin of the School of Oriental
Kleinere Sanskrit Texte	1	1	Kleinere Sanskrit Texte
Edgerton	1	1	Edgerton
Kātyāyana Śrauta Sūtra	1	1	Kātyāyana Śrauta Sūtra
New Indian Antiquary	1	1	New Indian Antiquary
Chaṇḍakauśika	1	1	Chaṇḍakauśika
Jaiminīyanyāyaratnamālā	1	1	Jaiminīyanyāyaratnamālā
Sānkhyasūtra	1	1	Sānkhyasūtra
Chātakāshṭaka	1	1	Chātakāshṭaka
Bṛihadāraṇyaka	1	1	Bṛihadāraṇyaka
Utpalamālā	1	1	Utpalamālā
Sudhālaharī	1	1	Sudhālaharī
Chhāndogyopanishad	1	1	Chhāndogyopanishad
Prāṇābharaṇa	1	1	Prāṇābharaṇa
Mahishaśataka	1	1	Mahishaśataka
indeclinable	1	1	indeclinable
VAIDYABHĀSHYA	1	1	VAIDYABHĀSHYA
Flora indica or description of Indian Plants	1	1	Flora indica or description of Indian Plants
MĀNAVAKALPASŪTRA	1	1	MĀNAVAKALPASŪTRA
Proceedings of the Asiatic Society of Bengal	1	1	Proceedings of the Asiatic Society of Bengal
ĀRAṆYAKA zum SV	1	1	ĀRAṆYAKA zum SV
ĀTMOPANISHAD	1	1	ĀTMOPANISHAD
PIṆḌOPANISHAD	1	1	PIṆḌOPANISHAD
MĀDHAVA'S KĀLANIRṆAYA	1	1	MĀDHAVA'S KĀLANIRṆAYA
KĀTYĀYANA'S DHARMAŚĀSTRA	1	1	KĀTYĀYANA'S DHARMAŚĀSTRA
Beiträge zur Kunde der indogermanischen Sprachen	1	1	Beiträge zur Kunde der indogermanischen Sprachen
HANUMADUKTARĀMOPANISHAD	1	1	HANUMADUKTARĀMOPANISHAD
ŚĀNTIŚATŚATAKA in HAEBERLIN'S Anthologie	1	1	ŚĀNTIŚATŚATAKA in HAEBERLIN'S Anthologie
LANGLOIS' Uebersetzung des Harivam~śa	1	1	LANGLOIS' Uebersetzung des Harivam~śa
A legend from the TALAVAKĀRA or YAIMINIYA BRĀHMAṆA of the SĀMAVEDA by A	1	1	A legend from the TALAVAKĀRA or YAIMINIYA BRĀHMAṆA of the SĀMAVEDA by A
WILSON	1	1	WILSON
GĀRUḌOPANISHAD	1	1	GĀRUḌOPANISHAD
LASSEN'S Indische Alterthunmskunde	1	1	LASSEN'S Indische Alterthunmskunde
SOMAKARMAPRADIPA des RĀMA	1	1	SOMAKARMAPRADIPA des RĀMA
HAEBERLIN'S Anthology	1	1	HAEBERLIN'S Anthology
PIṆḌAPITṚYAYNA	1	1	PIṆḌAPITṚYAYNA
KAṆṬHAŚRUTYUPANISHAD	1	1	KAṆṬHAŚRUTYUPANISHAD
Monatsbericht der Königlich Preussischen Akademie der Wissenschaften zu Berlin	1	1	Monatsbericht der Königlich Preussischen Akademie der Wissenschaften zu Berlin
KĀLIDĀSA'S VIKRAMORVAŚIYAM	1	1	KĀLIDĀSA'S VIKRAMORVAŚIYAM
VEDAPURĀṆA	1	1	VEDAPURĀṆA
CATURBHUJA	1	1	CATURBHUJA
BRAHMOPANIṢAD	1	1	BRAHMOPANIṢAD
Jacob Grimm	1	1	Jacob Grimm
NĀNĀRTHAKOṢA	1	1	NĀNĀRTHAKOṢA
ANUPADASŪTRA	1	1	ANUPADASŪTRA
NIDĀNASŪTRA	1	1	NIDĀNASŪTRA
KOSEGARTEN	1	1	KOSEGARTEN
DATTAKAMĪMĀM̃SĀ	1	1	DATTAKAMĪMĀM̃SĀ
RĀMATARKAVĀGĪŚA	1	1	RĀMATARKAVĀGĪŚA
VYUTP	1	1	VYUTP
SADDHARMALAṄKĀVATĀRA	1	1	SADDHARMALAṄKĀVATĀRA
Name of the author of a commentary on the uṇādi-sūtras	1	1	Name of the author of a commentary on the uṇādi-sūtras
ANEKĀRTHADHVANIMAÑJARĪ	1	1	ANEKĀRTHADHVANIMAÑJARĪ
PATAÑJALI'S YOGAŚĀSTRA	1	1	PATAÑJALI'S YOGAŚĀSTRA
ŚRĪDHARASVĀMIN	1	1	ŚRĪDHARASVĀMIN
SĀMAVEDA padapĀṭha ? [Cologne Addition]	1	1	SĀMAVEDA padapĀṭha ? [Cologne Addition]
Tibetische Lebensbeschreibung Śākyamuni's	1	1	Tibetische Lebensbeschreibung Śākyamuni's
ŚRĀDDHAVIVEKA	1	1	ŚRĀDDHAVIVEKA
LALITAMĀDHAVA	1	1	LALITAMĀDHAVA
PARAMAHAM̃SOPANIṢAD	1	1	PARAMAHAM̃SOPANIṢAD
RĀJATARAṄGIṆĪ ? [Cologne Addition]	1	1	RĀJATARAṄGIṆĪ ? [Cologne Addition]
VIVĀDĀRṆAVASETU	1	1	VIVĀDĀRṆAVASETU
PATHYĀPATHYAVIVEKA	1	1	PATHYĀPATHYAVIVEKA
? Bernard Germain de Lacépède	1	1	? Bernard Germain de Lacépède
KṢURIKOPANIṢAD	1	1	KṢURIKOPANIṢAD
? Lithuanian Grammar	1	1	? Lithuanian Grammar
Chefs-d'oeuvre du théatre indien	1	1	Chefs-d'oeuvre du théatre indien
RĀMĀYAṆA Śrīr	1	1	RĀMĀYAṆA Śrīr
DURGĀRCĀTATTVA	1	1	DURGĀRCĀTATTVA
MĀYĀTANTRA	1	1	MĀYĀTANTRA
Ѳ	1	1	Ѳ
BUDDHOKTASAM̃SĀRĀMAYA	1	1	BUDDHOKTASAM̃SĀRĀMAYA
(print error for ĀŚV. GṚHY. ?) [Cologne Addition]	1	1	(print error for ĀŚV. GṚHY. ?) [Cologne Addition]
VAJRĀSANASĀDHANAMĀLĀ	1	1	VAJRĀSANASĀDHANAMĀLĀ
KALPADRUMĀVADĀNA	1	1	KALPADRUMĀVADĀNA
VĪRAMITRODAYA ? [Cologne Addition]	1	1	VĪRAMITRODAYA ? [Cologne Addition]
KRIYĀSAMUCCAYA	1	1	KRIYĀSAMUCCAYA
? [Cologne Addition] xs	1	1	? [Cologne Addition] xs
RATNĀVADĀNAMĀLĀ	1	1	RATNĀVADĀNAMĀLĀ
= ? VARĀH	1	1	= ? VARĀH
Grundzüge der griechischen etymologie	1	1	Grundzüge der griechischen etymologie
KULLŪKABHAṬṬA	1	1	KULLŪKABHAṬṬA
GADĀDHARA= ? [Cologne Addition]	1	1	GADĀDHARA= ? [Cologne Addition]
VṚDDHABṚHASPATI ? [Cologne Addition]	1	1	VṚDDHABṚHASPATI ? [Cologne Addition]
NĀNĀRTHARATNAM ? [Cologne Addition]	1	1	NĀNĀRTHARATNAM ? [Cologne Addition]
TROYER ? [Cologne Addition]	1	1	TROYER ? [Cologne Addition]
ŚABDAKAUSTUBHA ? [Cologne Addition]	1	1	ŚABDAKAUSTUBHA ? [Cologne Addition]
VAṂŚABRĀHMAṆA ? [Cologne Addition]	1	1	VAṂŚABRĀHMAṆA ? [Cologne Addition]
BHAVADEVA BHAṬṬA ? [Cologne Addition]	1	1	BHAVADEVA BHAṬṬA ? [Cologne Addition]
Golādhyāya part of Siddhānta Śiromaṇi	1	1	Golādhyāya part of Siddhānta Śiromaṇi
VIŚVALOCANA= ? [Cologne Addition]	1	1	VIŚVALOCANA= ? [Cologne Addition]
И	1	1	И
MACK	1	1	MACK
BṚHADDHARMAPURĀṆA [Cologne addition]	1	1	BṚHADDHARMAPURĀṆA [Cologne addition]
MADANAVINODA ? [Cologne Addition]	1	1	MADANAVINODA ? [Cologne Addition]
ŚATAPATHABRĀHMAṆA ? [Cologne Addition]	1	1	ŚATAPATHABRĀHMAṆA ? [Cologne Addition]
Hortus suburbanus Calcuttensis	1	1	Hortus suburbanus Calcuttensis
Indische streifen	1	1	Indische streifen
AMṚTANĀDOPANIṢAD ? [Cologne Addition]	1	1	AMṚTANĀDOPANIṢAD ? [Cologne Addition]
TĀṆḌYABRĀHMAṆA ? [Cologne Addition]	1	1	TĀṆḌYABRĀHMAṆA ? [Cologne Addition]
