dict	raw_key	count
ap90	Subhāṣ.	187
ap90	Ait. Br.	37
ap90	Kāty.	27
ap90	Nārada.	21
ap90	7	19
ap90	3	18
ap90	67	16
ap90	25	16
ap90	46	15
ap90	52	14
ap90	36	14
ap90	5	14
ap90	7.	14
ap90	Bṛ. Ār. Up.	13
ap90	Śaṅkara	13
ap90	6	13
ap90	12	13
ap90	4	13
ap90	58	13
ap90	62	13
ap90	84	12
ap90	10	12
ap90	43	12
ap90	70	12
ap90	37	12
ap90	47	11
ap90	5.	11
ap90	11	11
ap90	31	11
ap90	61.	11
ap90	41	11
ap90	54	11
ap90	59.	11
ap90	18	11
ap90	13	11
ap90	27	11
ap90	Jag.	11
ap90	69	11
ap90	9.	10
ap90	81	10
ben	Berl. Monatsb.	56
ben	Journ. of the German Oriental 	20
ben	Brahmav.	8
ben	Viṣṇu P.	7
ben	Bhāg.	6
ben	Berol.	6
ben	Kāśīkh.	5
ben	Skandap., Kāśīkh.	4
ben	VP.	4
ben	Somad. Nal.	3
ben	Daśarūp.	3
ben	Pāraskara Gṛ. S.	3
ben	Chānd. Up.	2
ben	Monatsb. d. Berl. Ak. d. Wiss.	2
ben	Mān.	2
ben	Śrutab.	2
ben	Haeb. Anth.	2
ben	Sūryas.	2
ben	Rāmatap. Up.	2
ben	Bṛhaspati	2
ben	Hind. Th.	2
ben	Stenzler	2
ben	Spec. of the Theatre of the Hi	2
ben	Hemac.	2
ben	Kos.	2
ben	M.	1
ben	Śukasapt.	1
ben	Bṛh. Ār. Up.	1
ben	Fausböll, Dhammap.	1
ben	Ait. Br.	1
ben	Ghaṭak.	1
ben	Monatsber. der Berliner Ak. Hi	1
ben	Uttararāmac.	1
ben	Jaṭādh.	1
ben	Monatsber. Berl. Ak. Hist. Phi	1
ben	Monatsb. d. Berl. Ak. Hist. Ph	1
ben	Monatsb. Berl. Ak. Hist. Phil.	1
ben	Vetālapañcav.	1
ben	Kūmar.	1
ben	Hindu Dr.	1
bhs	Senart	1562
bhs	Mironov	434
bhs	pw	372
bhs	Lefm.	310
bhs	WT	170
bhs	Kashgar rec.	167
bhs	Foucaux	134
bhs	Burnouf	131
bhs	Dbh.g.	128
bhs	Schmidt, Nachträge	117
bhs	Kern	115
bhs	Lévi	105
bhs	Suzuki	90
bhs	KN	89
bhs	Speyer	87
bhs	Bendall and Rouse	79
bhs	Senartʼs note	68
bhs	Vism.	52
bhs	Pischel	50
bhs	Weller	45
bhs	LVa	40
bhs	Nobel	39
bhs	Dh.	38
bhs	Transl.	35
bhs	Geiger	35
bhs	Léviʼs note	34
bhs	LVb	34
bhs	Bendall	30
bhs	Finot	30
bhs	Wogihara, Lex.	28
bhs	Miln.	26
bhs	Lévi, Sūtrāl.	23
bhs	LaV-P.	23
bhs	Suzuki, Studies	22
bhs	Feer	20
bhs	Wogihara	18
bhs	Hoernle MR	18
bhs	Buddhacarita	17
bhs	Régamey	16
bhs	Thomas ap. Hoernle MR	16
lrv	Cāṇakya.	23
lrv	Śankara.	8
lrv	Kāśikā.	7
lrv	Sank.K.	7
lrv	Bṛhaspati.	5
lrv	Chandrāloka.	5
lrv	Mahimastotra.	4
lrv	Suśruta.	4
lrv	Śikshā.	4
lrv	Govardhana	4
lrv	Silhaṇa.	3
lrv	D.B.	3
lrv	Suśruta	3
lrv	Āpastamba.	2
lrv	Daksha.	2
lrv	Rv.	2
lrv	Pr.Bh.	2
lrv	Vasiṣṭha.	2
lrv	D.Bh.	2
lrv	Parāśara	2
lrv	Śrīharsha.	2
lrv	Uśanas.	2
lrv	Murāri.	2
lrv	Vidagdhamukhamaṇḍana.	2
lrv	Māgha	2
lrv	Medhātithi	2
lrv	Līlāvatī	2
lrv	Uśanas	2
lrv	Kātyāyana	2
lrv	Nāgojībhaṭṭa.	2
lrv	Patanjali	2
lrv	Pakshadhara.	1
lrv	Gautama.	1
lrv	Mammata.	1
lrv	Sar.S.	1
lrv	Vis.P.	1
lrv	Kumārila.	1
lrv	Śabara.	1
lrv	Mādhavanidāna.	1
lrv	Halāyudha.	1
md	XX, 14-16	1
md	TB. (II, vi, 6, 3)	1
md	Kirātārjunīya XV, 52	1
md	Bṛhaddevatā	1
md	Kirātārjunīya XV, 16	1
md	Kirātārjunīya XV, 25	1
md	Śisupāla-vadha XIX, 40	1
md	Kathāsaritsāgara 70, 59	1
md	Vāsav., 🞄Bibl. Ind., 296, 4	1
md	Manu VIII, 325	1
md	Meghadūta 90	1
mw	MBh.	22990
mw	R.	9049
mw	W.	8285
mw	BhP.	6979
mw	Kathās.	5926
mw	MW.	5710
mw	Suśr.	5690
mw	ŚBr.	5493
mw	Hariv.	5229
mw	AV.	4971
mw	Kāv.	4662
mw	VarBṛS.	2958
mw	Rājat.	2837
mw	TS.	2663
mw	Pañcat.	2423
mw	VS.	2300
mw	KātyŚr.	2291
mw	VP.	1980
mw	Ragh.	1926
mw	Kāś.	1736
mw	Pat.	1630
mw	Sāh.	1604
mw	MārkP.	1484
mw	Car.	1481
mw	Yājñ.	1400
mw	Hit.	1397
mw	AitBr.	1366
mw	Pur.	1281
mw	Bhpr.	1278
mw	Daś.	1186
mw	TBr.	1161
mw	Śiś.	1147
mw	Śak.	1134
mw	Hcat.	1126
mw	Kād.	1113
mw	Sarvad.	1053
mw	Kauś.	1043
mw	Var.	1039
mw	MaitrS.	952
mw	Gal.	943
pw	OPP. CAT. 1	1727
pw	ebend.	489
pw	ĀRṢ. BR.	418
pw	NĪLAK.	291
pw	PAÑCAD.	282
pw	OPP. Cat. 1	272
pw	BHĀG. P.	148
pw	Nachtr. 5	101
pw	Nachtr. 3	99
pw	ŚAT. BR.	97
pw	CARAKA. 1,27	96
pw	CARAKA. 3,8	82
pw	AUFRECHT	82
pw	Nachtr. 4	81
pw	Nachtr. 1	79
pw	Nachtr. 2	77
pw	Nachtr. 6	73
pw	MAHĪDH.	64
pw	CARAKA. 6,18	59
pw	Comm. zu TS. PRĀT.	58
pw	VP.²	53
pw	HALL	52
pw	11	49
pw	CARAKA. 6,3	47
pw	6	46
pw	12	42
pw	CARAKA. 6,23	41
pw	AUFRECHT.	41
pw	Padap.	40
pw	CARAKA. 6,2	40
pw	26	39
pw	CARAKA. 6,24	39
pw	20	38
pw	5	38
pw	CARAKA. 1,15	37
pw	17	36
pw	7	36
pw	Ind. St. 15	36
pw	CARAKA. 6,1	36
pw	22	35
pwg	ebend.	1380
pwg	5	930
pwg	6	874
pwg	8	853
pwg	9	853
pwg	7	834
pwg	10	806
pwg	4	801
pwg	3	786
pwg	2	750
pwg	11	696
pwg	14	679
pwg	12	643
pwg	18	619
pwg	13	615
pwg	17	608
pwg	15	606
pwg	16	593
pwg	19	568
pwg	20	561
pwg	21	485
pwg	22	424
pwg	23	364
pwg	24	351
pwg	25	344
pwg	26	331
pwg	27	317
pwg	29	290
pwg	33	277
pwg	28	276
pwg	30	266
pwg	36	263
pwg	32	249
pwg	31	248
pwg	34	239
pwg	39	237
pwg	37	236
pwg	41	230
pwg	35	228
pwg	42	226
